_id,conversation_number,source_object_id,classification.categorization,classification.intent,classification.topic,classification.sentiment,messages,tweets[0].tweet_id,tweets[1].tweet_id,tweets[2].tweet_id,tweets[3].tweet_id,tweets[4].tweet_id,tweets[5].tweet_id,tweets[6].tweet_id,tweets[7].tweet_id,tweets[8].tweet_id,tweets[9].tweet_id,tweets[10].tweet_id,tweets[11].tweet_id,tweets[12].tweet_id,tweets[13].tweet_id,tweets[14].tweet_id,tweets[15].tweet_id,tweets[16].tweet_id,tweets[17].tweet_id,tweets[18].tweet_id,tweets[19].tweet_id,tweets[0].author_id,tweets[1].author_id,tweets[2].author_id,tweets[3].author_id,tweets[4].author_id,tweets[5].author_id,tweets[6].author_id,tweets[7].author_id,tweets[8].author_id,tweets[9].author_id,tweets[10].author_id,tweets[11].author_id,tweets[12].author_id,tweets[13].author_id,tweets[14].author_id,tweets[15].author_id,tweets[16].author_id,tweets[17].author_id,tweets[18].author_id,tweets[19].author_id,tweets[0].role,tweets[1].role,tweets[2].role,tweets[3].role,tweets[4].role,tweets[5].role,tweets[6].role,tweets[7].role,tweets[8].role,tweets[9].role,tweets[10].role,tweets[11].role,tweets[12].role,tweets[13].role,tweets[14].role,tweets[15].role,tweets[16].role,tweets[17].role,tweets[18].role,tweets[19].role,tweets[0].inbound,tweets[1].inbound,tweets[2].inbound,tweets[3].inbound,tweets[4].inbound,tweets[5].inbound,tweets[6].inbound,tweets[7].inbound,tweets[8].inbound,tweets[9].inbound,tweets[10].inbound,tweets[11].inbound,tweets[12].inbound,tweets[13].inbound,tweets[14].inbound,tweets[15].inbound,tweets[16].inbound,tweets[17].inbound,tweets[18].inbound,tweets[19].inbound,tweets[0].created_at,tweets[1].created_at,tweets[2].created_at,tweets[3].created_at,tweets[4].created_at,tweets[5].created_at,tweets[6].created_at,tweets[7].created_at,tweets[8].created_at,tweets[9].created_at,tweets[10].created_at,tweets[11].created_at,tweets[12].created_at,tweets[13].created_at,tweets[14].created_at,tweets[15].created_at,tweets[16].created_at,tweets[17].created_at,tweets[18].created_at,tweets[19].created_at,tweets[0].text,tweets[1].text,tweets[2].text,tweets[3].text,tweets[4].text,tweets[5].text,tweets[6].text,tweets[7].text,tweets[8].text,tweets[9].text,tweets[10].text,tweets[11].text,tweets[12].text,tweets[13].text,tweets[14].text,tweets[15].text,tweets[16].text,tweets[17].text,tweets[18].text,tweets[19].text,processed_at,processing_metadata.batch_job_id,processing_metadata.processing_attempts
68d6e79b9223eaadb047c5f4,130,68ce563252b33355379dfac6,Feedback regarding General,Feedback,General,Positive,,29605,29604,,,,,,,,,,,,,,,,,,,122504,Delta,,,,,,,,,,,,,,,,,,,Customer,Service Provider,,,,,,,,,,,,,,,,,,,true,false,,,,,,,,,,,,,,,,,,,Wed Nov 01 11:13:09 +0000 2017,Wed Nov 01 11:14:52 +0000 2017,,,,,,,,,,,,,,,,,,,"I forgot to give big credit to @Delta yesterday for not one, but TWO early arrivals! Put that in your @1821 sentiment tracker. 👍",@122504 Thanks for the shout out and thanks for flying Delta. 😊 *TDH,,,,,,,,,,,,,,,,,,,2025-09-26T19:20:59.025Z,job_20250926_192002,2
68d6e7af9223eaadb047c5f5,142,68ce563252b33355379dfad2,Feedback regarding Travel Experience,Feedback,Travel Experience,Positive,,32075,32074,32073,32072,,,,,,,,,,,,,,,,,123094,Delta,123094,Delta,,,,,,,,,,,,,,,,,Customer,Service Provider,Customer,Service Provider,,,,,,,,,,,,,,,,,true,false,true,false,,,,,,,,,,,,,,,,,Wed Nov 01 12:39:08 +0000 2017,Wed Nov 01 12:40:08 +0000 2017,Wed Nov 01 12:41:49 +0000 2017,Wed Nov 01 12:42:37 +0000 2017,,,,,,,,,,,,,,,,,Good Morning @Delta lovely view here at Atlanta Airport waiting for my final flight to Guatemala Airport can’t wait for family time x https://t.co/7kcfZBipWj,@123094 Rachel. Thanks for sharing the pic. Enjoy you travels and your family! *ALY,@Delta It’s me that needs to Thank Team Heathrow Delta without there support I would not be here massive thanks to all,@123094 You are welcome and thank you for flying Delta.  *TDH,,,,,,,,,,,,,,,,,2025-09-26T19:21:19.486Z,job_20250926_192002,2
68d6e7c09223eaadb047c5f6,144,68ce563252b33355379dfad4,Complaint regarding Technical Support,Complaint,Technical Support,Negative,,32081,32080,,,,,,,,,,,,,,,,,,,123096,Delta,,,,,,,,,,,,,,,,,,,Customer,Service Provider,,,,,,,,,,,,,,,,,,,true,false,,,,,,,,,,,,,,,,,,,Wed Nov 01 12:32:16 +0000 2017,Wed Nov 01 12:33:29 +0000 2017,,,,,,,,,,,,,,,,,,,@DELTA you are THE WORST at checking in people at Portland airport!  You need to look at Alaska for bag check. Seriously. Get it together!!!,"@123096 Hi, Dena. I apologize for your experience this morning. We appreciate the feedback. *TJF",,,,,,,,,,,,,,,,,,,2025-09-26T19:21:36.310Z,job_20250926_192002,2
68d6e7cd9223eaadb047c5f7,150,68ce563252b33355379dfada,Order Status regarding Travel,Order Status,Travel,Neutral,,33442,33441,,,,,,,,,,,,,,,,,,,123399,Delta,,,,,,,,,,,,,,,,,,,Customer,Service Provider,,,,,,,,,,,,,,,,,,,true,false,,,,,,,,,,,,,,,,,,,Wed Nov 01 13:07:58 +0000 2017,Wed Nov 01 13:09:52 +0000 2017,,,,,,,,,,,,,,,,,,,"Waiting to board @delta 2072, Minneapolis here I come.","@123399 Hi Dan, have a wonderful time in Minneapolis. Thank you for flying with Delta today! *TJW",,,,,,,,,,,,,,,,,,,2025-09-26T19:21:49.407Z,job_20250926_192002,2
68d6e7e09223eaadb047c5f8,156,68ce563252b33355379dfae0,Complaint regarding Travel/Transportation,Complaint,Travel/Transportation,Negative,,35393,35391,35392,,,,,,,,,,,,,,,,,,123721,Delta,123721,,,,,,,,,,,,,,,,,,Customer,Service Provider,Customer,,,,,,,,,,,,,,,,,,true,false,true,,,,,,,,,,,,,,,,,,Wed Nov 01 13:16:38 +0000 2017,Wed Nov 01 13:38:35 +0000 2017,Wed Nov 01 13:42:44 +0000 2017,,,,,,,,,,,,,,,,,,So @Delta remind me why I should make you my primary airline when once again I’m turned away from the lounge at @116147 as platinum?,@123721 Hi Lauren. SkyClub access requires a membership.  *AMR,"@Delta *AMR I am a platinum medallion member, with any other airline I would be granted access to the lounge",,,,,,,,,,,,,,,,,,2025-09-26T19:22:08.424Z,job_20250926_192002,2
68d6e7f09223eaadb047c5f9,158,68ce563252b33355379dfae2,Order Status regarding Shipping/Delivery,Order Status,Shipping/Delivery,Neutral,,36753,36752,,,,,,,,,,,,,,,,,,,124018,Delta,,,,,,,,,,,,,,,,,,,Customer,Service Provider,,,,,,,,,,,,,,,,,,,true,false,,,,,,,,,,,,,,,,,,,Wed Nov 01 13:56:08 +0000 2017,Wed Nov 01 14:00:28 +0000 2017,,,,,,,,,,,,,,,,,,,Hey @Delta when is DL9933 actually leaving TLS?,@124018 I wish to express my sincere apology for the delay Jeffrey. The flight will be departing at 3:15pm. *ALS,,,,,,,,,,,,,,,,,,,2025-09-26T19:22:24.451Z,job_20250926_192002,2
68d6e8029223eaadb047c5fa,171,68ce563252b33355379dfaef,Technical Support regarding Travel,Technical Support,Travel,Negative,,40944,40945,,,,,,,,,,,,,,,,,,,124972,Delta,,,,,,,,,,,,,,,,,,,Customer,Service Provider,,,,,,,,,,,,,,,,,,,true,false,,,,,,,,,,,,,,,,,,,Wed Nov 01 15:15:33 +0000 2017,Wed Nov 01 16:49:48 +0000 2017,,,,,,,,,,,,,,,,,,,@SouthwestAir 3 1/2 flight and no WiFi? BHam to Vegas. Next time tell the passengers while in the terminal. Glad I picked you guys over @Delta NOT https://t.co/iyKnG9ulzj,@124972 We're always glad to be your ride! ✈ *TJP,,,,,,,,,,,,,,,,,,,2025-09-26T19:22:42.293Z,job_20250926_192002,2
68d6e8149223eaadb047c5fb,179,68ce563252b33355379dfaf7,Technical Support regarding Travel,Technical Support,Travel,Negative,,44480,44479,,,,,,,,,,,,,,,,,,,125867,Delta,,,,,,,,,,,,,,,,,,,Customer,Service Provider,,,,,,,,,,,,,,,,,,,true,false,,,,,,,,,,,,,,,,,,,Sun Nov 26 00:45:30 +0000 2017,Sun Nov 26 00:56:30 +0000 2017,,,,,,,,,,,,,,,,,,,Another epic fail by @Delta - no one working special services definitely gonna miss meeting my daughters flight....#hiresomepeople,"@125867 Hi, Lisa. We definitely don't want you to miss your flight. Please share your confirmation number via the link below for review. *AFN https://t.co/6iDGBJAc2m",,,,,,,,,,,,,,,,,,,2025-09-26T19:23:00.746Z,job_20250926_192002,2
68d6e8239223eaadb047c5fc,185,68ce563252b33355379dfafd,Complaint regarding Product Info,Complaint,Product Info,Negative,,44700,44699,,,,,,,,,,,,,,,,,,,125924,Delta,,,,,,,,,,,,,,,,,,,Customer,Service Provider,,,,,,,,,,,,,,,,,,,true,false,,,,,,,,,,,,,,,,,,,Wed Nov 01 14:26:59 +0000 2017,Wed Nov 01 16:23:18 +0000 2017,,,,,,,,,,,,,,,,,,,Hope the real pretzels on @delta are back for good. The gluten free ones tasted like saw dust!,@125924 ...you.  *HAN 2/2,,,,,,,,,,,,,,,,,,,2025-09-26T19:23:15.190Z,job_20250926_192002,2
68d6e8469223eaadb047c5fd,187,68ce563252b33355379dfaff,Product Inquiry regarding Account/Billing,Product Inquiry,Account/Billing,Neutral,,45759,45757,45758,45760,45761,,,,,,,,,,,,,,,,126144,Delta,126144,Delta,126144,,,,,,,,,,,,,,,,Customer,Service Provider,Customer,Service Provider,Customer,,,,,,,,,,,,,,,,true,false,true,false,true,,,,,,,,,,,,,,,,Wed Nov 01 14:56:39 +0000 2017,Wed Nov 01 16:43:01 +0000 2017,Wed Nov 01 16:44:10 +0000 2017,Wed Nov 01 17:08:53 +0000 2017,Wed Nov 01 17:31:41 +0000 2017,,,,,,,,,,,,,,,,Where did all my #HOOU vouchers on my @Delta @824 app go? Haven't used any... but have all vanished,"@126144 Hi, Alex, I do not see any outstanding vouchers on your SkyMiles account. I only show an upcoming trip in December. *TRR",@Delta As I said before they were there before but have now vanished. I had four in total and haven't used any,"@126144 If you have the voucher numbers, I'll be happy to check them for you. There are none showing attached to your SkyMiles account. *TMS",@Delta Do people actually write down their voucher numbers when it's supposed to be safe in the app? Thank you anyway,,,,,,,,,,,,,,,,2025-09-26T19:23:50.767Z,job_20250926_192002,2
68d6e913d8bf2603587f49f6,199,68ce563252b33355379dfb0b, regarding ,,,,,46677,46676,,,,,,,,,,,,,,,,,,,126377,Delta,,,,,,,,,,,,,,,,,,,Customer,Service Provider,,,,,,,,,,,,,,,,,,,true,false,,,,,,,,,,,,,,,,,,,Wed Nov 01 15:42:23 +0000 2017,Wed Nov 01 16:54:09 +0000 2017,,,,,,,,,,,,,,,,,,,Our friends at @Delta volunteer to teach kids from PS 330Q the importance of fine arts with a trip to the @2609. #deltagreatergood https://t.co/MswEdr44ij,@126377 Thank you for the shout out and the photo!  *TJF,,,,,,,,,,,,,,,,,,,2025-09-26T19:27:15.597Z,job_20250926_192701,2
68d6e929d8bf2603587f49f7,195,68ce563252b33355379dfb07,Order Status regarding Travel/Transportation,Order Status,Travel/Transportation,Neutral,,46667,46665,46663,46664,46666,,,,,,,,,,,,,,,,126373,126373,Delta,126373,Delta,,,,,,,,,,,,,,,,Customer,Customer,Service Provider,Customer,Service Provider,,,,,,,,,,,,,,,,true,true,false,true,false,,,,,,,,,,,,,,,,Wed Nov 01 15:55:02 +0000 2017,Wed Nov 01 16:22:50 +0000 2017,Wed Nov 01 16:59:19 +0000 2017,Wed Nov 01 16:59:46 +0000 2017,Wed Nov 01 17:09:12 +0000 2017,,,,,,,,,,,,,,,,@Delta Hi! I have a 5:30am flight out of YUL tomorrow and require check-in at the desk. When does the Delta desk open that YUL airport?,"@Delta Any info on this? If the counter isn't open by 4:30am, I'll probably miss my flight :(",@126373 Hello. The counter opens at 3:30am.  *TMS,@Delta Thank you so much!!,@126373 It is my pleasure. Have a wonderful day! *TMS,,,,,,,,,,,,,,,,2025-09-26T19:27:37.677Z,job_20250926_192701,2
68d6e937d8bf2603587f49f8,193,68ce563252b33355379dfb05,Complaint regarding Technical Support,Complaint,Technical Support,Negative,,45778,45777,,,,,,,,,,,,,,,,,,,126150,Delta,,,,,,,,,,,,,,,,,,,Customer,Service Provider,,,,,,,,,,,,,,,,,,,true,false,,,,,,,,,,,,,,,,,,,Wed Nov 01 14:36:43 +0000 2017,Wed Nov 01 16:33:19 +0000 2017,,,,,,,,,,,,,,,,,,,@Delta Don’t be condescending when asking passengers if they can speak English.,"@126150 My apologies, Melissa. We expect our team to be kind and courteous at all times.  *AAB",,,,,,,,,,,,,,,,,,,2025-09-26T19:27:51.508Z,job_20250926_192701,2
68d6e946d8bf2603587f49f9,194,68ce563252b33355379dfb06,Other regarding General,Other,General,Neutral,,45782,45780,45781,45783,,,,,,,,,,,,,,,,,126151,Delta,126151,Delta,,,,,,,,,,,,,,,,,Customer,Service Provider,Customer,Service Provider,,,,,,,,,,,,,,,,,true,false,true,false,,,,,,,,,,,,,,,,,Wed Nov 01 14:37:40 +0000 2017,Wed Nov 01 16:33:00 +0000 2017,Thu Nov 02 19:20:09 +0000 2017,Thu Nov 02 19:30:49 +0000 2017,,,,,,,,,,,,,,,,,@Delta Does not the FAA require reporting and clean up of spilled fuel????,"@126151 Hello, Carolina! How may I assist you? *TCC",@Delta That's not an answer to the question.,"@126151 Carolina, can you DM details?  *HMB",,,,,,,,,,,,,,,,,2025-09-26T19:28:06.938Z,job_20250926_192701,2
68d6e959d8bf2603587f49fa,201,68ce563252b33355379dfb0d,Technical Support regarding Booking/Reservation,Technical Support,Booking/Reservation,Negative,,46686,46685,,,,,,,,,,,,,,,,,,,126380,Delta,,,,,,,,,,,,,,,,,,,Customer,Service Provider,,,,,,,,,,,,,,,,,,,true,false,,,,,,,,,,,,,,,,,,,Wed Nov 01 15:39:10 +0000 2017,Wed Nov 01 16:53:07 +0000 2017,,,,,,,,,,,,,,,,,,,@Delta why can’t you honor a price in cart? Had a flight set to buy and price changes when I click ‘complete’. No online seller does this,"@126380 Hello, Russell! I apologize for the problem with online booking.  If you would like to DM the dates. I will try to assist. *TCC",,,,,,,,,,,,,,,,,,,2025-09-26T19:28:25.822Z,job_20250926_192701,2
68d6ea04f7b4b33061722350,210,68ce563252b33355379dfb16,Feedback regarding General,Feedback,General,Positive,,48601,48600,,,,,,,,,,,,,,,,,,,126827,Delta,,,,,,,,,,,,,,,,,,,Customer,Service Provider,,,,,,,,,,,,,,,,,,,true,false,,,,,,,,,,,,,,,,,,,Wed Nov 01 17:07:42 +0000 2017,Wed Nov 01 17:12:58 +0000 2017,,,,,,,,,,,,,,,,,,,@delta Incredible #service from your res agents and gate 38 in SAN today! #greatservice #cx #Customer,"@126827 Hi, Erik! Thank you for the feedback for the incredible service you received today at SAN. We appreciate your loyalty. *AJL",,,,,,,,,,,,,,,,,,,2025-09-26T19:31:16.960Z,job_20250926_193101,2
68d6ea29f7b4b33061722351,211,68ce563252b33355379dfb17,Complaint regarding Technical Support,Complaint,Technical Support,Negative,,48604,48602,48603,48605,48606,48607,,,,,,,,,,,,,,,126828,Delta,126828,Delta,126828,Delta,,,,,,,,,,,,,,,Customer,Service Provider,Customer,Service Provider,Customer,Service Provider,,,,,,,,,,,,,,,true,false,true,false,true,false,,,,,,,,,,,,,,,Wed Nov 01 17:08:44 +0000 2017,Wed Nov 01 17:12:46 +0000 2017,Wed Nov 01 17:15:38 +0000 2017,Wed Nov 01 17:23:01 +0000 2017,Wed Nov 01 17:34:40 +0000 2017,Wed Nov 01 17:49:01 +0000 2017,,,,,,,,,,,,,,,@Delta @122828 I abhor having to line up in queue to board flights like some sort of cattle. Gate agents don’t enforce them anyway.,@126828 Hi Jill. Sorry to hear this. What is the flight number? *AMR,@Delta Right now it’s 2451. Not the first time the lines have been completely disregarded by those who think they’re too important to stand in them,"@126828 Jill, I am disappointed to hear this. Thank you for your feedback. I will share this with our airport leadership team for review.  *AJL",@Delta Thank you!!,@126828 Our pleasure. *ALS,,,,,,,,,,,,,,,2025-09-26T19:31:53.760Z,job_20250926_193101,2
68d6ea4ff7b4b33061722352,213,68ce563252b33355379dfb19,Complaint regarding Travel,Complaint,Travel,Negative,,48613,48611,48612,48614,,,,,,,,,,,,,,,,,126829,Delta,126829,Delta,,,,,,,,,,,,,,,,,Customer,Service Provider,Customer,Service Provider,,,,,,,,,,,,,,,,,true,false,true,false,,,,,,,,,,,,,,,,,Wed Nov 01 17:00:42 +0000 2017,Wed Nov 01 17:11:50 +0000 2017,Wed Nov 01 17:28:44 +0000 2017,Wed Nov 01 17:42:40 +0000 2017,,,,,,,,,,,,,,,,,It is no longer wheels up. It’s wheels off. Thanks for ripping the wheels off my suitcase @Delta. https://t.co/zZXqcKKDGd,@126829 Oh no. Were you able to stop by Baggage Office and submit a claim for this? My apologies for the issues.  *HRO,@Delta No. I wasn’t aware I could until after I walked out. I’ll be back at the airport tomorrow morning. Can I submit a claim then?,@126829 Sure you can or contact our Baggage Team today at (800) 325 8224  and they will be glad to assist you.  *HRO,,,,,,,,,,,,,,,,,2025-09-26T19:32:31.856Z,job_20250926_193101,2
68d6ea6ef7b4b33061722353,215,68ce563252b33355379dfb1b,Complaint regarding Technical Support,Complaint,Technical Support,Negative,,48620,48618,48619,48621,,,,,,,,,,,,,,,,,126830,Delta,126830,Delta,,,,,,,,,,,,,,,,,Customer,Service Provider,Customer,Service Provider,,,,,,,,,,,,,,,,,true,false,true,false,,,,,,,,,,,,,,,,,Wed Nov 01 17:00:27 +0000 2017,Wed Nov 01 17:10:27 +0000 2017,Wed Nov 01 19:45:57 +0000 2017,Wed Nov 01 21:12:10 +0000 2017,,,,,,,,,,,,,,,,,@Delta thanks to the passenger in front of me for telling the flight crewman he is out of line for reprimanding me.,@126830 ...under the seat or in the overhead bin.  *TCC 2/2,@Delta @delta refer 2 photos 2back up ur statement. As I Can see that wasn’t the case &amp; when asked ur crew: claimed they don’t have time for it.,"@126830 The flight crew needs to secure the cabin and verify all safety issues. Also, we have a take-off time that has to be maintained.  *TCC",,,,,,,,,,,,,,,,,2025-09-26T19:33:02.748Z,job_20250926_193101,2
68d6ea81f7b4b33061722354,219,68ce563252b33355379dfb1f,Feedback regarding General,Feedback,General,Positive,,48631,48630,,,,,,,,,,,,,,,,,,,126835,Delta,,,,,,,,,,,,,,,,,,,Customer,Service Provider,,,,,,,,,,,,,,,,,,,true,false,,,,,,,,,,,,,,,,,,,Wed Nov 01 16:48:00 +0000 2017,Wed Nov 01 17:07:42 +0000 2017,,,,,,,,,,,,,,,,,,,Thk u @Delta for my son’s 1st set of wings. He’s 9 &amp; has been flying since he was 5 &amp; has never gotten a pair until now you made his day,"@126835 Oh Wow! Yes, he should had them by now. Congratulations to him and thank you for sharing.  *HRO",,,,,,,,,,,,,,,,,,,2025-09-26T19:33:21.610Z,job_20250926_193101,2
68d6ea9af7b4b33061722355,220,68ce563252b33355379dfb20,Technical Support regarding Travel,Technical Support,Travel,Negative,,48634,48632,48633,48635,,,,,,,,,,,,,,,,,126836,Delta,126836,Delta,,,,,,,,,,,,,,,,,Customer,Service Provider,Customer,Service Provider,,,,,,,,,,,,,,,,,true,false,true,false,,,,,,,,,,,,,,,,,Wed Nov 01 16:43:00 +0000 2017,Wed Nov 01 17:07:22 +0000 2017,Wed Nov 01 17:23:47 +0000 2017,Wed Nov 01 17:27:20 +0000 2017,,,,,,,,,,,,,,,,,@Delta needs to get there act together. One issue after another trying to get to from HPN to MSY. #stopoverbookingeveryflight,"@126836 Hi, Stephanie. I'm sorry for any difficulties you are experiencing. How may I assist you?  *AJL",@Delta FINALLY boarding. Although it hasn't been pleasant. Bad experiences long ago. Decided to try delta again. Should have followed my gut.,@126836 I'm glad you are boarding the flight at this time. I hope the rest of your trip experience is better. Thank you for flying Delta.  *AJL,,,,,,,,,,,,,,,,,2025-09-26T19:33:46.601Z,job_20250926_193101,2
68d6eaaff7b4b33061722356,227,68ce563252b33355379dfb27,Feedback regarding General,Feedback,General,Positive,,48666,48664,48665,48667,,,,,,,,,,,,,,,,,126845,Delta,126845,Delta,,,,,,,,,,,,,,,,,Customer,Service Provider,Customer,Service Provider,,,,,,,,,,,,,,,,,true,false,true,false,,,,,,,,,,,,,,,,,Wed Nov 01 16:28:04 +0000 2017,Wed Nov 01 17:02:47 +0000 2017,Wed Nov 01 19:02:03 +0000 2017,Wed Nov 01 21:00:36 +0000 2017,,,,,,,,,,,,,,,,,Thank You Steven Hammock for taking my call prior to the long hold time! #customercareteamATL #greatservice #prompt @Delta,"@126845 Hi, Ace, I'm so happy to hear Steven took good care of you. I will forward your comments to his Leadership Team. *TRR",@Delta Thank You! He deserves it,@126845 You are welcome! Thank you for recognizing Steven.  *TJW,,,,,,,,,,,,,,,,,2025-09-26T19:34:07.026Z,job_20250926_193101,2
68d6eabbf7b4b33061722357,228,68ce563252b33355379dfb28,Technical Support regarding General,Technical Support,General,Neutral,,48669,48668,,,,,,,,,,,,,,,,,,,126846,Delta,,,,,,,,,,,,,,,,,,,Customer,Service Provider,,,,,,,,,,,,,,,,,,,true,false,,,,,,,,,,,,,,,,,,,Wed Nov 01 16:08:43 +0000 2017,Wed Nov 01 17:01:06 +0000 2017,,,,,,,,,,,,,,,,,,,@delta.com,@126846 Hello Robert. How may we assist you today? *TMS,,,,,,,,,,,,,,,,,,,2025-09-26T19:34:19.574Z,job_20250926_193101,2
68d6eacaf7b4b33061722358,230,68ce563252b33355379dfb2a,Product Inquiry regarding Travel,Product Inquiry,Travel,Positive,,48681,48680,,,,,,,,,,,,,,,,,,,126848,Delta,,,,,,,,,,,,,,,,,,,Customer,Service Provider,,,,,,,,,,,,,,,,,,,true,false,,,,,,,,,,,,,,,,,,,Wed Nov 01 16:07:10 +0000 2017,Wed Nov 01 17:00:50 +0000 2017,,,,,,,,,,,,,,,,,,,"I’m gonna start collecting flight pins, cause the little girl in the @Delta video did and she’s so happy. #KLM","@126848 Hello, Natasha! That would be a great way to show where you have been. *TCC",,,,,,,,,,,,,,,,,,,2025-09-26T19:34:34.946Z,job_20250926_193101,2
68d6eae0f7b4b33061722359,232,68ce563252b33355379dfb2c,Feedback regarding General,Feedback,General,Positive,,49179,49178,,,,,,,,,,,,,,,,,,,126988,Delta,,,,,,,,,,,,,,,,,,,Customer,Service Provider,,,,,,,,,,,,,,,,,,,true,false,,,,,,,,,,,,,,,,,,,Wed Nov 22 22:09:37 +0000 2017,Wed Nov 22 22:12:12 +0000 2017,,,,,,,,,,,,,,,,,,,Shoutout to the @Delta flight attendant who personally monitored my itinerary and even moved me to a seat closer to the front of the plane to make sure I made my connecting flight!!! 😭 #bestairline #willfightyouonthis,@126988 You are most welcome and way to go to our Flight Attendant!  Thank you for tweeting us today; we're always here ready to help whenever you need us. *AJZ,,,,,,,,,,,,,,,,,,,2025-09-26T19:34:56.206Z,job_20250926_193101,2
68d6eb1cf7b4b3306172235a,235,68ce563252b33355379dfb2f,Technical Support regarding Travel,Technical Support,Travel,Negative,,49262,49261,49260,49259,49258,49251,49249,49250,49252,49253,49254,49256,49257,,,,,,,,127009,127009,127009,127009,Delta,127009,Delta,127009,127009,127009,127009,127009,Delta,,,,,,,,Customer,Customer,Customer,Customer,Service Provider,Customer,Service Provider,Customer,Customer,Customer,Customer,Customer,Service Provider,,,,,,,,true,true,true,true,false,true,false,true,true,true,true,true,false,,,,,,,,Wed Nov 01 14:51:02 +0000 2017,Wed Nov 01 14:52:06 +0000 2017,Wed Nov 01 17:05:19 +0000 2017,Wed Nov 01 17:06:00 +0000 2017,Wed Nov 01 17:14:33 +0000 2017,Wed Nov 01 17:16:56 +0000 2017,Wed Nov 01 17:21:01 +0000 2017,Sun Nov 05 22:32:42 +0000 2017,Sun Nov 05 22:42:54 +0000 2017,Sun Nov 05 23:45:24 +0000 2017,Mon Nov 06 00:28:27 +0000 2017,Mon Nov 06 03:21:32 +0000 2017,Mon Nov 06 05:05:42 +0000 2017,,,,,,,,Feeling misled by the @Delta gate agent who said there were no more upgrades - it’s an open field of comfort plus seats.,"@Delta Despite the little white lie, I still love you @Delta and am glad you have the most comfortable economy seats in the game.",@Delta Kind of surprised by how surly the @Delta employees have been today. The flight attendants on my flight to Chicago are grumpy.,@Delta Maybe it’s because they’re stuck working out of Terminal A. I hope the move in December improves morale! I miss the southern charm from ATL.,"@127009 Hi, Caroline. I am sorry to hear of your experiences today. We expect our team to provide exemplary service at all times. *TJF",@Delta Maybe it’s an off day 🤷‍♀️. I’m hopeful everyone will be more cheerful Sunday when I fly home.,@127009 We look to better serve you going forward. We appreciate you and your feedback! *TJH,@Delta This return trip makes me long for the grumpy gate agents. Been bumped from 2 flights and nervous there won’t be a seat for me.,@Delta I’m not sure if it’s the unplanned 4 extra hours or extremely hot temps in the terminal but I feel like I’m stuck in hell,"@Delta Based off the 2 hour hold time for customer service, makes me think it’s a rough night for y’all.","@Delta Taking off soon, hope to hear from you when I land 😘",@Delta Still haven’t heard from you @Delta and getting worried. Boarding my second flight now. You up?,"@127009 Hi, Caroline. Please DM us your confirmation number for assistance.  *ALA https://t.co/6iDGBJAc2m",,,,,,,,2025-09-26T19:35:56.388Z,job_20250926_193101,2
68d6eb3af7b4b3306172235b,236,68ce563252b33355379dfb30,Complaint regarding Technical Support,Complaint,Technical Support,Negative,,49268,49266,49265,49264,,,,,,,,,,,,,,,,,127010,Delta,127010,Delta,,,,,,,,,,,,,,,,,Customer,Service Provider,Customer,Service Provider,,,,,,,,,,,,,,,,,true,false,true,false,,,,,,,,,,,,,,,,,Wed Nov 01 17:02:15 +0000 2017,Wed Nov 01 17:12:00 +0000 2017,Wed Nov 01 17:13:23 +0000 2017,Wed Nov 01 17:18:14 +0000 2017,,,,,,,,,,,,,,,,,"@Delta I was reminded today why I don't fly you. Gate change, late fly, no notification, missed meetings. Sorry they booked me to fly with u","@127010 Renee, I'm very sorry for the multiple service failures you have encountered. Pls, let us know if there is anything we can do to help.  *TJW",@Delta I have missed my meetings because we are late. You guys have to do better. I paid to upgrade my flight to first class and I am disappointed,"@127010 Please provide your confirmation number, and I will be happy to check into this for you.  *TMS https://t.co/6iDGBJAc2m",,,,,,,,,,,,,,,,,2025-09-26T19:36:26.188Z,job_20250926_193101,2
68d6eb4af7b4b3306172235c,239,68ce563252b33355379dfb33,Technical Support regarding Travel,Technical Support,Travel,Neutral,,50192,50191,,,,,,,,,,,,,,,,,,,127245,Delta,,,,,,,,,,,,,,,,,,,Customer,Service Provider,,,,,,,,,,,,,,,,,,,true,false,,,,,,,,,,,,,,,,,,,Wed Nov 01 17:29:08 +0000 2017,Wed Nov 01 17:41:42 +0000 2017,,,,,,,,,,,,,,,,,,,@Delta How likely am I to make my connection? Conf # HM6QYA. How long before departure time due the doors close?,"@127245 Hello, Stephen. Very sorry for the delay. You should be able to make your connection.  *ARD",,,,,,,,,,,,,,,,,,,2025-09-26T19:36:42.262Z,job_20250926_193101,2
68d6eb66f7b4b3306172235d,240,68ce563252b33355379dfb34,Order Status regarding Orders,Order Status,Orders,Neutral,,50197,50195,50196,50198,50199,50200,,,,,,,,,,,,,,,127246,Delta,127246,Delta,127246,Delta,,,,,,,,,,,,,,,Customer,Service Provider,Customer,Service Provider,Customer,Service Provider,,,,,,,,,,,,,,,true,false,true,false,true,false,,,,,,,,,,,,,,,Wed Nov 01 17:23:57 +0000 2017,Wed Nov 01 17:32:42 +0000 2017,Wed Nov 01 17:33:19 +0000 2017,Wed Nov 01 17:48:47 +0000 2017,Wed Nov 01 17:49:26 +0000 2017,Wed Nov 01 18:09:07 +0000 2017,,,,,,,,,,,,,,,"@delta Why am I getting - ""Uh-oh! We're sorry, but the award redemption level for the flights you  selected is no longer available. #100503A",@127246 Hi. I'm sorry this has happened. Fares are subject to availability and can change at any time prior to ticketing.  *AJL,@Delta The flight I’m trying to book has been listed on there for the past two days though,@127246 I am sorry for any inconvenience. *ALS,@Delta So... what does that mean though? Lol. Why would the flights still be listed on app and on the site.,"@127246 I'm sorry, I don't have a way to check previous available or unavailable fares via Twitter. *ALS",,,,,,,,,,,,,,,2025-09-26T19:37:10.974Z,job_20250926_193101,2
68d6eb7df7b4b3306172235e,248,68ce563252b33355379dfb3c,Product Inquiry regarding Food/Beverage,Product Inquiry,Food/Beverage,Neutral,,52355,52354,52353,52352,,,,,,,,,,,,,,,,,127777,Delta,127777,Delta,,,,,,,,,,,,,,,,,Customer,Service Provider,Customer,Service Provider,,,,,,,,,,,,,,,,,true,false,true,false,,,,,,,,,,,,,,,,,Wed Nov 01 17:54:18 +0000 2017,Wed Nov 01 17:56:21 +0000 2017,Wed Nov 01 17:57:46 +0000 2017,Wed Nov 01 18:27:52 +0000 2017,,,,,,,,,,,,,,,,,@Delta when are you guys bringing back good ole regular salted peanuts?  Really miss those.,@127777 Hi Jim. I really don't know if we will added the salted peanuts to our healthier snack choices. We appreciate the suggestion. *ALS,@Delta Not everyone needs to eat healthy on the plane. You still serve alcohol. Why not make it an option. Not everyone loves kale!,@127777 We certainly appreciate the feedback and I will forward this to our Management Team. *HRO,,,,,,,,,,,,,,,,,2025-09-26T19:37:33.326Z,job_20250926_193101,2
68d6eb94f7b4b3306172235f,257,68ce563252b33355379dfb45,Complaint regarding Travel/Transportation,Complaint,Travel/Transportation,Negative,,53741,53739,53740,53742,,,,,,,,,,,,,,,,,128152,Delta,128152,Delta,,,,,,,,,,,,,,,,,Customer,Service Provider,Customer,Service Provider,,,,,,,,,,,,,,,,,true,false,true,false,,,,,,,,,,,,,,,,,Wed Nov 01 18:07:04 +0000 2017,Wed Nov 01 18:48:05 +0000 2017,Wed Nov 01 21:31:52 +0000 2017,Wed Nov 01 21:36:34 +0000 2017,,,,,,,,,,,,,,,,,"@Delta seriously, I pd $25 bag check &amp; now people at gate w/bags invited to check bags free and board before me!!!",@128152 Passengers are allowed to check bags meeting these standard guidelines https://t.co/aGzPDdhtWv. *ALS,@Delta @SouthwestAir looking better every trip,"@128152 Hi, Tammy. I am sorry for your frustration today. The bags at the gate were checked because of the lack of bin space onboard.  *TJF",,,,,,,,,,,,,,,,,2025-09-26T19:37:56.098Z,job_20250926_193101,2
68d6eba2f7b4b33061722360,260,68ce563252b33355379dfb48,Feedback regarding General,Feedback,General,Positive,,54551,54550,,,,,,,,,,,,,,,,,,,128362,Delta,,,,,,,,,,,,,,,,,,,Customer,Service Provider,,,,,,,,,,,,,,,,,,,true,false,,,,,,,,,,,,,,,,,,,Wed Nov 01 17:59:15 +0000 2017,Wed Nov 01 19:04:31 +0000 2017,,,,,,,,,,,,,,,,,,,@Delta thanks for a great flight! Your employees we're very friendly and offered great service \nFlight DL1571 &amp; DL4655,@128362 Hello. Wow! We appreciate the great feedback! Thank you for flying with us!  *ARD,,,,,,,,,,,,,,,,,,,2025-09-26T19:38:10.737Z,job_20250926_193101,2
68d6ebadf7b4b33061722361,264,68ce563252b33355379dfb4c, regarding ,,,,,55283,55282,,,,,,,,,,,,,,,,,,,128534,Delta,,,,,,,,,,,,,,,,,,,Customer,Service Provider,,,,,,,,,,,,,,,,,,,true,false,,,,,,,,,,,,,,,,,,,Wed Nov 01 18:06:36 +0000 2017,Wed Nov 01 19:14:34 +0000 2017,,,,,,,,,,,,,,,,,,,Wow capitán de @Delta saluda de mano a TODOS! Capt Randy Smith thank you 🙏 https://t.co/nZagjbyuCK,"@128534 Hello, Enrique, We thank you for flying with us!  *ARD",,,,,,,,,,,,,,,,,,,2025-09-26T19:38:21.898Z,job_20250926_193101,2
68d6ebbff7b4b33061722362,275,68ce563252b33355379dfb57,Technical Support regarding Bookings,Technical Support,Bookings,Negative,,59725,59724,,,,,,,,,,,,,,,,,,,129647,Delta,,,,,,,,,,,,,,,,,,,Customer,Service Provider,,,,,,,,,,,,,,,,,,,true,false,,,,,,,,,,,,,,,,,,,Wed Nov 01 18:35:53 +0000 2017,Wed Nov 01 20:51:49 +0000 2017,,,,,,,,,,,,,,,,,,,"@Delta trying to book &amp; it shows me a price 1700, however when i put in my credit card, the price jumps to 2700, isnt this a bit too much",@129647 Hello! I will be glad to assist. Please Dm your dates and city pairs and I will verify this information.  *TCC,,,,,,,,,,,,,,,,,,,2025-09-26T19:38:39.943Z,job_20250926_193101,2
68d6ebd1f7b4b33061722363,277,68ce563252b33355379dfb59,Order Status regarding Shipping/Delivery,Order Status,Shipping/Delivery,Neutral,,60389,60388,,,,,,,,,,,,,,,,,,,129810,Delta,,,,,,,,,,,,,,,,,,,Customer,Service Provider,,,,,,,,,,,,,,,,,,,true,false,,,,,,,,,,,,,,,,,,,Wed Nov 01 20:03:55 +0000 2017,Wed Nov 01 21:14:13 +0000 2017,,,,,,,,,,,,,,,,,,,@Delta any idea why DL5335 is still stuck on the tarmac? Atl-shv.,"@129810 I see that the delay was waiting on final paperwork. I do apologize, but I see you have taken off! *TBW",,,,,,,,,,,,,,,,,,,2025-09-26T19:38:57.026Z,job_20250926_193101,2
68d6ec33c2ff72e0a91e8474,281,68ce563252b33355379dfb5d,Technical Support regarding Travel,Technical Support,Travel,Neutral,,60400,60399,,,,,,,,,,,,,,,,,,,129814,Delta,,,,,,,,,,,,,,,,,,,Customer,Service Provider,,,,,,,,,,,,,,,,,,,true,false,,,,,,,,,,,,,,,,,,,Wed Nov 01 19:36:17 +0000 2017,Wed Nov 01 21:11:24 +0000 2017,,,,,,,,,,,,,,,,,,,@Delta flight 1763 at seat 26B. The monitor in front of it doesn’t work.,@129814 ...possible experience. *TSB 2/2,,,,,,,,,,,,,,,,,,,2025-09-26T19:40:35.032Z,job_20250926_194021,2
68d6ec47c2ff72e0a91e8475,286,68ce563252b33355379dfb62,Complaint regarding Travel/Flight,Complaint,Travel/Flight,Negative,,60416,60414,60415,,,,,,,,,,,,,,,,,,126565,Delta,126565,,,,,,,,,,,,,,,,,,Customer,Service Provider,Customer,,,,,,,,,,,,,,,,,,true,false,true,,,,,,,,,,,,,,,,,,Wed Nov 01 19:43:01 +0000 2017,Wed Nov 01 21:08:15 +0000 2017,Wed Nov 01 21:10:30 +0000 2017,,,,,,,,,,,,,,,,,,"@Delta 5 hour flight to JFK and the kitchen forgot to load my pre-request #glutenfree meal 😢 I can’t eat the regular ones, so thanks!",@126565 Sorry to hear about that. If you have a return flight you need to request a gluten free meal for pls DM your details. *CBK,"@Delta Nope, this is the only flight. Not a good impression",,,,,,,,,,,,,,,,,,2025-09-26T19:40:55.194Z,job_20250926_194021,2
68d6ec56c2ff72e0a91e8476,280,68ce563252b33355379dfb5c,Product Inquiry regarding Travel/Aviation,Product Inquiry,Travel/Aviation,Neutral,,60398,60397,,,,,,,,,,,,,,,,,,,129813,Delta,,,,,,,,,,,,,,,,,,,Customer,Service Provider,,,,,,,,,,,,,,,,,,,true,false,,,,,,,,,,,,,,,,,,,Wed Nov 01 20:02:12 +0000 2017,Wed Nov 01 21:11:47 +0000 2017,,,,,,,,,,,,,,,,,,,@Delta are you still waiving baggage fees from Caribbean? Got disconnected on hold and hold time &gt; 20 min.,"@129813 I am so sorry you were disconnected, Kiara. At this time, we have no further baggage waivers to the Carribean.  *TMS",,,,,,,,,,,,,,,,,,,2025-09-26T19:41:10.546Z,job_20250926_194021,2
68d6ec66c2ff72e0a91e8477,284,68ce563252b33355379dfb60,Technical Support regarding Travel/Transportation,Technical Support,Travel/Transportation,Negative,,60410,60409,,,,,,,,,,,,,,,,,,,129818,Delta,,,,,,,,,,,,,,,,,,,Customer,Service Provider,,,,,,,,,,,,,,,,,,,true,false,,,,,,,,,,,,,,,,,,,Wed Nov 01 18:32:34 +0000 2017,Wed Nov 01 21:09:24 +0000 2017,,,,,,,,,,,,,,,,,,,@DELTA what's up with gate 50 at MCI? No Sky Priority lane or TSA Pre-check = cranky frequent fliers,"@129818 Hi, there. My apologies for the inconvenience this has caused. Thank you for bringing this to our attention.  *HDG",,,,,,,,,,,,,,,,,,,2025-09-26T19:41:26.942Z,job_20250926_194021,2
68d6ec7fc2ff72e0a91e8478,297,68ce563252b33355379dfb6d,Technical Support regarding Travel,Technical Support,Travel,Negative,,61212,61210,61211,61213,,,,,,,,,,,,,,,,,130014,Delta,130014,Delta,,,,,,,,,,,,,,,,,Customer,Service Provider,Customer,Service Provider,,,,,,,,,,,,,,,,,true,false,true,false,,,,,,,,,,,,,,,,,Wed Nov 01 21:19:39 +0000 2017,Wed Nov 01 21:24:45 +0000 2017,Wed Nov 01 21:27:02 +0000 2017,Wed Nov 01 21:35:54 +0000 2017,,,,,,,,,,,,,,,,,@Delta why isnt gate checking my bag an option when your overhead bins run out of space? Have you been to IAD’s baggage claim? It’s terrible,@130014 We'll do all we can to make sure that you have a positive experience moving forward. Thank you. *TDL,@Delta Sart with allowing gate check. Ur agent said the plane is too small and its b/c I was the last to board -&gt; nothing to do with gate check.,"@130014 I'm sorry Lindsey, can you DM your confirmation # to the link provided? I will look into this. *TBT https://t.co/6iDGBJAc2m",,,,,,,,,,,,,,,,,2025-09-26T19:41:51.447Z,job_20250926_194021,2
68d6ec97c2ff72e0a91e8479,299,68ce563252b33355379dfb6f,Technical Support regarding Travel,Technical Support,Travel,Negative,,61220,61218,61219,61221,61222,61223,,,,,,,,,,,,,,,130016,Delta,130016,Delta,130016,Delta,,,,,,,,,,,,,,,Customer,Service Provider,Customer,Service Provider,Customer,Service Provider,,,,,,,,,,,,,,,true,false,true,false,true,false,,,,,,,,,,,,,,,Wed Nov 01 21:09:53 +0000 2017,Wed Nov 01 21:22:54 +0000 2017,Wed Nov 01 21:27:30 +0000 2017,Wed Nov 01 21:31:19 +0000 2017,Wed Nov 01 22:14:46 +0000 2017,Thu Nov 02 00:28:24 +0000 2017,,,,,,,,,,,,,,,"Hey @Delta... thanks for charging me a $75 change fee and because of mechanical problems, I probably won't be home before my original flight",@130016 I am sorry to hear of the delay. Do you need rebooking assistance? *TJF,@Delta Nope.  Just some preventive maintenance on your equipment apparently.,@130016 I apologize for the delay. We hope to have you on your way soon. *TJF,@Delta 2nd plane now has mechanical issues today and we are heading back to gate.  This is ridiculous.,@130016 Please let me know how I can assist you via Twitter. *TBW,,,,,,,,,,,,,,,2025-09-26T19:42:15.460Z,job_20250926_194021,2
68d6eca7c2ff72e0a91e847a,302,68ce563252b33355379dfb72,Complaint regarding Technical Support,Complaint,Technical Support,Negative,,61232,61231,61230,,,,,,,,,,,,,,,,,,130020,130020,Delta,,,,,,,,,,,,,,,,,,Customer,Customer,Service Provider,,,,,,,,,,,,,,,,,,true,true,false,,,,,,,,,,,,,,,,,,Wed Nov 01 20:27:09 +0000 2017,Wed Nov 01 20:27:58 +0000 2017,Wed Nov 01 21:20:26 +0000 2017,,,,,,,,,,,,,,,,,,@Delta how could you have checked me in to only half my flt with online check in?,@Delta We deserve better from you.,@130020 Oh no! So sorry for that. Please follow via DM for assistance. *TDL https://t.co/6iDGBJAc2m,,,,,,,,,,,,,,,,,,2025-09-26T19:42:31.571Z,job_20250926_194021,2
68d6ecc0c2ff72e0a91e847b,303,68ce563252b33355379dfb73,Technical Support regarding Travel/Flight,Technical Support,Travel/Flight,Negative,,61235,61233,61234,,,,,,,,,,,,,,,,,,130021,Delta,130021,,,,,,,,,,,,,,,,,,Customer,Service Provider,Customer,,,,,,,,,,,,,,,,,,true,false,true,,,,,,,,,,,,,,,,,,Wed Nov 01 20:23:57 +0000 2017,Wed Nov 01 21:20:17 +0000 2017,Wed Nov 01 21:34:00 +0000 2017,,,,,,,,,,,,,,,,,,"@Delta if you have the seats available &amp; prompt ppl to upgrade, why does your phone rep then say 72 hrs advance required? False advertising?","@130021 Hey Lena, sorry to hear that.  Please DM your conf # so we can review your trip details. Thanks. *TLT https://t.co/6iDGBJAc2m",@Delta done. Pls check DMs and see if you can complete the transaction rather than rescinding offer after I provided payment,,,,,,,,,,,,,,,,,,2025-09-26T19:42:56.112Z,job_20250926_194021,2
68d6ecccc2ff72e0a91e847c,313,68ce563252b33355379dfb7d,Feedback regarding General,Feedback,General,Positive,,61282,61281,,,,,,,,,,,,,,,,,,,130031,Delta,,,,,,,,,,,,,,,,,,,Customer,Service Provider,,,,,,,,,,,,,,,,,,,true,false,,,,,,,,,,,,,,,,,,,Wed Nov 01 20:13:35 +0000 2017,Wed Nov 01 21:16:34 +0000 2017,,,,,,,,,,,,,,,,,,,Love Delta Airlines .....They really treat their Diamond Medallions like royalty @Delta #DiamondMM,"@130031 Thank you for your business, have a great week. 😎 ✈ *TBT",,,,,,,,,,,,,,,,,,,2025-09-26T19:43:08.439Z,job_20250926_194021,2
68d6ecdbc2ff72e0a91e847d,317,68ce563252b33355379dfb81,Complaint regarding Technical Support,Complaint,Technical Support,Negative,,62438,62437,,,,,,,,,,,,,,,,,,,130306,Delta,,,,,,,,,,,,,,,,,,,Customer,Service Provider,,,,,,,,,,,,,,,,,,,true,false,,,,,,,,,,,,,,,,,,,Wed Nov 01 19:22:33 +0000 2017,Wed Nov 01 21:35:29 +0000 2017,,,,,,,,,,,,,,,,,,,@Delta... This is unacceptable... because of high volume you will get back to me within the next 30 days? https://t.co/UmmwpRVNAF,@130306 ...this further.  *HDG 2/2,,,,,,,,,,,,,,,,,,,2025-09-26T19:43:23.144Z,job_20250926_194021,2
68d6eceac2ff72e0a91e847e,319,68ce563252b33355379dfb83,Complaint regarding Product Info,Complaint,Product Info,Negative,,63324,63323,,,,,,,,,,,,,,,,,,,130532,Delta,,,,,,,,,,,,,,,,,,,Customer,Service Provider,,,,,,,,,,,,,,,,,,,true,false,,,,,,,,,,,,,,,,,,,Wed Nov 01 21:53:28 +0000 2017,Wed Nov 01 21:59:27 +0000 2017,,,,,,,,,,,,,,,,,,,@Delta 2462 First Class. Be embarrassed by the buffalo chicken salad. Wanted to switch - and I’m told you’re all out??? #Ridiculous,@130532 We sincerely apologize for your disappointment. We always strive to create a positive customer experience. *AJC,,,,,,,,,,,,,,,,,,,2025-09-26T19:43:38.130Z,job_20250926_194021,2
68d6ecfcc2ff72e0a91e847f,320,68ce563252b33355379dfb84,Technical Support regarding Technical,Technical Support,Technical,Neutral,,67777,67775,67776,,,,,,,,,,,,,,,,,,131474,Delta,131475,,,,,,,,,,,,,,,,,,Customer,Service Provider,Customer,,,,,,,,,,,,,,,,,,true,false,true,,,,,,,,,,,,,,,,,,Thu Nov 30 08:57:02 +0000 2017,Thu Nov 30 08:59:02 +0000 2017,Thu Nov 30 10:52:35 +0000 2017,,,,,,,,,,,,,,,,,,"@Delta Hi, I keep on getting a #100503R error when trying to book a flight from zrh to sfo. Whats going on?","@131474 Hi there, my apologies for the inconvenience. I will report this issue to our IT desk. If this problem continues, please contact our reservations desk at 800 221 1212 for further assistance.  *HSD",@Delta @131474 I'm also getting an error message booking from ZRH!,,,,,,,,,,,,,,,,,,2025-09-26T19:43:56.659Z,job_20250926_194021,2
68d6ed08c2ff72e0a91e8480,322,68ce563252b33355379dfb86,Complaint regarding Technical Support,Complaint,Technical Support,Negative,,72345,,,,,,,,,,,,,,,,,,,,132237,,,,,,,,,,,,,,,,,,,,Customer,,,,,,,,,,,,,,,,,,,,true,,,,,,,,,,,,,,,,,,,,Thu Nov 30 09:59:47 +0000 2017,,,,,,,,,,,,,,,,,,,,The silver lining with flying @AmericanAir is it reminds me how much I love and prefer flying @Delta \n#perspective #wastedmiles,,,,,,,,,,,,,,,,,,,,2025-09-26T19:44:08.504Z,job_20250926_194021,2
68d6ed20c2ff72e0a91e8481,323,68ce563252b33355379dfb87,Order Status regarding Shipping/Delivery,Order Status,Shipping/Delivery,Negative,,73805,73804,73802,73801,,,,,,,,,,,,,,,,,132512,Delta,132512,Delta,,,,,,,,,,,,,,,,,Customer,Service Provider,Customer,Service Provider,,,,,,,,,,,,,,,,,true,false,true,false,,,,,,,,,,,,,,,,,Thu Nov 30 10:28:26 +0000 2017,Thu Nov 30 10:53:05 +0000 2017,Thu Nov 30 10:54:39 +0000 2017,Thu Nov 30 10:56:27 +0000 2017,,,,,,,,,,,,,,,,,"@Delta thanks for the excuse to go shopping, but I really miss my clothes! And my wallet is not happy 😰#lostluggage #findmeplease","@132512 Hi Hannah, I am very sorry to hear that you haven't received your bags, have you tried reaching out to our central baggage office at 800 325 8224 for further assistance?  *HSD","@Delta Yes, nothing has come up",@132512 I will send another email regarding the status of your items. We really do appreciate your patience.  *HSD,,,,,,,,,,,,,,,,,2025-09-26T19:44:32.355Z,job_20250926_194021,2
68d6ed39c2ff72e0a91e8482,331,68ce563252b33355379dfb8f,Technical Support regarding Travel/Flight,Technical Support,Travel/Flight,Neutral,,76372,76368,76369,,,,,,,,,,,,,,,,,,133082,Delta,133082,,,,,,,,,,,,,,,,,,Customer,Service Provider,Customer,,,,,,,,,,,,,,,,,,true,false,true,,,,,,,,,,,,,,,,,,Thu Nov 30 11:28:33 +0000 2017,Thu Nov 30 11:40:30 +0000 2017,Thu Nov 30 11:52:18 +0000 2017,,,,,,,,,,,,,,,,,,"@Delta hi I'm flying to Atlanta on flight 0075 at 13:15 from AMS, in Atlanta I have 1 hour and 25 min to take a plane to Nashville. They told me need to pick up suitcase first and take the other plane. Would my suitcase come as first?","@133082 Hi Claudia! Unfortunately, your suitcase comes out in no particular order, only if your are priority. *TMC",@Delta Can you please check if you are also transferring the suitcases to the other plane? Are you able to do that? When I bought the flight they told me I didn't need to pick it up and now in amsterdam they say something else.,,,,,,,,,,,,,,,,,,2025-09-26T19:44:57.123Z,job_20250926_194021,2
68d6ed4ac2ff72e0a91e8483,338,68ce563252b33355379dfb96,Feedback regarding General,Feedback,General,Positive,,77835,77834,,,,,,,,,,,,,,,,,,,133353,Delta,,,,,,,,,,,,,,,,,,,Customer,Service Provider,,,,,,,,,,,,,,,,,,,true,false,,,,,,,,,,,,,,,,,,,Thu Nov 30 12:04:02 +0000 2017,Thu Nov 30 12:07:13 +0000 2017,,,,,,,,,,,,,,,,,,,Hey @Delta - your gate agent at @126119 D26 represents you extremely well-  I’m beyond satisfied again! https://t.co/USObva9jVS,@133353 Wow! Awesome! Thank you so much for noticing and sharing the great feedback! Way to go BWI D26 gate agent! Keep up the great work! 😄  *HKM,,,,,,,,,,,,,,,,,,,2025-09-26T19:45:14.104Z,job_20250926_194021,2
68d6ed5fc2ff72e0a91e8484,345,68ce563252b33355379dfb9d,Technical Support regarding Travel,Technical Support,Travel,Neutral,,79591,79590,,,,,,,,,,,,,,,,,,,133660,Delta,,,,,,,,,,,,,,,,,,,Customer,Service Provider,,,,,,,,,,,,,,,,,,,true,false,,,,,,,,,,,,,,,,,,,Thu Nov 30 12:39:58 +0000 2017,Thu Nov 30 12:44:29 +0000 2017,,,,,,,,,,,,,,,,,,,"5:50 flight, boards on time\nPretty empty. Cool.\nPlane doesn’t take off. Battery isn’t charged. Wait 15 minutes to charge. Ok, cool.\nWait an hour. Battery won’t charge. Mechanic isn’t at work yet (he has a family and it’s early y’all) \nDeplane \n(TBC...)\n@Delta #thejoysofairtravel",@133660 My apology for any inconvenience. Let me know if you need assistance with a connection flight. *ALS,,,,,,,,,,,,,,,,,,,2025-09-26T19:45:35.169Z,job_20250926_194021,2
68d6ed70c2ff72e0a91e8485,347,68ce563252b33355379dfb9f,Other regarding General,Other,General,Neutral,,79600,79599,79598,79597,79596,79595,,,,,,,,,,,,,,,133664,Delta,133664,Delta,133664,Delta,,,,,,,,,,,,,,,Customer,Service Provider,Customer,Service Provider,Customer,Service Provider,,,,,,,,,,,,,,,true,false,true,false,true,false,,,,,,,,,,,,,,,Thu Nov 30 12:30:20 +0000 2017,Thu Nov 30 12:31:43 +0000 2017,Thu Nov 30 12:32:33 +0000 2017,Thu Nov 30 12:33:27 +0000 2017,Thu Nov 30 12:33:53 +0000 2017,Thu Nov 30 12:35:36 +0000 2017,,,,,,,,,,,,,,,@Delta hiya guys who’s on the twitter team today?,@133664 How can we help you today? *TDH,@Delta No need just wondering if your having a good day :-),@133664 We are having a good day here at Delta. Thank you. 😄 *TDH,@Delta Great,@133664 You have a good day at well. *TMC,,,,,,,,,,,,,,,2025-09-26T19:45:52.948Z,job_20250926_194021,2
68d6ed7cc2ff72e0a91e8486,349,68ce563252b33355379dfba1,Feedback regarding General,Feedback,General,Positive,,81040,81039,,,,,,,,,,,,,,,,,,,130881,Delta,,,,,,,,,,,,,,,,,,,Customer,Service Provider,,,,,,,,,,,,,,,,,,,true,false,,,,,,,,,,,,,,,,,,,Thu Nov 30 13:02:29 +0000 2017,Thu Nov 30 13:02:53 +0000 2017,,,,,,,,,,,,,,,,,,,@Delta Thanks for your support. You guys rock!,"@130881 We're always here for you, and we think you're pretty awesome too! 😊 *TRR",,,,,,,,,,,,,,,,,,,2025-09-26T19:46:04.418Z,job_20250926_194021,2
68d6ed90c2ff72e0a91e8487,351,68ce563252b33355379dfba3,Order Status regarding Shipping/Delivery,Order Status,Shipping/Delivery,Negative,,83823,83821,83822,83824,,,,,,,,,,,,,,,,,134417,Delta,134417,Delta,,,,,,,,,,,,,,,,,Customer,Service Provider,Customer,Service Provider,,,,,,,,,,,,,,,,,true,false,true,false,,,,,,,,,,,,,,,,,Thu Nov 30 13:51:50 +0000 2017,Thu Nov 30 13:57:29 +0000 2017,Thu Nov 30 14:06:00 +0000 2017,Thu Nov 30 14:06:36 +0000 2017,,,,,,,,,,,,,,,,,1 hr &amp; counting delay with 2 little kids cuz mechanic is mia and plane needs hydraulic fluid Thanks @Delta #deepbreaths #doitmyself,@134417 Sorry to hear about your flight delay Jacob. Let me know if you need further assistance. *ALS,@Delta I will if we miss our connection,@134417 May I have your confirmation number so I can look into this? Please DM for privacy. *ALS,,,,,,,,,,,,,,,,,2025-09-26T19:46:24.814Z,job_20250926_194021,2
68d6edaec2ff72e0a91e8488,356,68ce563252b33355379dfba8,Complaint regarding Travel/Transportation,Complaint,Travel/Transportation,Negative,,83843,83842,83841,83840,,,,,,,,,,,,,,,,,134423,Delta,134423,Delta,,,,,,,,,,,,,,,,,Customer,Service Provider,Customer,Service Provider,,,,,,,,,,,,,,,,,true,false,true,false,,,,,,,,,,,,,,,,,Thu Nov 30 13:30:46 +0000 2017,Thu Nov 30 13:32:07 +0000 2017,Thu Nov 30 13:41:15 +0000 2017,Thu Nov 30 13:42:13 +0000 2017,,,,,,,,,,,,,,,,,I'm going to need @Delta to stop forcing it's passengers to check their carryons when there's plenty of overhead space available! This is the 2nd flt in a row this has happened &amp; last time my carryon was damaged and had to be replaced. Pls get your act together! https://t.co/XJbT0Yq9S8,"@134423 Hello, Nicole. Very sorry for the inconvenience. We must do better. We appreciate the feedback and we will look into this.  *ARD",@Delta Please do! This inconvenience makes no sense and it needlessly punishes frequent flyers like me just bc I'm in Zone 3. I'm on Flt DL2288 to San Diego. Pls talk to your staff!,@134423 Completely understand. Our apologies again and we will.  *ARD,,,,,,,,,,,,,,,,,2025-09-26T19:46:54.942Z,job_20250926_194021,2
68d6edbfc2ff72e0a91e8489,358,68ce563252b33355379dfbaa,Feedback regarding General,Feedback,General,Positive,,83847,83846,,,,,,,,,,,,,,,,,,,134425,Delta,,,,,,,,,,,,,,,,,,,Customer,Service Provider,,,,,,,,,,,,,,,,,,,true,false,,,,,,,,,,,,,,,,,,,Thu Nov 30 13:36:30 +0000 2017,Thu Nov 30 13:38:23 +0000 2017,,,,,,,,,,,,,,,,,,,"@Delta Not enough credit is given for a job well done.  You minimized or even waived change fees so my friend's wife could get home in time to bury our friend.  Sometimes, it's just the right thing to do.  thank you Delta.",@134425 It was so thoughtful of you to send in a compliment. You're welcome. *ALS,,,,,,,,,,,,,,,,,,,2025-09-26T19:47:11.204Z,job_20250926_194021,2
68d6edcec2ff72e0a91e848a,360,68ce563252b33355379dfbac,Feedback regarding General,Feedback,General,Positive,,86468,86467,,,,,,,,,,,,,,,,,,,134887,Delta,,,,,,,,,,,,,,,,,,,Customer,Service Provider,,,,,,,,,,,,,,,,,,,true,false,,,,,,,,,,,,,,,,,,,Thu Nov 30 14:26:14 +0000 2017,Thu Nov 30 14:27:29 +0000 2017,,,,,,,,,,,,,,,,,,,Goodbye #Phoenix! Thanks @Delta for the ride home. https://t.co/eE9Lb79z41,"@134887 Thanks for flying with us, Sam. We sincerely appreciate your loyalty. Have an awesome flight.  *AJZ",,,,,,,,,,,,,,,,,,,2025-09-26T19:47:26.600Z,job_20250926_194021,2
68d6ede0c2ff72e0a91e848b,366,68ce563252b33355379dfbb2,Complaint regarding Travel,Complaint,Travel,Negative,,86483,86482,,,,,,,,,,,,,,,,,,,134893,Delta,,,,,,,,,,,,,,,,,,,Customer,Service Provider,,,,,,,,,,,,,,,,,,,true,false,,,,,,,,,,,,,,,,,,,Thu Nov 30 14:21:26 +0000 2017,Thu Nov 30 14:22:39 +0000 2017,,,,,,,,,,,,,,,,,,,Hey @Delta!  You cancelled my flight and were “unable” to find me another.  I get to drive nine hours to Richmond.  You’ve lost a customer for life!,"@134893 Hello. Very sorry to hear about this. If you need any help, let us know.  *ARD",,,,,,,,,,,,,,,,,,,2025-09-26T19:47:44.272Z,job_20250926_194021,2
68d6ededc2ff72e0a91e848c,369,68ce563252b33355379dfbb5,Technical Support regarding Account/Billing,Technical Support,Account/Billing,Neutral,,86498,86497,,,,,,,,,,,,,,,,,,,134896,Delta,,,,,,,,,,,,,,,,,,,Customer,Service Provider,,,,,,,,,,,,,,,,,,,true,false,,,,,,,,,,,,,,,,,,,Thu Nov 30 14:10:50 +0000 2017,Thu Nov 30 14:14:31 +0000 2017,,,,,,,,,,,,,,,,,,,@Delta can I get some help in posting miles for flights flown?,"@134896 Hi John. Sure, just send the 13 digit tkt number for the flts you needed credited. *HKM",,,,,,,,,,,,,,,,,,,2025-09-26T19:47:57.570Z,job_20250926_194021,2
68d6ee0bc2ff72e0a91e848d,372,68ce563252b33355379dfbb8,Order Status regarding Travel/Flight,Order Status,Travel/Flight,Positive,,86508,86507,86506,86505,,,,,,,,,,,,,,,,,134900,Delta,134900,Delta,,,,,,,,,,,,,,,,,Customer,Service Provider,Customer,Service Provider,,,,,,,,,,,,,,,,,true,false,true,false,,,,,,,,,,,,,,,,,Wed Nov 29 19:56:00 +0000 2017,Wed Nov 29 20:02:13 +0000 2017,Thu Nov 30 14:11:04 +0000 2017,Thu Nov 30 14:11:59 +0000 2017,,,,,,,,,,,,,,,,,I wish @Delta could just clear my voucher for my flight Friday. 🙏🏼🤞🏼 I think im having anxiety over it actually. I just downloaded a meditation app....#delta #deltaone #reallife,"@134900 Hi, Griffin. I'm sorry to hear you are going through some stress while you await for your Upgrade to clear. If you'd like I can take a look at your confirmation?  *AST https://t.co/6iDGBJAc2m",@Delta You tell Diana from Atlanta who helped me this morning she’s Employee of the Year to me. She got it all situated. And so efficiently. Thank you Diana!,"@134900 Hello, Griffin. Wow! Great to hear this amazing feedback! Thank you for flying with us!  *ARD",,,,,,,,,,,,,,,,,2025-09-26T19:48:27.264Z,job_20250926_194021,2
68d6ee1cc2ff72e0a91e848e,374,68ce563252b33355379dfbba,Complaint regarding Travel,Complaint,Travel,Negative,,86512,86511,,,,,,,,,,,,,,,,,,,134902,Delta,,,,,,,,,,,,,,,,,,,Customer,Service Provider,,,,,,,,,,,,,,,,,,,true,false,,,,,,,,,,,,,,,,,,,Thu Nov 30 14:08:09 +0000 2017,Thu Nov 30 14:09:19 +0000 2017,,,,,,,,,,,,,,,,,,,Implying an A.B.D. (Anyone but @Delta) rule for travel henceforth. What an awful experience the last 24 have been.,"@134902 Hello, Jordan. We hate to hear this. If you need any help, let us know.  *ARD",,,,,,,,,,,,,,,,,,,2025-09-26T19:48:44.688Z,job_20250926_194021,2
68d6ee2dc2ff72e0a91e848f,378,68ce563252b33355379dfbbe,Complaint regarding Technical Support,Complaint,Technical Support,Negative,,86523,86522,,,,,,,,,,,,,,,,,,,134906,Delta,,,,,,,,,,,,,,,,,,,Customer,Service Provider,,,,,,,,,,,,,,,,,,,true,false,,,,,,,,,,,,,,,,,,,Thu Nov 30 13:57:04 +0000 2017,Thu Nov 30 13:59:59 +0000 2017,,,,,,,,,,,,,,,,,,,@Delta You should train your employees that if someone is at the machine checking in to leave them alone. I was harassed by your employees because I preferred to use the kiosk. What's the point of the kiosk if you're still going to harass me?,"@134906 Hi Tim, thank you for your feedback. *AMS",,,,,,,,,,,,,,,,,,,2025-09-26T19:49:01.590Z,job_20250926_194021,2
68d6ee40c2ff72e0a91e8490,379,68ce563252b33355379dfbbf,Product Inquiry regarding Travel,Product Inquiry,Travel,Positive,,87432,87431,,,,,,,,,,,,,,,,,,,133994,135154,,,,,,,,,,,,,,,,,,,Customer,Customer,,,,,,,,,,,,,,,,,,,true,true,,,,,,,,,,,,,,,,,,,Thu Nov 30 14:01:06 +0000 2017,Thu Nov 30 14:23:18 +0000 2017,,,,,,,,,,,,,,,,,,,"Guess my next trip to Chicago is by @Delta, then. 20 extra to not be extorted an extra 80? Yeah, sounds good to me.","@133994 @Delta I've never had an issue with @Delta. @AmericanAir, I've always had issues with when it comes to fees, delays, and just horrid experiences in the air. @JetBlue's better too. Never had a problem with them.",,,,,,,,,,,,,,,,,,,2025-09-26T19:49:20.570Z,job_20250926_194021,2
68d6ee53c2ff72e0a91e8491,385,68ce563252b33355379dfbc5,Complaint regarding Technical Support,Complaint,Technical Support,Negative,,89802,89801,,,,,,,,,,,,,,,,,,,135441,Delta,,,,,,,,,,,,,,,,,,,Customer,Service Provider,,,,,,,,,,,,,,,,,,,true,false,,,,,,,,,,,,,,,,,,,Thu Nov 30 14:48:46 +0000 2017,Thu Nov 30 14:50:11 +0000 2017,,,,,,,,,,,,,,,,,,,"LMAO and @AmericanAir just keeps sucking.  I'm still holding a grudge from their horrible treatment of me last year..........  Have to fly to CT again in Jan, it's @Delta or bust for me! https://t.co/707lIWzboN",@135441 Good morning. We look forward to seeing you on board Delta in January! ✈ *AJL,,,,,,,,,,,,,,,,,,,2025-09-26T19:49:39.439Z,job_20250926_194021,2
68d6ee66c2ff72e0a91e8492,389,68ce563252b33355379dfbc9,Feedback regarding Technical,Feedback,Technical,Positive,,89824,89823,89822,89821,,,,,,,,,,,,,,,,,135447,Delta,135447,Delta,,,,,,,,,,,,,,,,,Customer,Service Provider,Customer,Service Provider,,,,,,,,,,,,,,,,,true,false,true,false,,,,,,,,,,,,,,,,,Thu Nov 30 14:30:53 +0000 2017,Thu Nov 30 14:31:48 +0000 2017,Thu Nov 30 14:33:35 +0000 2017,Thu Nov 30 14:36:08 +0000 2017,,,,,,,,,,,,,,,,,@Delta flight crew on 1646 to CMH was top notch today 👏,"@135447 Hi, Courtney. Thank you for the shout out for the flight crew on DL1646 today! We appreciate you flying Delta. Have a good day.  *AJL",@Delta Ha actually meant 1069! Either way they were great,@135447 I’m delighted that you enjoyed your travel experience.  *ALS,,,,,,,,,,,,,,,,,2025-09-26T19:49:58.373Z,job_20250926_194021,2
68d6ee78c2ff72e0a91e8493,390,68ce563252b33355379dfbca,Product Inquiry regarding Technical,Product Inquiry,Technical,Neutral,,89826,89825,,,,,,,,,,,,,,,,,,,135448,Delta,,,,,,,,,,,,,,,,,,,Customer,Service Provider,,,,,,,,,,,,,,,,,,,true,false,,,,,,,,,,,,,,,,,,,Thu Nov 30 14:27:16 +0000 2017,Thu Nov 30 14:35:28 +0000 2017,,,,,,,,,,,,,,,,,,,Did @TMobileHelp stop providing free GoGo WiFi on @Delta flights?! I have one plus but only options are paying on the landing page.,@135448 Thanks for your patience. It seems T-Mobile still offers one hour of free Gogo Inflight WiFi. Here is a helpful link that goes into details on how to gain free access:  https://t.co/TQWfVNTFsI *AJZ,,,,,,,,,,,,,,,,,,,2025-09-26T19:50:16.534Z,job_20250926_194021,2
68d6ee88c2ff72e0a91e8494,393,68ce563252b33355379dfbcd,Feedback regarding Technical,Feedback,Technical,Negative,,91731,91730,,,,,,,,,,,,,,,,,,,135895,Delta,,,,,,,,,,,,,,,,,,,Customer,Service Provider,,,,,,,,,,,,,,,,,,,true,false,,,,,,,,,,,,,,,,,,,Thu Nov 30 15:14:00 +0000 2017,Thu Nov 30 15:27:05 +0000 2017,,,,,,,,,,,,,,,,,,,Not impressed with this @Delta Boeing 717. https://t.co/YxH8uW54se,"@135895 Hello, Daniel. Apologies for any inconvenience. If you need any help, let us know.  *ARD",,,,,,,,,,,,,,,,,,,2025-09-26T19:50:32.209Z,job_20250926_194021,2
68d6eeb6c2ff72e0a91e8495,395,68ce563252b33355379dfbcf,Complaint regarding Technical Support,Complaint,Technical Support,Negative,,91756,91755,91753,91752,91750,91748,91749,91751,,,,,,,,,,,,,135899,Delta,135899,135899,135899,Delta,135899,Delta,,,,,,,,,,,,,Customer,Service Provider,Customer,Customer,Customer,Service Provider,Customer,Service Provider,,,,,,,,,,,,,true,false,true,true,true,false,true,false,,,,,,,,,,,,,Thu Nov 30 14:56:32 +0000 2017,Thu Nov 30 14:59:12 +0000 2017,Thu Nov 30 15:06:31 +0000 2017,Thu Nov 30 15:08:49 +0000 2017,Thu Nov 30 15:10:01 +0000 2017,Thu Nov 30 15:22:54 +0000 2017,Thu Nov 30 15:25:05 +0000 2017,Thu Nov 30 15:44:12 +0000 2017,,,,,,,,,,,,,Another poor @Delta experience. Told 2 call 24 hrs/advance &amp; would have ticket (didn't); paid $75 change fee &amp; still didn't get ticket (1/2),@135899 Sorry to hear about your experience. Did you request a Same-Day-Confirm? Please elaborate. *ALS,@Delta Yes. Was told call in 24 hrs and you'll be booked no problem; called in 24 and told no way. Paid $75 standby fee &amp; total chaos at gate (1/4),"@Delta Explanation given by gate attendant, ""it's early. I don't work the morning shift."" Neither one of us made the flight. (3/4)","@Delta Unfortunately, this has become a pattern from @delta with consistently inconsistent customer service and execution of duties (4/4)","@135899 Ty, Same Day Confirmed is based on availability within the 24-hour window of your flight.The same type of fare class must be available. Therefore, you would have been placed on standby for Same Day Standby. I am very sorry for any misunderstanding or chaos at the gate. *AJL","@Delta Also double charged for checked bags on flight out &amp; told nothing could be done at time, try calling after return flight. Disappointing","@135899 Ty, if you were double charged for baggage, please follow and direct message your ticket number and tell us which flight it was.  *AJL",,,,,,,,,,,,,2025-09-26T19:51:18.074Z,job_20250926_194021,2
68d6eed1c2ff72e0a91e8496,397,68ce563252b33355379dfbd1,Technical Support regarding Technical,Technical Support,Technical,Negative,,91762,91761,91760,91759,,,,,,,,,,,,,,,,,135901,Delta,135901,Delta,,,,,,,,,,,,,,,,,Customer,Service Provider,Customer,Service Provider,,,,,,,,,,,,,,,,,true,false,true,false,,,,,,,,,,,,,,,,,Thu Nov 30 15:04:01 +0000 2017,Thu Nov 30 15:07:21 +0000 2017,Thu Nov 30 15:16:30 +0000 2017,Thu Nov 30 15:17:30 +0000 2017,,,,,,,,,,,,,,,,,@Delta The app isn’t working! It logged me out and won’t let me login. I reset my password on the delta website so I know it’s right. It gets stuck on the loading screen &amp; then gives an error. Any idea what’s going on?,"@135901 Hi Emily, I would say to give it a few minutes and then refresh. *AMS","@Delta It’s been almost an hour. I deleted/reinstalled the app bc I saw another customer tweeting you saying they had to do that. Let me in, but the app is super slow and logged me out again when I refreshed. Something is off with the app.","@135901 I do apologize, I will forward this message to our technical support team. *AMS",,,,,,,,,,,,,,,,,2025-09-26T19:51:45.104Z,job_20250926_194021,2
68d6eedcc2ff72e0a91e8497,398,68ce563252b33355379dfbd2,Feedback regarding General,Feedback,General,Positive,,91764,91763,,,,,,,,,,,,,,,,,,,135902,Delta,,,,,,,,,,,,,,,,,,,Customer,Service Provider,,,,,,,,,,,,,,,,,,,true,false,,,,,,,,,,,,,,,,,,,Thu Nov 30 15:08:39 +0000 2017,Thu Nov 30 15:12:10 +0000 2017,,,,,,,,,,,,,,,,,,,I generally prefer to fly @Delta what about you guys?✈️,@135902 Thank you for your loyalty. We appreciate you traveling Delta. *ALS,,,,,,,,,,,,,,,,,,,2025-09-26T19:51:56.635Z,job_20250926_194021,2
68d6eeebc2ff72e0a91e8498,401,68ce563252b33355379dfbd5,Complaint regarding Technical Support,Complaint,Technical Support,Negative,,91778,,,,,,,,,,,,,,,,,,,,135905,,,,,,,,,,,,,,,,,,,,Customer,,,,,,,,,,,,,,,,,,,,true,,,,,,,,,,,,,,,,,,,,Thu Nov 30 13:15:08 +0000 2017,,,,,,,,,,,,,,,,,,,,People always ask why I only ever fly @Delta it’s because when I get stuck on @116450 I deal with crap like this. A three hour delay and they notify me AFTER I check in. https://t.co/Geeb9ry7Z9,,,,,,,,,,,,,,,,,,,,2025-09-26T19:52:11.209Z,job_20250926_194021,2
68d6eefdc2ff72e0a91e8499,407,68ce563252b33355379dfbdb,Complaint regarding Technical Support,Complaint,Technical Support,Negative,,94146,94145,,,,,,,,,,,,,,,,,,,136426,Delta,,,,,,,,,,,,,,,,,,,Customer,Service Provider,,,,,,,,,,,,,,,,,,,true,false,,,,,,,,,,,,,,,,,,,Thu Nov 30 15:35:20 +0000 2017,Thu Nov 30 15:39:00 +0000 2017,,,,,,,,,,,,,,,,,,,"@Delta I used to be a frequent flyer, but the seat pitch has gotten so ridiculous and pricing hasn't shrank like my legroom, that I'll fly with others.","@136426 Hello, we do apologize, it is never our goal to let you down. *AMS",,,,,,,,,,,,,,,,,,,2025-09-26T19:52:29.096Z,job_20250926_194021,2
68d6ef11c2ff72e0a91e849a,412,68ce563252b33355379dfbe0,Complaint regarding Technical Support,Complaint,Technical Support,Negative,,95924,95922,95923,,,,,,,,,,,,,,,,,,136884,Delta,136884,,,,,,,,,,,,,,,,,,Customer,Service Provider,Customer,,,,,,,,,,,,,,,,,,true,false,true,,,,,,,,,,,,,,,,,,Thu Nov 30 16:04:35 +0000 2017,Thu Nov 30 16:21:00 +0000 2017,Thu Nov 30 17:15:58 +0000 2017,,,,,,,,,,,,,,,,,,"I fly way too much to be constantly stuck in middle seats that are ""upgrades"" on long flights. Thanks @Delta I'll be a loyal @SouthwestAir customer from now on.",@136884 I wish to express my sincere apology for any inconvenience.  *ALS,@Delta Meanwhile @SouthwestAir has better seating options for me even though I've been on 100+ delta flights this year. Your new upgrade policy is terrible and it's losing you customers.,,,,,,,,,,,,,,,,,,2025-09-26T19:52:49.478Z,job_20250926_194021,2
68d6ef2dc2ff72e0a91e849b,416,68ce563252b33355379dfbe4,Feedback regarding Customer Experience,Feedback,Customer Experience,Positive,,95934,95932,95933,95935,,,,,,,,,,,,,,,,,136887,Delta,136887,Delta,,,,,,,,,,,,,,,,,Customer,Service Provider,Customer,Service Provider,,,,,,,,,,,,,,,,,true,false,true,false,,,,,,,,,,,,,,,,,Thu Nov 30 15:45:40 +0000 2017,Thu Nov 30 16:18:37 +0000 2017,Thu Nov 30 16:24:18 +0000 2017,Thu Nov 30 16:31:31 +0000 2017,,,,,,,,,,,,,,,,,@Delta went above and beyond today to make a difficult family situation more bearable by eliminating at least one of the worries on our plate: losing our ticket value. THANK YOU! #CustomerExperience #onetowatch #Delta #CustomerForLife,"@136887 Hi, Mary. Thank you for the shout out. I am glad that your ticket was taken care of for you due to the circumstances. We appreciate you choosing Delta and look forward to seeing you soon.  *AJL",@Delta Of course! I had to call you guys out-- just amazing. Truly.,@136887 Thank you again. *ALS,,,,,,,,,,,,,,,,,2025-09-26T19:53:17.581Z,job_20250926_194021,2
68d6ef3cc2ff72e0a91e849c,425,68ce563252b33355379dfbed,Other regarding General,Other,General,Neutral,,95986,,,,,,,,,,,,,,,,,,,,136905,,,,,,,,,,,,,,,,,,,,Customer,,,,,,,,,,,,,,,,,,,,true,,,,,,,,,,,,,,,,,,,,Thu Nov 30 16:21:46 +0000 2017,,,,,,,,,,,,,,,,,,,,What is on your Boarding playlist this weekend ? @AmericanAir @Delta @JetBlue @AlaskaAir @116450 @136906 @135156 @120279 #Playlist,,,,,,,,,,,,,,,,,,,,2025-09-26T19:53:32.569Z,job_20250926_194021,2
68d6ef4ec2ff72e0a91e849d,433,68ce563252b33355379dfbf5,Order Status regarding Travel/Flights,Order Status,Travel/Flights,Neutral,,97737,97736,97735,97734,,,,,,,,,,,,,,,,,137404,Delta,137404,Delta,,,,,,,,,,,,,,,,,Customer,Service Provider,Customer,Service Provider,,,,,,,,,,,,,,,,,true,false,true,false,,,,,,,,,,,,,,,,,Thu Nov 30 16:09:34 +0000 2017,Thu Nov 30 16:35:02 +0000 2017,Thu Nov 30 16:45:17 +0000 2017,Thu Nov 30 16:50:34 +0000 2017,,,,,,,,,,,,,,,,,@Delta any chance you can put me on an earlier flight today out of Denver to MSP.,"@137404 Hello, Holly. Pls follow/DM your confirm # concerning your request.  *ARD",@Delta GKSF4X,@137404 Thx for the info. Check your DM.  *ARD,,,,,,,,,,,,,,,,,2025-09-26T19:53:50.694Z,job_20250926_194021,2
68d6ef62c2ff72e0a91e849e,436,68ce563252b33355379dfbf8,Complaint regarding General,Complaint,General,Negative,,97751,97750,,,,,,,,,,,,,,,,,,,137408,Delta,,,,,,,,,,,,,,,,,,,Customer,Service Provider,,,,,,,,,,,,,,,,,,,true,false,,,,,,,,,,,,,,,,,,,Thu Nov 30 16:30:28 +0000 2017,Thu Nov 30 16:48:23 +0000 2017,,,,,,,,,,,,,,,,,,,"@Delta just spent 10 minutes playing the ""Who is going to talk first"" game with one of your customer service reps.  After 10min of silence he just transfers me to a customer service survey.  Great job delta... #FlySouthwest",@137408 We never want to hear this. We pride ourselves on providing exceptional customer service. I wish your experience was better than what's described and apologize it was not. We hope to better serve you going forward. *TJE,,,,,,,,,,,,,,,,,,,2025-09-26T19:54:10.559Z,job_20250926_194021,2
68d6ef72c2ff72e0a91e849f,442,68ce563252b33355379dfbfe,Product Inquiry regarding Travel,Product Inquiry,Travel,Neutral,,97770,97769,,,,,,,,,,,,,,,,,,,137414,Delta,,,,,,,,,,,,,,,,,,,Customer,Service Provider,,,,,,,,,,,,,,,,,,,true,false,,,,,,,,,,,,,,,,,,,Thu Nov 30 16:05:01 +0000 2017,Thu Nov 30 16:38:39 +0000 2017,,,,,,,,,,,,,,,,,,,@Delta Can I use my miles to upgrade/reserve a seat?,"@137414 Hi, there. I will be happy to take a look. Please share your confirmation number via DM for review.  *AJZ https://t.co/6iDGBJAc2m",,,,,,,,,,,,,,,,,,,2025-09-26T19:54:26.947Z,job_20250926_194021,2
68d6ef88c2ff72e0a91e84a0,443,68ce563252b33355379dfbff,Complaint regarding General,Complaint,General,Negative,,97772,97771,,,,,,,,,,,,,,,,,,,137415,Delta,,,,,,,,,,,,,,,,,,,Customer,Service Provider,,,,,,,,,,,,,,,,,,,true,false,,,,,,,,,,,,,,,,,,,Thu Nov 30 16:03:02 +0000 2017,Thu Nov 30 16:38:30 +0000 2017,,,,,,,,,,,,,,,,,,,@Delta Hi yes so my napkin was like very expired so pls I guess just DM me for a full flight refund slash voucher thx. https://t.co/HsSWwD6WeO,"@137415 😆We appreciate your sense of humor, Kim. Thanks for brightening our day. *ASK",,,,,,,,,,,,,,,,,,,2025-09-26T19:54:48.922Z,job_20250926_194021,2
68d6efa1c2ff72e0a91e84a1,446,68ce563252b33355379dfc02,Technical Support regarding Technical,Technical Support,Technical,Neutral,,97783,97782,,,,,,,,,,,,,,,,,,,137418,Delta,,,,,,,,,,,,,,,,,,,Customer,Service Provider,,,,,,,,,,,,,,,,,,,true,false,,,,,,,,,,,,,,,,,,,Thu Nov 30 15:47:27 +0000 2017,Thu Nov 30 16:32:10 +0000 2017,,,,,,,,,,,,,,,,,,,@Delta trying to purchase a mileage booster for my flight this morning but the service is showing as unavailable. Any help would be appreciated. thanks.,@137418 Apologies for the trouble. There seems to be a trend of trouble with the Fly Delta App right now. I've submitted your complaint to our IT/App Development team for review. Please standby and we will let you know if there is a confirmed problem. *ASK,,,,,,,,,,,,,,,,,,,2025-09-26T19:55:13.406Z,job_20250926_194021,2
68d6efb3c2ff72e0a91e84a2,449,68ce563252b33355379dfc05,Product Information regarding Product Info,Product Information,Product Info,Neutral,,97790,97789,,,,,,,,,,,,,,,,,,,137421,Delta,,,,,,,,,,,,,,,,,,,Customer,Service Provider,,,,,,,,,,,,,,,,,,,true,false,,,,,,,,,,,,,,,,,,,Thu Nov 30 16:18:53 +0000 2017,Thu Nov 30 16:29:30 +0000 2017,,,,,,,,,,,,,,,,,,,@Delta Does buying Basic Economy guarantee a seat? I understand that I can't pick the seat,"@137421 Yes, a seat is guaranteed, but an advance seat selection is not allowed. You will be assigned a seat upon check in. *ALS",,,,,,,,,,,,,,,,,,,2025-09-26T19:55:31.936Z,job_20250926_194021,2
68d6efbec2ff72e0a91e84a3,459,68ce563252b33355379dfc0f,Feedback regarding General,Feedback,General,Positive,,100521,100520,,,,,,,,,,,,,,,,,,,137976,Delta,,,,,,,,,,,,,,,,,,,Customer,Service Provider,,,,,,,,,,,,,,,,,,,true,false,,,,,,,,,,,,,,,,,,,Thu Nov 30 16:59:28 +0000 2017,Thu Nov 30 17:12:47 +0000 2017,,,,,,,,,,,,,,,,,,,Thanks for you great customer service @Delta  #deltacinncinaticustomerservice,@137976 You're welcome Michael. *ALS,,,,,,,,,,,,,,,,,,,2025-09-26T19:55:42.800Z,job_20250926_194021,2
68d6efccc2ff72e0a91e84a4,461,68ce563252b33355379dfc11,Order Status regarding Orders,Order Status,Orders,Neutral,,100526,100525,,,,,,,,,,,,,,,,,,,137979,Delta,,,,,,,,,,,,,,,,,,,Customer,Service Provider,,,,,,,,,,,,,,,,,,,true,false,,,,,,,,,,,,,,,,,,,Thu Nov 30 17:04:05 +0000 2017,Thu Nov 30 17:09:06 +0000 2017,,,,,,,,,,,,,,,,,,,@Delta I booked a round trip with ecredits. I would like to change my outbound flight. Can I use miles or ecredits to cover the cost of the change?,"@137979 Hello, please forward your confirmation#. *AMS",,,,,,,,,,,,,,,,,,,2025-09-26T19:55:56.111Z,job_20250926_194021,2
68d6efd9c2ff72e0a91e84a5,474,68ce563252b33355379dfc1e,Complaint regarding Technical Support,Complaint,Technical Support,Negative,,104197,104195,104196,,,,,,,,,,,,,,,,,,138975,Delta,138975,,,,,,,,,,,,,,,,,,Customer,Service Provider,Customer,,,,,,,,,,,,,,,,,,true,false,true,,,,,,,,,,,,,,,,,,Thu Nov 30 18:27:29 +0000 2017,Thu Nov 30 18:27:56 +0000 2017,Thu Nov 30 18:28:59 +0000 2017,,,,,,,,,,,,,,,,,,@Delta I have a problem with the flight I'm on right now it's urgent please respond,@138975 Hello. What seems to be the problem?  *AJL,@Delta Our plane just crashed into the world trade center,,,,,,,,,,,,,,,,,,2025-09-26T19:56:09.841Z,job_20250926_194021,2
68d6eff5c2ff72e0a91e84a6,478,68ce563252b33355379dfc22,Complaint regarding Travel/Transportation,Complaint,Travel/Transportation,Negative,,104217,104215,104216,104218,,,,,,,,,,,,,,,,,138980,Delta,138980,Delta,,,,,,,,,,,,,,,,,Customer,Service Provider,Customer,Service Provider,,,,,,,,,,,,,,,,,true,false,true,false,,,,,,,,,,,,,,,,,Thu Nov 30 18:17:52 +0000 2017,Thu Nov 30 18:20:46 +0000 2017,Thu Nov 30 18:22:27 +0000 2017,Thu Nov 30 18:29:28 +0000 2017,,,,,,,,,,,,,,,,,@Delta stole my passport. Left in the back of the seat in front of me with the magazines. Reported it asap to THREE departments and two weeks later they still can't find. Impossible. #thieves @delta,"@138980 Hello, Estee! I will be glad to assist. I apologize that you forgot your passport on board the plane. Please go to https://t.co/HaJsYhGNhb Article and file a claim.  *TCC",@Delta I did that already as well as file complaint as delta staff recommended to do and also checked with the airport lost n found. Wth,@138980 The Lost Article department will start the search to hopefully connect the passport to you. Please be patient.  *TCC,,,,,,,,,,,,,,,,,2025-09-26T19:56:37.680Z,job_20250926_194021,2
68d6f00fc2ff72e0a91e84a7,479,68ce563252b33355379dfc23,Complaint regarding Account/Billing,Complaint,Account/Billing,Negative,,104222,104220,104221,104223,,,,,,,,,,,,,,,,,138981,Delta,138981,Delta,,,,,,,,,,,,,,,,,Customer,Service Provider,Customer,Service Provider,,,,,,,,,,,,,,,,,true,false,true,false,,,,,,,,,,,,,,,,,Thu Nov 30 18:09:29 +0000 2017,Thu Nov 30 18:17:44 +0000 2017,Thu Nov 30 18:32:33 +0000 2017,Thu Nov 30 19:08:08 +0000 2017,,,,,,,,,,,,,,,,,@Delta I figured it out. Since I wasn’t told about Thrifty’s deposit via your website when I booked you owe me $163.,@138981 Hello. Most rental cars companies hold a pending charge for possible damage/incidental charges. Is this what you are referring to? My apologies if fee charges were not made clear. I encourage you to reach out to Thrifty for any inquiries on their charges/policies.  *TAA,"@Delta I did. They won’t help. I did not see his info when I booked on Delta. Had I seen it, I wouldn’t be asking for $163. So when can I expect that?",@138981 ...you. *TAA 2/2,,,,,,,,,,,,,,,,,2025-09-26T19:57:03.520Z,job_20250926_194021,2
68d6f01dc2ff72e0a91e84a8,484,68ce563252b33355379dfc28,Feedback regarding General,Feedback,General,Positive,,104250,104249,,,,,,,,,,,,,,,,,,,138988,Delta,,,,,,,,,,,,,,,,,,,Customer,Service Provider,,,,,,,,,,,,,,,,,,,true,false,,,,,,,,,,,,,,,,,,,Thu Nov 30 18:03:50 +0000 2017,Thu Nov 30 18:04:55 +0000 2017,,,,,,,,,,,,,,,,,,,In @delta Sky Club in Detroit. Rice chicken soup on point. Will test what “unlimited” chocolate chip cookies mean tho #yum,@138988 Yum is right! You are making me hungry! Thanks for the shout-out. Enjoy!! *TAA,,,,,,,,,,,,,,,,,,,2025-09-26T19:57:17.484Z,job_20250926_194021,2
68d6f030c2ff72e0a91e84a9,486,68ce563252b33355379dfc2a,Technical Support regarding Shipping/Delivery,Technical Support,Shipping/Delivery,Negative,,104254,104253,,,,,,,,,,,,,,,,,,,138990,Delta,,,,,,,,,,,,,,,,,,,Customer,Service Provider,,,,,,,,,,,,,,,,,,,true,false,,,,,,,,,,,,,,,,,,,Thu Nov 30 17:59:28 +0000 2017,Thu Nov 30 18:01:14 +0000 2017,,,,,,,,,,,,,,,,,,,Thanks @Delta...my bags on the wrong plane.,"@138990 Oh, no! That's not good! Please DM your Baggage Reference number. I'll see what I can do to help.  *TJH https://t.co/6iDGBJAc2m",,,,,,,,,,,,,,,,,,,2025-09-26T19:57:36.070Z,job_20250926_194021,2
68d6f040c2ff72e0a91e84aa,496,68ce563252b33355379dfc34,Product Inquiry regarding Travel,Product Inquiry,Travel,Neutral,,106532,106531,,,,,,,,,,,,,,,,,,,139615,Delta,,,,,,,,,,,,,,,,,,,Customer,Service Provider,,,,,,,,,,,,,,,,,,,true,false,,,,,,,,,,,,,,,,,,,Thu Nov 30 18:30:05 +0000 2017,Thu Nov 30 18:33:38 +0000 2017,,,,,,,,,,,,,,,,,,,@Delta I'm traveling to Israel in January and will be coming home w 100 oz of pumped breastmilk. Can I carry it on if it's frozen?,@139615 Hello! I will be glad to assist. Please wait a moment and I will check how many ounces that you are allowed.   *TCC,,,,,,,,,,,,,,,,,,,2025-09-26T19:57:52.855Z,job_20250926_194021,2
68d6f058c2ff72e0a91e84ab,504,68ce563252b33355379dfc3c,Complaint regarding Technical Support,Complaint,Technical Support,Negative,,108395,108394,108393,,,,,,,,,,,,,,,,,,140060,140060,Delta,,,,,,,,,,,,,,,,,,Customer,Customer,Service Provider,,,,,,,,,,,,,,,,,,true,true,false,,,,,,,,,,,,,,,,,,Thu Nov 23 19:24:19 +0000 2017,Thu Nov 23 19:26:06 +0000 2017,Thu Nov 23 19:36:05 +0000 2017,,,,,,,,,,,,,,,,,,flying @Delta 2190 today. they held us on the plane for 150 min. sent us to fll instead of MIA. mass passenger walk out. good job yall,@Delta @Delta you gonna refund us for marooning us on Thanksgiving day or what,"@140060 I apologize for the inconvenience today. Due to weather over the Miami airport, the flight was diverted to Fort Lauderdale. However, the flight did depart over two hours late due to maintenance. Please DM your confirmation # so I may review further. *TJF https://t.co/6iDGBJAc2m",,,,,,,,,,,,,,,,,,2025-09-26T19:58:16.861Z,job_20250926_194021,2
68d6f06cc2ff72e0a91e84ac,506,68ce563252b33355379dfc3e,Product Inquiry regarding Account/Billing,Product Inquiry,Account/Billing,Neutral,,108399,108398,,,,,,,,,,,,,,,,,,,140062,Delta,,,,,,,,,,,,,,,,,,,Customer,Service Provider,,,,,,,,,,,,,,,,,,,true,false,,,,,,,,,,,,,,,,,,,Thu Nov 23 19:21:24 +0000 2017,Thu Nov 23 19:23:10 +0000 2017,,,,,,,,,,,,,,,,,,,@Delta : I just went up to Silver Medallion. How do I opt in for automatic complimentary upgrades? I don't see it on the site or the app.,@140062 Congratulations! We truly appreciate your loyalty. I will be happy to take a look. Please share your SkyMiles Account Number via DM.  *AJZ https://t.co/6iDGBJAc2m,,,,,,,,,,,,,,,,,,,2025-09-26T19:58:36.052Z,job_20250926_194021,2
68d6f07bc2ff72e0a91e84ad,509,68ce563252b33355379dfc41,Feedback regarding General,Feedback,General,Positive,,110196,110195,,,,,,,,,,,,,,,,,,,140469,Delta,,,,,,,,,,,,,,,,,,,Customer,Service Provider,,,,,,,,,,,,,,,,,,,true,false,,,,,,,,,,,,,,,,,,,Thu Nov 23 19:58:29 +0000 2017,Thu Nov 23 20:01:08 +0000 2017,,,,,,,,,,,,,,,,,,,@Delta I had a wonderful customer service experience today thanks to Felipe in International. He went above and beyond to help this #Skymiles #AMEX member. Thank you.,"@140469 Thanks, Alison, for the shout out. We appreciate your kind words. *TJF",,,,,,,,,,,,,,,,,,,2025-09-26T19:58:51.203Z,job_20250926_194021,2
68d6f08ec2ff72e0a91e84ae,515,68ce563252b33355379dfc47,Feedback regarding Technical Support,Feedback,Technical Support,Negative,,110208,110207,,,,,,,,,,,,,,,,,,,140475,Delta,,,,,,,,,,,,,,,,,,,Customer,Service Provider,,,,,,,,,,,,,,,,,,,true,false,,,,,,,,,,,,,,,,,,,Thu Nov 23 19:31:14 +0000 2017,Thu Nov 23 19:44:17 +0000 2017,,,,,,,,,,,,,,,,,,,"@Delta If you had deliberately set out to design the most uncomfortable flight, you couldn't have made it worse than DL3850. Not the fault of the crew, it's the merciless crowding of the aircraft.","@140475 We appreciate the feedback as we do our best to provide a comfortable ride for everyone onboard. I wish that your experience would've been better and hopefully, your next flight with us will be pleasant. Thanks for allowing Delta to serve your traveling needs. *AST",,,,,,,,,,,,,,,,,,,2025-09-26T19:59:10.741Z,job_20250926_194021,2
68d6f0adc2ff72e0a91e84af,521,68ce563252b33355379dfc4d,Order Status regarding Travel/Transportation,Order Status,Travel/Transportation,Neutral,,112174,112172,112173,112175,112176,112177,,,,,,,,,,,,,,,140904,Delta,140904,Delta,140904,Delta,,,,,,,,,,,,,,,Customer,Service Provider,Customer,Service Provider,Customer,Service Provider,,,,,,,,,,,,,,,true,false,true,false,true,false,,,,,,,,,,,,,,,Thu Nov 23 20:27:19 +0000 2017,Thu Nov 23 20:37:28 +0000 2017,Thu Nov 23 20:41:14 +0000 2017,Thu Nov 23 20:44:01 +0000 2017,Fri Nov 24 00:03:26 +0000 2017,Fri Nov 24 00:07:10 +0000 2017,,,,,,,,,,,,,,,"Over the river and through the woods, to grandmothers house we go! ‘Cept the plane’s delayed: “It might be a switch or an engine glitch, we really just don’t know...” @Delta  (no worries—DL 1790 SAT-ATL crew is doing great!)","@140904 Hi Kelly, I'm here if you need me. I'm still waiting for a update on DL1790. *TBT",@Delta I think we’re good! Happy Thanksgiving! Hope you get one! 🍗❤️,"@140904 Happy Thanksgiving to you 😃. If you need any help, just reach out. 😊 *TBT",@Delta We made it!!!!! :),"@140904 I knew you would. 😊 Have a safe holiday week. Tell Ben &amp; Emily, Happy Thanksgiving. *TBT",,,,,,,,,,,,,,,2025-09-26T19:59:41.690Z,job_20250926_194021,2
68d6f0bec2ff72e0a91e84b0,523,68ce563252b33355379dfc4f,Technical Support regarding Travel,Technical Support,Travel,Negative,,112181,112180,,,,,,,,,,,,,,,,,,,140906,Delta,,,,,,,,,,,,,,,,,,,Customer,Service Provider,,,,,,,,,,,,,,,,,,,true,false,,,,,,,,,,,,,,,,,,,Thu Nov 23 20:22:12 +0000 2017,Thu Nov 23 20:25:46 +0000 2017,,,,,,,,,,,,,,,,,,,@Delta we were already late and now we’re waiting 20+ minutes to get to a gate?!? This is Lafayette not ATL.,"@140906 Hey Frank, can you DM your confirmation # to the link providied? I will be glad to look into this.  *TBT https://t.co/6iDGBJAc2m",,,,,,,,,,,,,,,,,,,2025-09-26T19:59:58.173Z,job_20250926_194021,2
68d6f0cbc2ff72e0a91e84b1,528,68ce563252b33355379dfc54,Feedback regarding General,Feedback,General,Positive,,113981,113980,,,,,,,,,,,,,,,,,,,141315,Delta,,,,,,,,,,,,,,,,,,,Customer,Service Provider,,,,,,,,,,,,,,,,,,,true,false,,,,,,,,,,,,,,,,,,,Thu Nov 23 21:02:09 +0000 2017,Thu Nov 23 21:07:58 +0000 2017,,,,,,,,,,,,,,,,,,,@Delta awesome gate agents working at CID and MSP today. Super helpful in getting us where we needed on Turkey Day.,@141315 Awesome Lesley. Thank you for letting us be your ride today! Have a wonderful holiday! 😊 *TKR,,,,,,,,,,,,,,,,,,,2025-09-26T20:00:11.359Z,job_20250926_194021,2
68d6f0d9c2ff72e0a91e84b2,531,68ce563252b33355379dfc57,Feedback regarding General,Feedback,General,Positive,,113989,113988,,,,,,,,,,,,,,,,,,,141319,Delta,,,,,,,,,,,,,,,,,,,Customer,Service Provider,,,,,,,,,,,,,,,,,,,true,false,,,,,,,,,,,,,,,,,,,Thu Nov 23 20:56:03 +0000 2017,Thu Nov 23 20:57:25 +0000 2017,,,,,,,,,,,,,,,,,,,Way to go @Delta for putting together a beautiful float in #MacysThanksgivingParade #ahumanchristmastree #harmony #peaceonearth,@141319 Hi Arlene. Thank you. Happy Holidays! 😊 *TKR,,,,,,,,,,,,,,,,,,,2025-09-26T20:00:25.872Z,job_20250926_194021,2
68d6f0ebc2ff72e0a91e84b3,546,68ce563252b33355379dfc66,Technical Support regarding In-Flight Experience,Technical Support,In-Flight Experience,Negative,,116760,116759,,,,,,,,,,,,,,,,,,,142009,Delta,,,,,,,,,,,,,,,,,,,Customer,Service Provider,,,,,,,,,,,,,,,,,,,true,false,,,,,,,,,,,,,,,,,,,Thu Nov 23 22:00:23 +0000 2017,Thu Nov 23 22:04:39 +0000 2017,,,,,,,,,,,,,,,,,,,Thanks @Delta for no football on @140259 today on our flight. Wasn't working even though appeared available and wifi wasn't working either. Last time on a Delta flight.,@142009 Yikes! Please know that we value your business and your feedback. It is unfortunate that we would lose such a valued customer. Please advise if I can be of assistance.  *AST,,,,,,,,,,,,,,,,,,,2025-09-26T20:00:43.959Z,job_20250926_194021,2
68d6f0f9c2ff72e0a91e84b4,550,68ce563252b33355379dfc6a,Other regarding General,Other,General,Neutral,,119130,119129,,,,,,,,,,,,,,,,,,,142401,Delta,,,,,,,,,,,,,,,,,,,Customer,Service Provider,,,,,,,,,,,,,,,,,,,true,false,,,,,,,,,,,,,,,,,,,Thu Nov 23 22:36:15 +0000 2017,Thu Nov 23 22:38:20 +0000 2017,,,,,,,,,,,,,,,,,,,Leaving Indiana for California on Thanksgiving #BeatTheCardinal #GoIrish @Delta https://t.co/7Ln6WZPqon,"@142401 Great pic! Adam, have a wonderful Thanksgiving. ✈ 😊 *TBT",,,,,,,,,,,,,,,,,,,2025-09-26T20:00:57.543Z,job_20250926_194021,2
68d6f109c2ff72e0a91e84b5,554,68ce563252b33355379dfc6e,Feedback regarding Technical,Feedback,Technical,Positive,,119165,119164,,,,,,,,,,,,,,,,,,,142407,Delta,,,,,,,,,,,,,,,,,,,Customer,Service Provider,,,,,,,,,,,,,,,,,,,true,false,,,,,,,,,,,,,,,,,,,Thu Nov 23 22:19:00 +0000 2017,Thu Nov 23 22:20:19 +0000 2017,,,,,,,,,,,,,,,,,,,@Delta on flight 1140 LAX-ATL excellent crew #greatservice #thankyou #bestofthebest #ThanksgivingDay,"@142407 Thanks for flying with us, Nancy. We're glad you had a great flight. We can't wait to welcome you onboard again!  *TCH",,,,,,,,,,,,,,,,,,,2025-09-26T20:01:13.088Z,job_20250926_194021,2
68d6f11ec2ff72e0a91e84b6,555,68ce563252b33355379dfc6f,Complaint regarding Travel,Complaint,Travel,Negative,,120385,120383,120384,120386,,,,,,,,,,,,,,,,,142735,Delta,142735,Delta,,,,,,,,,,,,,,,,,Customer,Service Provider,Customer,Service Provider,,,,,,,,,,,,,,,,,true,false,true,false,,,,,,,,,,,,,,,,,Thu Nov 23 23:04:54 +0000 2017,Thu Nov 23 23:09:52 +0000 2017,Sun Nov 26 01:31:20 +0000 2017,Sun Nov 26 01:33:59 +0000 2017,,,,,,,,,,,,,,,,,This is my last time flying @Delta I won't betray you again @JetBlue,"@142735 Hi, Jacob. I apologize your experience was anything but exceptional. We truly appreciate your loyalty and hope to better serve you in the future.  *TCH",@Delta That sounds like an automated response,"@142735 Actually no, Jacob. We are live agents. We are here 24/7 for your travel needs. Thank you for tweeting us and for choosing Delta!😊 *AFM",,,,,,,,,,,,,,,,,2025-09-26T20:01:34.716Z,job_20250926_194021,2
68d6f12fc2ff72e0a91e84b7,556,68ce563252b33355379dfc70,Feedback regarding General,Feedback,General,Positive,,120389,120388,120387,,,,,,,,,,,,,,,,,,142736,142736,Delta,,,,,,,,,,,,,,,,,,Customer,Customer,Service Provider,,,,,,,,,,,,,,,,,,true,true,false,,,,,,,,,,,,,,,,,,Thu Nov 23 22:51:35 +0000 2017,Thu Nov 23 22:55:46 +0000 2017,Thu Nov 23 23:06:32 +0000 2017,,,,,,,,,,,,,,,,,,It’s the little things in life. Thanks @Delta for always being so amazing! https://t.co/EFxKfj5oVi,@Delta I’m on DL2809 ATL to BWI. Please acknowledge their efforts to brighten my day.,"@142736 Hi, Duane. Thanks for flying with us today. Have a great flight! 😃  *TCH",,,,,,,,,,,,,,,,,,2025-09-26T20:01:51.884Z,job_20250926_194021,2
68d6f144c2ff72e0a91e84b8,558,68ce563252b33355379dfc72,Complaint regarding Customer Service,Complaint,Customer Service,Negative,,120394,120393,,,,,,,,,,,,,,,,,,,142738,Delta,,,,,,,,,,,,,,,,,,,Customer,Service Provider,,,,,,,,,,,,,,,,,,,true,false,,,,,,,,,,,,,,,,,,,Thu Nov 23 22:43:36 +0000 2017,Thu Nov 23 22:45:16 +0000 2017,,,,,,,,,,,,,,,,,,,"@Delta disappointed in today’s service. Unaccompanied minors service at $150, yet didnt live up to my expections... my were siblings left unattended. You all need to #KeepClimbing to better meet customer expectations. #NotTheCompanyItUseToBe","@142738 I'm sorry to learn about this. If you have the confirmation code for the minors, please send it to this link, so I can report the matter.  *HWG https://t.co/6iDGBJAc2m",,,,,,,,,,,,,,,,,,,2025-09-26T20:02:12.671Z,job_20250926_194021,2
68d6f156c2ff72e0a91e84b9,563,68ce563252b33355379dfc77,Technical Support regarding Travel,Technical Support,Travel,Neutral,,121181,121180,121179,,,,,,,,,,,,,,,,,,142978,142978,Delta,,,,,,,,,,,,,,,,,,Customer,Customer,Service Provider,,,,,,,,,,,,,,,,,,true,true,false,,,,,,,,,,,,,,,,,,Thu Nov 23 18:53:56 +0000 2017,Thu Nov 23 23:12:27 +0000 2017,Thu Nov 23 23:22:38 +0000 2017,,,,,,,,,,,,,,,,,,@Delta I lost my ID on my flight to NOLA for Thanksgiving...how do i get home? SOS,@Delta is there any way to travel without one? would a photo copy work,"@142978 Hi, Maddie. I've included a link for TSA regarding information if you don't have your ID.  https://t.co/KsG0LD6X5J *TCH",,,,,,,,,,,,,,,,,,2025-09-26T20:02:30.501Z,job_20250926_194021,2
68d6f16bc2ff72e0a91e84ba,568,68ce563252b33355379dfc7c,Account/Billing regarding Payments,Account/Billing,Payments,Neutral,,122117,122116,122115,122114,122113,122112,,,,,,,,,,,,,,,143220,Delta,143220,Delta,143220,Delta,,,,,,,,,,,,,,,Customer,Service Provider,Customer,Service Provider,Customer,Service Provider,,,,,,,,,,,,,,,true,false,true,false,true,false,,,,,,,,,,,,,,,Thu Nov 23 23:45:09 +0000 2017,Thu Nov 23 23:55:46 +0000 2017,Fri Nov 24 00:00:25 +0000 2017,Fri Nov 24 00:10:35 +0000 2017,Fri Nov 24 00:11:49 +0000 2017,Fri Nov 24 00:12:58 +0000 2017,,,,,,,,,,,,,,,"@Delta hi folks, i just send you a DM as i need you to check something. Thanks!",@143220 Please bear with me.  *AFC,@Delta Yep!,@143220 I do not see that the payment was confirmed for that transaction. The charges will drop off in 24 to 72 hours. We apologize for the inconvenience.  *AFC,@Delta Ok thanks for checking! Happy Thanksgiving Day!,@143220 Same for you. Happy Thanksgiving Day! *AFC,,,,,,,,,,,,,,,2025-09-26T20:02:51.526Z,job_20250926_194021,2
68d6f179c2ff72e0a91e84bb,569,68ce563252b33355379dfc7d,Feedback regarding General,Feedback,General,Positive,,122119,122118,,,,,,,,,,,,,,,,,,,143221,Delta,,,,,,,,,,,,,,,,,,,Customer,Service Provider,,,,,,,,,,,,,,,,,,,true,false,,,,,,,,,,,,,,,,,,,Fri Nov 24 00:04:22 +0000 2017,Fri Nov 24 00:09:20 +0000 2017,,,,,,,,,,,,,,,,,,,"My plane pulled back to gate to accommodate a late arrival, that’s a first. @Delta never seen any plane come after they left the gate",@143221 Wow! That's the holiday spirit! Thanks for sharing.  *HCA,,,,,,,,,,,,,,,,,,,2025-09-26T20:03:05.080Z,job_20250926_194021,2
68d6f186c2ff72e0a91e84bc,570,68ce563252b33355379dfc7e,Product Inquiry regarding General,Product Inquiry,General,Neutral,,122121,122120,,,,,,,,,,,,,,,,,,,143222,Delta,,,,,,,,,,,,,,,,,,,Customer,Service Provider,,,,,,,,,,,,,,,,,,,true,false,,,,,,,,,,,,,,,,,,,Fri Nov 24 00:05:20 +0000 2017,Fri Nov 24 00:09:06 +0000 2017,,,,,,,,,,,,,,,,,,,@Delta got any black friday deals,"@143222 Hi, Hannah. For Special Deals and Offers, please visit our website here:  https://t.co/aoACleuq9a *HJH",,,,,,,,,,,,,,,,,,,2025-09-26T20:03:18.800Z,job_20250926_194021,2
68d6f19dc2ff72e0a91e84bd,589,68ce563252b33355379dfc91,Technical Support regarding Orders,Technical Support,Orders,Positive,,124889,124888,124886,124884,124885,,,,,,,,,,,,,,,,143980,Delta,143980,Delta,143980,,,,,,,,,,,,,,,,Customer,Service Provider,Customer,Service Provider,Customer,,,,,,,,,,,,,,,,true,false,true,false,true,,,,,,,,,,,,,,,,Fri Nov 24 02:01:39 +0000 2017,Fri Nov 24 02:04:18 +0000 2017,Fri Nov 24 02:08:58 +0000 2017,Fri Nov 24 02:09:25 +0000 2017,Fri Nov 24 02:19:16 +0000 2017,,,,,,,,,,,,,,,,"@Delta my uncle and aunt-in-law had a schedule change and lost their pre-reserved seats. They called Res and were told can’t assist but I know that’s not true. It’s their honeymoon, can you help please????","@143980 Oh no, Kimberley! I can certainly try. Please use the link to provide their confirmation #.  *ABN https://t.co/6iDGBJAc2m","@Delta Sent you a message, thanks!",@143980 Please provide a valid Delta confirmation #. *ABN,@Delta Please check the messages I sent.,,,,,,,,,,,,,,,,2025-09-26T20:03:41.927Z,job_20250926_194021,2
68d6f1afc2ff72e0a91e84be,595,68ce563252b33355379dfc97,Complaint regarding Technical Support,Complaint,Technical Support,Negative,,124907,124906,,,,,,,,,,,,,,,,,,,143987,Delta,,,,,,,,,,,,,,,,,,,Customer,Service Provider,,,,,,,,,,,,,,,,,,,true,false,,,,,,,,,,,,,,,,,,,Fri Nov 24 01:44:26 +0000 2017,Fri Nov 24 01:51:44 +0000 2017,,,,,,,,,,,,,,,,,,,"@Delta..painful, painful travel delay in SEA from MSP to Maui. Longest flight delay I have ever experienced. Hoping we go but liklihood of an overnight delay is ever so close. This delay really, really, really hurts!","@143987 We're sorry, Karen. Please use the link to provide your confirmation #.  *ABN https://t.co/6iDGBJAc2m",,,,,,,,,,,,,,,,,,,2025-09-26T20:03:59.893Z,job_20250926_194021,2
68d6f1cdc2ff72e0a91e84bf,596,68ce563252b33355379dfc98,Complaint regarding Technical Support,Complaint,Technical Support,Negative,,124912,124910,124909,124908,,,,,,,,,,,,,,,,,143988,Delta,143988,Delta,,,,,,,,,,,,,,,,,Customer,Service Provider,Customer,Service Provider,,,,,,,,,,,,,,,,,true,false,true,false,,,,,,,,,,,,,,,,,Thu Nov 23 16:24:35 +0000 2017,Thu Nov 23 16:46:30 +0000 2017,Fri Nov 24 01:12:39 +0000 2017,Fri Nov 24 01:43:41 +0000 2017,,,,,,,,,,,,,,,,,@Delta #racialfavoritism. #1 standby list but GA clears at least 4 preferred passengers below me. This is how Delta thanks 3 year platinum and a current gold medallion on #Thanksgivingday. How is this different from involuntary bumping? Stop #inequality. Totally unacceptable.,@143988 Hello Rahul! I apologize for the inconvenience. Please follow/DM your confirmation number for review.  *HKS,@Delta Conf# HGK42H\nSkymiles# 9350290970,"@143988 Hi, Rahul. Allow me a few minutes to review your past tweets. *HJH",,,,,,,,,,,,,,,,,2025-09-26T20:04:29.576Z,job_20250926_194021,2
68d6f1dac2ff72e0a91e84c0,599,68ce563252b33355379dfc9b,Feedback regarding General,Feedback,General,Positive,,125446,125445,,,,,,,,,,,,,,,,,,,144126,Delta,,,,,,,,,,,,,,,,,,,Customer,Service Provider,,,,,,,,,,,,,,,,,,,true,false,,,,,,,,,,,,,,,,,,,Fri Nov 24 02:33:14 +0000 2017,Fri Nov 24 02:34:26 +0000 2017,,,,,,,,,,,,,,,,,,,Thanks for the #DeltaOne upgrade on DL1128 to LA @Delta - much appreciated and makes for a great Happy Thanksgiving!! https://t.co/aCrtTXpxtS,"@144126 Enjoy, Derrick! *ABN",,,,,,,,,,,,,,,,,,,2025-09-26T20:04:42.687Z,job_20250926_194021,2
68d6f1e3c2ff72e0a91e84c1,604,68ce563252b33355379dfca0,Other regarding General,Other,General,Neutral,,125465,125464,,,,,,,,,,,,,,,,,,,144135,Delta,,,,,,,,,,,,,,,,,,,Customer,Service Provider,,,,,,,,,,,,,,,,,,,true,false,,,,,,,,,,,,,,,,,,,Fri Nov 24 02:27:24 +0000 2017,Fri Nov 24 02:29:04 +0000 2017,,,,,,,,,,,,,,,,,,,yo @Delta,@144135 Good evening! *ABN,,,,,,,,,,,,,,,,,,,2025-09-26T20:04:51.830Z,job_20250926_194021,2
68d6f1ecc2ff72e0a91e84c2,605,68ce563252b33355379dfca1, regarding ,,,,,125468,125466,125467,125469,,,,,,,,,,,,,,,,,144136,Delta,144136,Delta,,,,,,,,,,,,,,,,,Customer,Service Provider,Customer,Service Provider,,,,,,,,,,,,,,,,,true,false,true,false,,,,,,,,,,,,,,,,,Fri Nov 24 02:27:24 +0000 2017,Fri Nov 24 02:28:49 +0000 2017,Fri Nov 24 03:00:44 +0000 2017,Fri Nov 24 03:02:16 +0000 2017,,,,,,,,,,,,,,,,,yo @Delta,@144136 Good evening! *ABN,@Delta happy thanks giving ABN :),@144136 Same to you! *ABN,,,,,,,,,,,,,,,,,2025-09-26T20:05:00.522Z,job_20250926_194021,2
68d6f1fdc2ff72e0a91e84c3,614,68ce563252b33355379dfcaa,Complaint regarding Travel,Complaint,Travel,Negative,,126213,126212,,,,,,,,,,,,,,,,,,,144317,Delta,,,,,,,,,,,,,,,,,,,Customer,Service Provider,,,,,,,,,,,,,,,,,,,true,false,,,,,,,,,,,,,,,,,,,Fri Nov 24 02:41:07 +0000 2017,Fri Nov 24 02:55:47 +0000 2017,,,,,,,,,,,,,,,,,,,"@Delta the flight to Maui is delayed 6:30 hrs.. No ones here has any answers... thanks for spoiling everyones much awaited vacation, this is really frustating...not expected from airline like delta",@144317 I sincerely apologize. Please follow and DM your confirmation number.  *AFC https://t.co/6iDGBJAc2m,,,,,,,,,,,,,,,,,,,2025-09-26T20:05:17.708Z,job_20250926_194021,2
68d6f208c2ff72e0a91e84c4,615,68ce563252b33355379dfcab,Other regarding General,Other,General,Neutral,,126215,126214,,,,,,,,,,,,,,,,,,,144318,Delta,,,,,,,,,,,,,,,,,,,Customer,Service Provider,,,,,,,,,,,,,,,,,,,true,false,,,,,,,,,,,,,,,,,,,Fri Nov 24 02:35:41 +0000 2017,Fri Nov 24 02:54:32 +0000 2017,,,,,,,,,,,,,,,,,,,yo @Delta,@144318 Hi there! *AFC,,,,,,,,,,,,,,,,,,,2025-09-26T20:05:28.176Z,job_20250926_194021,2
68d6f215c2ff72e0a91e84c5,618,68ce563252b33355379dfcae,Feedback regarding General,Feedback,General,Positive,,126222,126221,,,,,,,,,,,,,,,,,,,144321,Delta,,,,,,,,,,,,,,,,,,,Customer,Service Provider,,,,,,,,,,,,,,,,,,,true,false,,,,,,,,,,,,,,,,,,,Fri Nov 24 02:06:12 +0000 2017,Fri Nov 24 02:52:15 +0000 2017,,,,,,,,,,,,,,,,,,,Thankful to @Delta for providing enough sky miles for me to be home with my family. Also thankful to @Delta for the surprise first class tickets all the way there! 🤗💺,"@144321 Enjoy, Alicia! *ABN",,,,,,,,,,,,,,,,,,,2025-09-26T20:05:41.709Z,job_20250926_194021,2
68d6f22ac2ff72e0a91e84c6,622,68ce563252b33355379dfcb2,Complaint regarding Technical Support,Complaint,Technical Support,Negative,,126923,126922,,,,,,,,,,,,,,,,,,,143772,Delta,,,,,,,,,,,,,,,,,,,Customer,Service Provider,,,,,,,,,,,,,,,,,,,true,false,,,,,,,,,,,,,,,,,,,Fri Nov 24 03:30:01 +0000 2017,Fri Nov 24 03:41:07 +0000 2017,,,,,,,,,,,,,,,,,,,"This is the most mishandled flight by an airline I've ever witnessed and I have flown A LOT. We've been at the gate delayed 9 hours - no meal vouchers, no information, no help. Crying babies, frustrated customers. Really shameful @Delta https://t.co/DBKVf6CdOs",@143772 I apologize deeply. We are working as fast as we can to get you to your final destination as soon as we are able to do so. We appreciate yuur patience.  *HFG,,,,,,,,,,,,,,,,,,,2025-09-26T20:06:02.205Z,job_20250926_194021,2
68d6f23ac2ff72e0a91e84c7,629,68ce563252b33355379dfcb9,Product Inquiry regarding General,Product Inquiry,General,Neutral,,127497,127496,,,,,,,,,,,,,,,,,,,144632,Delta,,,,,,,,,,,,,,,,,,,Customer,Service Provider,,,,,,,,,,,,,,,,,,,true,false,,,,,,,,,,,,,,,,,,,Fri Nov 24 03:51:46 +0000 2017,Fri Nov 24 04:01:00 +0000 2017,,,,,,,,,,,,,,,,,,,TFW the @Delta app tells you there are two clubs at Haneda Airport and it turns out there are actually zero clubs at Haneda Airport. https://t.co/27WyQvGZTE,"@144632 Thank you for sharing this with us, Melissa. We'll pass this along for review. *ABN",,,,,,,,,,,,,,,,,,,2025-09-26T20:06:18.037Z,job_20250926_194021,2
68d6f24cc2ff72e0a91e84c8,642,68ce563252b33355379dfcc6,Technical Support regarding Travel,Technical Support,Travel,Neutral,,130430,130429,,,,,,,,,,,,,,,,,,,145422,Delta,,,,,,,,,,,,,,,,,,,Customer,Service Provider,,,,,,,,,,,,,,,,,,,true,false,,,,,,,,,,,,,,,,,,,Fri Nov 24 06:29:23 +0000 2017,Fri Nov 24 06:33:38 +0000 2017,,,,,,,,,,,,,,,,,,,"@Delta I lost my wallet on flight 1639 from SAN-ATL on 11/22. My name is Lila Weiss. My ID is in it so you can verify it is mine. All my cards in it, etc. Please help me find this! Thank you.","@145422 I'm so sorry to hear about your lost item. Could you please, follow/DM your confirmation number? *AMV",,,,,,,,,,,,,,,,,,,2025-09-26T20:06:36.187Z,job_20250926_194021,2
68d6f25ac2ff72e0a91e84c9,651,68ce563252b33355379dfccf,Product Inquiry regarding Account/Billing,Product Inquiry,Account/Billing,Neutral,,139210,139209,,,,,,,,,,,,,,,,,,,147372,Delta,,,,,,,,,,,,,,,,,,,Customer,Service Provider,,,,,,,,,,,,,,,,,,,true,false,,,,,,,,,,,,,,,,,,,Fri Nov 24 10:32:08 +0000 2017,Fri Nov 24 11:11:18 +0000 2017,,,,,,,,,,,,,,,,,,,Hey @Delta my KTID is in my profile but my bp doesn’t say pre check. What am I doing wrong?,@147372 I apologize for this. Please follow/DM your confirmation number so that I may look into this further. Thank you. *ATJ,,,,,,,,,,,,,,,,,,,2025-09-26T20:06:50.657Z,job_20250926_194021,2
68d6f278c2ff72e0a91e84ca,653,68ce563252b33355379dfcd1,Complaint regarding Billing/Charges,Complaint,Billing/Charges,Negative,,139217,139215,139216,139218,,,,,,,,,,,,,,,,,147374,Delta,147374,Delta,,,,,,,,,,,,,,,,,Customer,Service Provider,Customer,Service Provider,,,,,,,,,,,,,,,,,true,false,true,false,,,,,,,,,,,,,,,,,Fri Nov 24 10:03:35 +0000 2017,Fri Nov 24 11:06:39 +0000 2017,Fri Nov 24 13:49:21 +0000 2017,Fri Nov 24 13:52:30 +0000 2017,,,,,,,,,,,,,,,,,Loyal @Delta customer not happy being charged an extra $200 for a surfboard bag that was overweight by 12lbs. More than doubled the cost. Price gouging??,"@147374 Please accept our apology for the unfavorable impression you received in this instance. We appreciate your selection of Delta and will always consider it a privilege to be of service. Please tweet us, if you need us. Thank you.  *ATJ","@Delta Thanks for the auto responder apology - I think. If you truly want to be of service let me know what you can do to “make things right”. 2 surfboards in one bag should be cheaper that checking them separately, but not in this case.","@147374 We appreciate your constructive feedback, and we are grateful you've taken the time to share. It helps us to be better. *AJZ",,,,,,,,,,,,,,,,,2025-09-26T20:07:20.503Z,job_20250926_194021,2
68d6f286c2ff72e0a91e84cb,656,68ce563252b33355379dfcd4,Account/Billing regarding Technical,Account/Billing,Technical,Neutral,,139226,139225,,,,,,,,,,,,,,,,,,,147378,Delta,,,,,,,,,,,,,,,,,,,Customer,Service Provider,,,,,,,,,,,,,,,,,,,true,false,,,,,,,,,,,,,,,,,,,Fri Nov 24 09:29:59 +0000 2017,Fri Nov 24 10:55:14 +0000 2017,,,,,,,,,,,,,,,,,,,@DELTA I need my account unlocked,"@147378 Hello, Ed! I will be glad to assist. Your account will stay locked for 24hrs. You can DM your confirmation# and I will try to assist.  *TCC",,,,,,,,,,,,,,,,,,,2025-09-26T20:07:34.244Z,job_20250926_194021,2
68d6f293c2ff72e0a91e84cc,657,68ce563252b33355379dfcd5,Feedback regarding General,Feedback,General,Positive,,139228,139227,,,,,,,,,,,,,,,,,,,147379,Delta,,,,,,,,,,,,,,,,,,,Customer,Service Provider,,,,,,,,,,,,,,,,,,,true,false,,,,,,,,,,,,,,,,,,,Fri Nov 24 09:22:50 +0000 2017,Fri Nov 24 10:54:32 +0000 2017,,,,,,,,,,,,,,,,,,,Thank you for all @Delta employees working this thanksgiving to make our travel plans happen. ✈️,@147379 You're welcome! We are happy to have been your ride! Hope you had a great Thanksgiving! *TBW,,,,,,,,,,,,,,,,,,,2025-09-26T20:07:47.434Z,job_20250926_194021,2
68d6f2a1c2ff72e0a91e84cd,659,68ce563252b33355379dfcd7,Feedback regarding General,Feedback,General,Positive,,140221,140220,,,,,,,,,,,,,,,,,,,147643,Delta,,,,,,,,,,,,,,,,,,,Customer,Service Provider,,,,,,,,,,,,,,,,,,,true,false,,,,,,,,,,,,,,,,,,,Fri Nov 24 11:33:21 +0000 2017,Fri Nov 24 11:34:09 +0000 2017,,,,,,,,,,,,,,,,,,,@Delta Please bring back Splenda for our coffee! Thanks.,@147643 We appreciate your constructive feedback and we are grateful you've taken the time to share. It helps us to be better. Have a great rest of your day. Tweet us if you need us. *AJZ,,,,,,,,,,,,,,,,,,,2025-09-26T20:08:01.485Z,job_20250926_194021,2
68d6f2b8c2ff72e0a91e84ce,663,68ce563252b33355379dfcdb,Technical Support regarding General,Technical Support,General,Neutral,,141358,141357,,,,,,,,,,,,,,,,,,,147881,Delta,,,,,,,,,,,,,,,,,,,Customer,Service Provider,,,,,,,,,,,,,,,,,,,true,false,,,,,,,,,,,,,,,,,,,Fri Nov 24 12:00:34 +0000 2017,Fri Nov 24 12:02:16 +0000 2017,,,,,,,,,,,,,,,,,,,@Delta how do I fix this on iPhone X / iOS 11?  Can't add my boarding pass to wallet.  Other flights have worked fine. https://t.co/2Oi7YBFwNI,"@147881 Hello, Shabba! I apologize for any issues that you are having with the app. Please check with Online Customer Support Desk 888 750 3284 and they will be glad to assist. *TCC",,,,,,,,,,,,,,,,,,,2025-09-26T20:08:24.155Z,job_20250926_194021,2
68d6f2c9c2ff72e0a91e84cf,668,68ce563252b33355379dfce0,Technical Support regarding Travel/Flight,Technical Support,Travel/Flight,Negative,,142289,142288,,,,,,,,,,,,,,,,,,,148104,Delta,,,,,,,,,,,,,,,,,,,Customer,Service Provider,,,,,,,,,,,,,,,,,,,true,false,,,,,,,,,,,,,,,,,,,Fri Nov 24 12:15:28 +0000 2017,Fri Nov 24 12:16:23 +0000 2017,,,,,,,,,,,,,,,,,,,When 'first class' is merely a seat assignment @Delta 2928 Seat 1D #wereyouraisedinabarn? https://t.co/ZrlPLYshhe,@148104 Oh no! Thank you for flying with us. Enjoy your flight. ✈ *ATJ,,,,,,,,,,,,,,,,,,,2025-09-26T20:08:41.815Z,job_20250926_194021,2
68d6f2dac2ff72e0a91e84d0,339,68ce563252b33355379dfb97,Feedback regarding General,Feedback,General,Positive,,77838,77837,,,,,,,,,,,,,,,,,,,133354,Delta,,,,,,,,,,,,,,,,,,,Customer,Service Provider,,,,,,,,,,,,,,,,,,,true,false,,,,,,,,,,,,,,,,,,,Thu Nov 30 12:03:48 +0000 2017,Thu Nov 30 12:05:10 +0000 2017,,,,,,,,,,,,,,,,,,,@Delta the little things like setting out coffee and breakfast bars while waiting to board in am are why I'm a loyal customer. Thanks!,"@133354 We're thankful to have you as a member of #TeamDelta, Robert. We appreciate the shout out this morning. *ASK",,,,,,,,,,,,,,,,,,,2025-09-26T20:08:58.121Z,job_20250926_194021,2
68d6f2f0c2ff72e0a91e84d1,341,68ce563252b33355379dfb99,Feedback regarding Technical Support,Feedback,Technical Support,Neutral,,79582,79581,,,,,,,,,,,,,,,,,,,133659,Delta,,,,,,,,,,,,,,,,,,,Customer,Service Provider,,,,,,,,,,,,,,,,,,,true,false,,,,,,,,,,,,,,,,,,,Thu Nov 30 12:54:22 +0000 2017,Thu Nov 30 12:55:38 +0000 2017,,,,,,,,,,,,,,,,,,,"@Delta when three flights are departing at the same time the gate agents need to state which flight is boarding, not just call out the zone. Made for a much more confusing boarding process. #RSW","@133659 Hi, Kristin. I'm sorry for the inconvenience. I'll be sure to forward your concern to our Leadership Team for review.  *TJH",,,,,,,,,,,,,,,,,,,2025-09-26T20:09:20.392Z,job_20250926_194021,2
68d6f2fec2ff72e0a91e84d2,343,68ce563252b33355379dfb9b,Feedback regarding General,Feedback,General,Positive,,79586,79585,,,,,,,,,,,,,,,,,,,133661,Delta,,,,,,,,,,,,,,,,,,,Customer,Service Provider,,,,,,,,,,,,,,,,,,,true,false,,,,,,,,,,,,,,,,,,,Thu Nov 30 12:46:14 +0000 2017,Thu Nov 30 12:46:55 +0000 2017,,,,,,,,,,,,,,,,,,,Hitting my flight and getting @Delta gold status. Hoping there is confetti.,@133661 Congratulations Hilary. Keep climbing! *ALS,,,,,,,,,,,,,,,,,,,2025-09-26T20:09:34.766Z,job_20250926_194021,2
68d6f316c2ff72e0a91e84d3,346,68ce563252b33355379dfb9e,Complaint regarding Technical Support,Complaint,Technical Support,Negative,,79594,79593,,,,,,,,,,,,,,,,,,,133663,Delta,,,,,,,,,,,,,,,,,,,Customer,Service Provider,,,,,,,,,,,,,,,,,,,true,false,,,,,,,,,,,,,,,,,,,Thu Nov 30 12:40:26 +0000 2017,Thu Nov 30 12:43:30 +0000 2017,,,,,,,,,,,,,,,,,,,@Delta generously credited FF miles after my cross country flight without wifi and inseat entertainment.  #confused as to why I got the same credit after paying for 4 ticketed travelers that a single traveler got.  #notfaircredit,@133663 Please DM your confirmation number so I can review your SkyMiles account.  *TDH https://t.co/6iDGBJAc2m,,,,,,,,,,,,,,,,,,,2025-09-26T20:09:58.528Z,job_20250926_194021,2
68d6f325c2ff72e0a91e84d4,357,68ce563252b33355379dfba9,Feedback regarding General,Feedback,General,Positive,,83845,83844,,,,,,,,,,,,,,,,,,,134424,Delta,,,,,,,,,,,,,,,,,,,Customer,Service Provider,,,,,,,,,,,,,,,,,,,true,false,,,,,,,,,,,,,,,,,,,Thu Nov 30 13:40:29 +0000 2017,Thu Nov 30 13:41:36 +0000 2017,,,,,,,,,,,,,,,,,,,@Delta you for sure have one of the best airline clubs out there.  Delta Sky Club at Newark Airport is wonderful.,"@134424 Hello, Nicholas. Wow! We appreciate this great feedback! Thank you for choosing us!  *ARD",,,,,,,,,,,,,,,,,,,2025-09-26T20:10:13.672Z,job_20250926_194021,2
68d6f336c2ff72e0a91e84d5,362,68ce563252b33355379dfbae,Feedback regarding General,Feedback,General,Positive,,86475,86474,,,,,,,,,,,,,,,,,,,134889,Delta,,,,,,,,,,,,,,,,,,,Customer,Service Provider,,,,,,,,,,,,,,,,,,,true,false,,,,,,,,,,,,,,,,,,,Thu Nov 30 14:23:29 +0000 2017,Thu Nov 30 14:25:49 +0000 2017,,,,,,,,,,,,,,,,,,,Classy move by @Delta near ATL B32. Thank you for doing a little extra for our veterans and their families over the holidays. https://t.co/rhkShMF5Oq,@134889 You are welcome! Thank you for flying with us! *AMS,,,,,,,,,,,,,,,,,,,2025-09-26T20:10:30.679Z,job_20250926_194021,2
68d6f346c2ff72e0a91e84d6,363,68ce563252b33355379dfbaf,Feedback regarding General,Feedback,General,Positive,,86477,86476,,,,,,,,,,,,,,,,,,,134890,Delta,,,,,,,,,,,,,,,,,,,Customer,Service Provider,,,,,,,,,,,,,,,,,,,true,false,,,,,,,,,,,,,,,,,,,Thu Nov 30 14:23:37 +0000 2017,Thu Nov 30 14:25:27 +0000 2017,,,,,,,,,,,,,,,,,,,Thanks @Delta for offering a gluten-free snack on my last flight! Very tasty and much appreciated! https://t.co/BdJSYPkcB6,@134890 You are most welcome. Thanks for enjoying the Delta Experience and thank you for tweeting us today; we're always here ready to help whenever you need us. Happy Travels 😄😄 *AJZ,,,,,,,,,,,,,,,,,,,2025-09-26T20:10:46.752Z,job_20250926_194021,2
68d6f35dc2ff72e0a91e84d7,365,68ce563252b33355379dfbb1,Technical Support regarding Travel,Technical Support,Travel,Neutral,,86481,86480,,,,,,,,,,,,,,,,,,,134892,Delta,,,,,,,,,,,,,,,,,,,Customer,Service Provider,,,,,,,,,,,,,,,,,,,true,false,,,,,,,,,,,,,,,,,,,Thu Nov 30 14:20:38 +0000 2017,Thu Nov 30 14:23:38 +0000 2017,,,,,,,,,,,,,,,,,,,Hi @Delta. My daughter and I are traveling from Newark to Kansas City through Detroit. We’re stuck on the ground in Newark and I’m afraid we’ll miss our connection in Detroit. Help!,"@134892 Oh, no. Sorry to hear of the travel interruptions. I will be happy to review your reservation. Please share your confirmation number via DM for further review.  *AJZ https://t.co/6iDGBJAc2m",,,,,,,,,,,,,,,,,,,2025-09-26T20:11:09.544Z,job_20250926_194021,2
68d6f37cc2ff72e0a91e84d8,367,68ce563252b33355379dfbb3,Complaint regarding Travel,Complaint,Travel,Negative,,86487,86486,86485,86484,,,,,,,,,,,,,,,,,134894,Delta,134894,Delta,,,,,,,,,,,,,,,,,Customer,Service Provider,Customer,Service Provider,,,,,,,,,,,,,,,,,true,false,true,false,,,,,,,,,,,,,,,,,Thu Nov 30 14:05:07 +0000 2017,Thu Nov 30 14:06:46 +0000 2017,Thu Nov 30 14:19:48 +0000 2017,Thu Nov 30 14:22:10 +0000 2017,,,,,,,,,,,,,,,,,@Delta never fails... to disappoint me every single time I fly with them. Sitting on the tarmac in ATL with a broken plane and broken video system when we should have left an hour ago. 🤦🏼‍♀️,"@134894 Hello, Lorraine. Very sorry for the inconveniences you have endured thus far concerning your travels. We must do better. Our team should get you going shortly. We appreciate your patience.  *ARD","@Delta It never fails.. a delay, a missed connection by taking off late, a broken plane. 🤷🏼‍♀️ You can repay me in Diet Coke and Pretzels.. if we ever get off the ground. Thnx for the response. 👌🏼",@134894 Our apologies again. You may definitely speak with our in-flight team concerning your request. They will be happy to assist. You are very welcome.  *ARD,,,,,,,,,,,,,,,,,2025-09-26T20:11:40.915Z,job_20250926_194021,2
68d6f38dc2ff72e0a91e84d9,373,68ce563252b33355379dfbb9,Technical Support regarding Travel/Transportation,Technical Support,Travel/Transportation,Negative,,86510,86509,,,,,,,,,,,,,,,,,,,134901,Delta,,,,,,,,,,,,,,,,,,,Customer,Service Provider,,,,,,,,,,,,,,,,,,,true,false,,,,,,,,,,,,,,,,,,,Thu Nov 30 14:09:06 +0000 2017,Thu Nov 30 14:09:39 +0000 2017,,,,,,,,,,,,,,,,,,,What is up with @Delta mechanical issues with planes? This is the second DAY and second PLANE with delays and issues!!! Get it together!,"@134901 Hi Chelley, we do apologize for the delays. *AMS",,,,,,,,,,,,,,,,,,,2025-09-26T20:11:57.062Z,job_20250926_194021,2
68d6f398c2ff72e0a91e84da,380,68ce563252b33355379dfbc0,Product Inquiry regarding Travel/Transportation,Product Inquiry,Travel/Transportation,Neutral,,87436,,,,,,,,,,,,,,,,,,,,135155,,,,,,,,,,,,,,,,,,,,Customer,,,,,,,,,,,,,,,,,,,,true,,,,,,,,,,,,,,,,,,,,Thu Nov 30 13:57:32 +0000 2017,,,,,,,,,,,,,,,,,,,,Airlines with MBJ staff: @AmericanAir @SouthwestAir @135156 @Delta and even @116450. Airlines with no staff: @JetBlue.,,,,,,,,,,,,,,,,,,,,2025-09-26T20:12:08.729Z,job_20250926_194021,2
68d6f3a7c2ff72e0a91e84db,382,68ce563252b33355379dfbc2,Feedback regarding General,Feedback,General,Positive,,89796,89795,,,,,,,,,,,,,,,,,,,135438,Delta,,,,,,,,,,,,,,,,,,,Customer,Service Provider,,,,,,,,,,,,,,,,,,,true,false,,,,,,,,,,,,,,,,,,,Thu Nov 30 14:54:55 +0000 2017,Thu Nov 30 14:56:25 +0000 2017,,,,,,,,,,,,,,,,,,,@Delta Penny is already a big fan of the #Delta experience. #keepclimbing #futuremillionmiler #flydelta #wanderer #adventure https://t.co/GRiVRncHyJ,"@135438 Great picture, thanks for flying with us! *AMS",,,,,,,,,,,,,,,,,,,2025-09-26T20:12:23.704Z,job_20250926_194021,2
68d6f3b5c2ff72e0a91e84dc,387,68ce563252b33355379dfbc7,Other regarding General,Other,General,Neutral,,89815,89814,,,,,,,,,,,,,,,,,,,135444,Delta,,,,,,,,,,,,,,,,,,,Customer,Service Provider,,,,,,,,,,,,,,,,,,,true,false,,,,,,,,,,,,,,,,,,,Thu Nov 30 14:39:47 +0000 2017,Thu Nov 30 14:40:25 +0000 2017,,,,,,,,,,,,,,,,,,,Cloudy day over Georgia &amp; Alabama on my way to @135445. Always love when I fly @delta. https://t.co/U7OodA9GPM,@135444 Hi Noah! Have a safe trip. *ALS,,,,,,,,,,,,,,,,,,,2025-09-26T20:12:37.349Z,job_20250926_194021,2
68d6f3c9c2ff72e0a91e84dd,388,68ce563252b33355379dfbc8,Technical Support regarding Travel,Technical Support,Travel,Negative,,89820,89819,89818,89817,,,,,,,,,,,,,,,,,135446,Delta,135446,Delta,,,,,,,,,,,,,,,,,Customer,Service Provider,Customer,Service Provider,,,,,,,,,,,,,,,,,true,false,true,false,,,,,,,,,,,,,,,,,Thu Nov 30 14:32:37 +0000 2017,Thu Nov 30 14:33:33 +0000 2017,Thu Nov 30 14:36:34 +0000 2017,Thu Nov 30 14:38:22 +0000 2017,,,,,,,,,,,,,,,,,"So thanks @Delta, even though we were early for our flight, we were late 👌😃","@135446 Hello. Our apologies for your delay. We must do better. If you need any help, let us know.  *ARD","@Delta I appreciate that. But I don't appreciate being charged $150 and 7 hours stuck in the airport, just because the shuttle was late :/",@135446 Follow/DM your confirm #.  *ARD,,,,,,,,,,,,,,,,,2025-09-26T20:12:57.203Z,job_20250926_194021,2
68d6f3dfc2ff72e0a91e84de,399,68ce563252b33355379dfbd3,Product Inquiry regarding Technical,Product Inquiry,Technical,Neutral,,91767,91765,91766,91768,,,,,,,,,,,,,,,,,135903,Delta,135903,Delta,,,,,,,,,,,,,,,,,Customer,Service Provider,Customer,Service Provider,,,,,,,,,,,,,,,,,true,false,true,false,,,,,,,,,,,,,,,,,Thu Nov 30 15:02:50 +0000 2017,Thu Nov 30 15:08:54 +0000 2017,Fri Dec 01 13:29:27 +0000 2017,Fri Dec 01 13:31:48 +0000 2017,,,,,,,,,,,,,,,,,@Delta what is going on with the new update on iOS? Having some issues checking in etc. for an upcoming flight.,@135903 Hi Alex. Please contact our Online Customer Support Desk at 888 750 3284 for assistance with checking in. *ALS,@Delta Thanks for getting this squared away and for the 1st class upgrade (like always😜) definitely not upset anymore.,@135903 You are most welcome.Thanks for enjoying the Delta Experience and thank you for tweeting us today; we're always here ready to help whenever you need us. *AJZ,,,,,,,,,,,,,,,,,2025-09-26T20:13:19.484Z,job_20250926_194021,2
68d6f3eac2ff72e0a91e84df,409,68ce563252b33355379dfbdd,Technical Support regarding Technical,Technical Support,Technical,Neutral,,94150,94149,,,,,,,,,,,,,,,,,,,136428,Delta,,,,,,,,,,,,,,,,,,,Customer,Service Provider,,,,,,,,,,,,,,,,,,,true,false,,,,,,,,,,,,,,,,,,,Thu Nov 30 15:23:46 +0000 2017,Thu Nov 30 15:32:38 +0000 2017,,,,,,,,,,,,,,,,,,,@Delta why does you app checkin/ upgrade not work for 2 hours now?,@136428 You're welcome. *ALS,,,,,,,,,,,,,,,,,,,2025-09-26T20:13:30.891Z,job_20250926_194021,2
68d6f3f7c2ff72e0a91e84e0,411,68ce563252b33355379dfbdf,Order Status regarding Travel/Flight,Order Status,Travel/Flight,Neutral,,95918,95917,,,,,,,,,,,,,,,,,,,123837,Delta,,,,,,,,,,,,,,,,,,,Customer,Service Provider,,,,,,,,,,,,,,,,,,,true,false,,,,,,,,,,,,,,,,,,,Thu Nov 30 16:17:11 +0000 2017,Thu Nov 30 16:26:50 +0000 2017,,,,,,,,,,,,,,,,,,,Hey @Delta - can you help me to see if I can change my flight?,@123837 Hi Daniel. May I have your confirmation number? Please DM for privacy. *ALS,,,,,,,,,,,,,,,,,,,2025-09-26T20:13:43.620Z,job_20250926_194021,2
68d6f409c2ff72e0a91e84e1,417,68ce563252b33355379dfbe5,Cancel Order regarding Orders,Cancel Order,Orders,Neutral,,95937,95936,,,,,,,,,,,,,,,,,,,136888,Delta,,,,,,,,,,,,,,,,,,,Customer,Service Provider,,,,,,,,,,,,,,,,,,,true,false,,,,,,,,,,,,,,,,,,,Thu Nov 30 15:40:44 +0000 2017,Thu Nov 30 16:14:54 +0000 2017,,,,,,,,,,,,,,,,,,,"@Delta hey, so I added baggage to my flight (standard $25 check in) but have decided that I am just going to pack a carry-on. How do I get this baggage fee removed from my ticket?","@136888 Hi, there. I will be happy to take a look. Please share your confirmation number via DM.  *AJZ https://t.co/6iDGBJAc2m",,,,,,,,,,,,,,,,,,,2025-09-26T20:14:01.650Z,job_20250926_194021,2
68d6f419c2ff72e0a91e84e2,419,68ce563252b33355379dfbe7,Feedback regarding Air Travel,Feedback,Air Travel,Positive,,95941,95940,,,,,,,,,,,,,,,,,,,136890,Delta,,,,,,,,,,,,,,,,,,,Customer,Service Provider,,,,,,,,,,,,,,,,,,,true,false,,,,,,,,,,,,,,,,,,,Thu Nov 30 15:56:40 +0000 2017,Thu Nov 30 16:09:32 +0000 2017,,,,,,,,,,,,,,,,,,,"Why do I love @136891?  I can park my car, check my bag, and get through TSA in 10 minutes.  @Delta @136892","@136890 Greg, have a great flt! We appreciate your loyalty! *HKM",,,,,,,,,,,,,,,,,,,2025-09-26T20:14:17.917Z,job_20250926_194021,2
68d6f430c2ff72e0a91e84e3,434,68ce563252b33355379dfbf6,Account/Billing regarding Credit/Voucher,Account/Billing,Credit/Voucher,Neutral,,97743,97742,97740,97738,97739,97741,,,,,,,,,,,,,,,137405,Delta,137405,Delta,137405,Delta,,,,,,,,,,,,,,,Customer,Service Provider,Customer,Service Provider,Customer,Service Provider,,,,,,,,,,,,,,,true,false,true,false,true,false,,,,,,,,,,,,,,,Thu Nov 30 16:38:58 +0000 2017,Thu Nov 30 16:42:17 +0000 2017,Thu Nov 30 16:43:27 +0000 2017,Thu Nov 30 16:50:33 +0000 2017,Thu Nov 30 17:05:47 +0000 2017,Thu Nov 30 17:08:18 +0000 2017,,,,,,,,,,,,,,,@Delta I'm hoping to speak to someone about a credit voucher...is there a chat or best # to call,@137405 Hi Jim. What is your question in regards to the voucher? *ALS,@Delta I have a voucher that is set to expire soon...was told you may exchange for AMEX gift card,"@137405 Unfortunately, you cannot exchange a credit voucher for a American Express gift card. *ALS",@Delta Thanks for the reply,@137405 You're welcome. *ALS,,,,,,,,,,,,,,,2025-09-26T20:14:40.128Z,job_20250926_194021,2
68d6f44bc2ff72e0a91e84e4,438,68ce563252b33355379dfbfa,Account/Billing regarding Technical Support,Account/Billing,Technical Support,Neutral,,97758,97756,97757,97759,,,,,,,,,,,,,,,,,137410,Delta,137410,Delta,,,,,,,,,,,,,,,,,Customer,Service Provider,Customer,Service Provider,,,,,,,,,,,,,,,,,true,false,true,false,,,,,,,,,,,,,,,,,Thu Nov 30 16:38:32 +0000 2017,Thu Nov 30 16:43:31 +0000 2017,Thu Nov 30 17:38:36 +0000 2017,Thu Nov 30 17:42:14 +0000 2017,,,,,,,,,,,,,,,,,@delta can someone please help me do a name change on my skymiles acct? Called and was told to submit online..3 weeks later no response. I need to buy tickets!,"@137410 Hello, I do apologize  we are unable to do this via twitter. I suggest you to purchase your ticket now and once your name is changed you have 9 months to submit for credit. *AMS",@Delta Would I have to buy it then refund and repurchase it again with my name change? Because I really don’t want to do that.,@137410 Hi Sidney. I would suggest that you go ahead and make the purchase of your ticket in the name as it appears on your travel documents while you wait for your account to be updated. *TAS,,,,,,,,,,,,,,,,,2025-09-26T20:15:07.579Z,job_20250926_194021,2
68d6f457c2ff72e0a91e84e5,441,68ce563252b33355379dfbfd,Other regarding General,Other,General,Neutral,,97768,97766,97767,,,,,,,,,,,,,,,,,,137413,Delta,137413,,,,,,,,,,,,,,,,,,Customer,Service Provider,Customer,,,,,,,,,,,,,,,,,,true,false,true,,,,,,,,,,,,,,,,,,Thu Nov 30 16:14:23 +0000 2017,Thu Nov 30 16:39:24 +0000 2017,Thu Nov 30 16:44:10 +0000 2017,,,,,,,,,,,,,,,,,,hi @Delta,@137413 Hi there! Is there something we can assist you with? *TJE,@Delta Life,,,,,,,,,,,,,,,,,,2025-09-26T20:15:19.591Z,job_20250926_194021,2
68d6f468c2ff72e0a91e84e6,454,68ce563252b33355379dfc0a,Other regarding Travel,Other,Travel,Neutral,,100261,100258,100256,100257,100259,,,,,,,,,,,,,,,,Delta,137970,Delta,137970,Delta,,,,,,,,,,,,,,,,Service Provider,Customer,Service Provider,Customer,Service Provider,,,,,,,,,,,,,,,,false,true,false,true,false,,,,,,,,,,,,,,,,Thu Nov 30 17:02:15 +0000 2017,Thu Nov 30 17:03:52 +0000 2017,Thu Nov 30 17:21:34 +0000 2017,Thu Nov 30 17:39:21 +0000 2017,Thu Nov 30 17:41:52 +0000 2017,,,,,,,,,,,,,,,,Where do you like to travel during #winter holidays?,@Delta Dominican Republic 🇩🇴 💃🏽,"@137970 Hi, Betsy. That sounds like a great choice! Thanks for tweeting us today. 😊 *AJL","@Delta My pleasure, thank you for your great service ❤️",@137970 You are welcome! *TCC,,,,,,,,,,,,,,,,2025-09-26T20:15:36.917Z,job_20250926_194021,2
68d6f477c2ff72e0a91e84e7,455,68ce563252b33355379dfc0b,Product Information regarding Travel/Aviation,Product Information,Travel/Aviation,Neutral,,100504,100503,,,,,,,,,,,,,,,,,,,137971,Delta,,,,,,,,,,,,,,,,,,,Customer,Service Provider,,,,,,,,,,,,,,,,,,,true,false,,,,,,,,,,,,,,,,,,,Thu Nov 30 17:00:00 +0000 2017,Thu Nov 30 17:20:12 +0000 2017,,,,,,,,,,,,,,,,,,,@Delta do madallion members no longer get free bags? On my reservations it says I must pay for my bags. What's u?,"@137971 Hi, Stephen! Please DM your confirmation number and I'll be happy to look into this for you. *TJE",,,,,,,,,,,,,,,,,,,2025-09-26T20:15:51.544Z,job_20250926_194021,2
68d6f485c2ff72e0a91e84e8,458,68ce563252b33355379dfc0e,Feedback regarding General,Feedback,General,Positive,,100510,100509,,,,,,,,,,,,,,,,,,,137974,Delta,,,,,,,,,,,,,,,,,,,Customer,Service Provider,,,,,,,,,,,,,,,,,,,true,false,,,,,,,,,,,,,,,,,,,Thu Nov 30 16:58:26 +0000 2017,Thu Nov 30 17:16:50 +0000 2017,,,,,,,,,,,,,,,,,,,You know you travel a lot when your regular bar is the ATL @Delta SkyClub.,"@137974 Hey Dusty, it is the hot spot in the ATL. 😉 We always love having you hang with us. Now sit back, relax and enjoy. 🍺",,,,,,,,,,,,,,,,,,,2025-09-26T20:16:05.287Z,job_20250926_194021,2
68d6f495c2ff72e0a91e84e9,462,68ce563252b33355379dfc12,Feedback regarding General,Feedback,General,Positive,,100528,100527,,,,,,,,,,,,,,,,,,,137980,Delta,,,,,,,,,,,,,,,,,,,Customer,Service Provider,,,,,,,,,,,,,,,,,,,true,false,,,,,,,,,,,,,,,,,,,Thu Nov 30 16:45:06 +0000 2017,Thu Nov 30 17:08:37 +0000 2017,,,,,,,,,,,,,,,,,,,A great big thank you to Nancy on @Delta flight 1 from LHR to JFK yesterday for helping to find a lost wallet!!!! My boss was so very relieved to have it back this am!,"@137980 Thank you for sharing, Bethany. I've shared your positive sentiments with Nancy's leadership. Thank you for reaching out today. *ASK",,,,,,,,,,,,,,,,,,,2025-09-26T20:16:21.322Z,job_20250926_194021,2
68d6f49fc2ff72e0a91e84ea,463,68ce563252b33355379dfc13,Other regarding General,Other,General,Neutral,,100532,100530,100531,,,,,,,,,,,,,,,,,,137982,Delta,137982,,,,,,,,,,,,,,,,,,Customer,Service Provider,Customer,,,,,,,,,,,,,,,,,,true,false,true,,,,,,,,,,,,,,,,,,Thu Nov 30 17:05:31 +0000 2017,Thu Nov 30 17:06:14 +0000 2017,Thu Nov 30 17:06:29 +0000 2017,,,,,,,,,,,,,,,,,,@Delta follow me,@137982 Done *AMS,@Delta Good shit delta,,,,,,,,,,,,,,,,,,2025-09-26T20:16:31.436Z,job_20250926_194021,2
68d6f4adc2ff72e0a91e84eb,465,68ce563252b33355379dfc15,Product Inquiry regarding Account/Billing,Product Inquiry,Account/Billing,Neutral,,102256,102255,,,,,,,,,,,,,,,,,,,138432,Delta,,,,,,,,,,,,,,,,,,,Customer,Service Provider,,,,,,,,,,,,,,,,,,,true,false,,,,,,,,,,,,,,,,,,,Thu Nov 30 17:56:16 +0000 2017,Thu Nov 30 17:57:47 +0000 2017,,,,,,,,,,,,,,,,,,,@Delta I have a miles question.  I just bought 2 tickets with miles and cash.  Does the cash go toward my MQDs?,"@138432 Hi Nikolas, one moment while I check on this for you. Thanks. *TAS",,,,,,,,,,,,,,,,,,,2025-09-26T20:16:45.345Z,job_20250926_194021,2
68d6f4c2c2ff72e0a91e84ec,467,68ce563252b33355379dfc17,Feedback regarding Travel,Feedback,Travel,Positive,,102265,102264,102263,102262,,,,,,,,,,,,,,,,,138434,Delta,138434,Delta,,,,,,,,,,,,,,,,,Customer,Service Provider,Customer,Service Provider,,,,,,,,,,,,,,,,,true,false,true,false,,,,,,,,,,,,,,,,,Thu Nov 30 17:30:10 +0000 2017,Thu Nov 30 17:35:21 +0000 2017,Thu Nov 30 17:48:15 +0000 2017,Thu Nov 30 17:51:59 +0000 2017,,,,,,,,,,,,,,,,,Headed to #Nashville for #WCUS. I was through security less than 7 minutes after stepping away from the car. Thanks @Delta #travel #CanYouBelieveIt #magic  #truth #StrangerThings #timeforstarbucks https://t.co/4a4cVBc1NY,@138434 Hi Jen. That is wonderful! what a great way to start your trip. Enjoy!                 *TAS,@Delta Definitely is! ❤️,@138434 Fantastic! Please enjoy. *TAS,,,,,,,,,,,,,,,,,2025-09-26T20:17:06.442Z,job_20250926_194021,2
68d6f4dec2ff72e0a91e84ed,468,68ce563252b33355379dfc18,Order Status regarding Shipping/Delivery,Order Status,Shipping/Delivery,Neutral,,102268,102266,102267,102269,,,,,,,,,,,,,,,,,138435,Delta,138435,Delta,,,,,,,,,,,,,,,,,Customer,Service Provider,Customer,Service Provider,,,,,,,,,,,,,,,,,true,false,true,false,,,,,,,,,,,,,,,,,Thu Nov 30 17:46:42 +0000 2017,Thu Nov 30 17:49:21 +0000 2017,Thu Nov 30 19:38:00 +0000 2017,Thu Nov 30 19:40:31 +0000 2017,,,,,,,,,,,,,,,,,@delta my Delta app shows my checked bag has not been loaded on the plane. We’re pushing back soon.,@138435 Hi Laurie. It may take a while for the bag to show scanned in. You can track you luggage using this link https://t.co/m5gpqdc0l4. *ALS,@Delta @delta still showing my bag in Atlanta. Ugh,@138435 HI Laurie. I am so sorry about that. Please DM your information so I can make sure of this for you. Thanks.  *TMS https://t.co/6iDGBJAc2m,,,,,,,,,,,,,,,,,2025-09-26T20:17:34.648Z,job_20250926_194021,2
68d6f4f0c2ff72e0a91e84ee,471,68ce563252b33355379dfc1b,Technical Support regarding Account/Billing,Technical Support,Account/Billing,Neutral,,102280,102279,,,,,,,,,,,,,,,,,,,138439,Delta,,,,,,,,,,,,,,,,,,,Customer,Service Provider,,,,,,,,,,,,,,,,,,,true,false,,,,,,,,,,,,,,,,,,,Thu Nov 30 17:25:22 +0000 2017,Thu Nov 30 17:34:08 +0000 2017,,,,,,,,,,,,,,,,,,,@Delta I just got an app notification that my bag was loaded onto the plane... uhhh.  I’m not traveling today...?,"@138439 Hmm, that is odd.  Please DM your SkyMiles number, I'll be happy to take a look at why we're sending this to you in error.   *TJP https://t.co/6iDGBJAc2m",,,,,,,,,,,,,,,,,,,2025-09-26T20:17:52.084Z,job_20250926_194021,2
68d6f500c2ff72e0a91e84ef,472,68ce563252b33355379dfc1c,Technical Support regarding Travel/Flight,Technical Support,Travel/Flight,Negative,,102282,102281,,,,,,,,,,,,,,,,,,,138440,Delta,,,,,,,,,,,,,,,,,,,Customer,Service Provider,,,,,,,,,,,,,,,,,,,true,false,,,,,,,,,,,,,,,,,,,Thu Nov 30 17:20:31 +0000 2017,Thu Nov 30 17:28:38 +0000 2017,,,,,,,,,,,,,,,,,,,@Delta why do I continue 2get “upgraded” to middle Comfort seat? 3 more inches of legroom? Been an aisle guy 12 yrs flying u Stop! #platinum,@138440 Hello! I will be glad to assist. Please DM your confirmation# and I will try to help. *TCC,,,,,,,,,,,,,,,,,,,2025-09-26T20:18:08.257Z,job_20250926_194021,2
68d6f518c2ff72e0a91e84f0,476,68ce563252b33355379dfc20,Complaint regarding Food/Beverage,Complaint,Food/Beverage,Negative,,104202,104201,,,,,,,,,,,,,,,,,,,138977,Delta,,,,,,,,,,,,,,,,,,,Customer,Service Provider,,,,,,,,,,,,,,,,,,,true,false,,,,,,,,,,,,,,,,,,,Thu Nov 30 17:20:06 +0000 2017,Thu Nov 30 18:23:41 +0000 2017,,,,,,,,,,,,,,,,,,,@Delta stop wasting your money on celebrity chefs. No one gives a fuck.  What people do care about is when the food is served is it fresh and edible? In the case of Delta One Intl.  is day NOPE.  Stale fruit and poorly managed food and beverage,@138977 My apologies for these issues and we will sure forward the feedback to our Management Team. We certainly thank you for your loyalty to us.  *HRO,,,,,,,,,,,,,,,,,,,2025-09-26T20:18:32.271Z,job_20250926_194021,2
68d6f524c2ff72e0a91e84f1,480,68ce563252b33355379dfc24,Feedback regarding General,Feedback,General,Positive,,104237,104236,,,,,,,,,,,,,,,,,,,138983,Delta,,,,,,,,,,,,,,,,,,,Customer,Service Provider,,,,,,,,,,,,,,,,,,,true,false,,,,,,,,,,,,,,,,,,,Thu Nov 30 18:15:07 +0000 2017,Thu Nov 30 18:16:00 +0000 2017,,,,,,,,,,,,,,,,,,,@Delta. thank you for being the airliner I count on. I wouldn't want to fly with any other company.,@138983 WOW! We do appreciate your loyalty. *TMC,,,,,,,,,,,,,,,,,,,2025-09-26T20:18:44.563Z,job_20250926_194021,2
68d6f53fc2ff72e0a91e84f2,483,68ce563252b33355379dfc27,Complaint regarding Travel/Flight,Complaint,Travel/Flight,Negative,,104246,104244,104245,104247,,,,,,,,,,,,,,,,,138986,Delta,138986,Delta,,,,,,,,,,,,,,,,,Customer,Service Provider,Customer,Service Provider,,,,,,,,,,,,,,,,,true,false,true,false,,,,,,,,,,,,,,,,,Thu Nov 30 18:06:02 +0000 2017,Thu Nov 30 18:08:04 +0000 2017,Thu Nov 30 18:34:56 +0000 2017,Thu Nov 30 18:37:21 +0000 2017,,,,,,,,,,,,,,,,,"@Delta Very unfair business practice just after I have clicked purchase for flight of $833\nUh-oh! We're sorry, but it looks like there's high demand for this flight. The originally quoted fare increased to $1,347.16 (USD).     To book at this price, select ""Continue"" to purchase","@138986 My apologies Sanjay. We do have this happen, as our inventory is being viewed and booked globally.  *TMS",@Delta Not fair after I have wasted my time on your website!!!!,"@138986 Sanjay, I am very sorry for the disappointment. Fares do sell out quickly and can change at any time based on availability.  *AJL",,,,,,,,,,,,,,,,,2025-09-26T20:19:11.515Z,job_20250926_194021,2
68d6f54fc2ff72e0a91e84f3,489,68ce563252b33355379dfc2d,Feedback regarding General,Feedback,General,Positive,,106513,106512,,,,,,,,,,,,,,,,,,,139609,Delta,,,,,,,,,,,,,,,,,,,Customer,Service Provider,,,,,,,,,,,,,,,,,,,true,false,,,,,,,,,,,,,,,,,,,Thu Nov 30 18:55:06 +0000 2017,Thu Nov 30 18:57:34 +0000 2017,,,,,,,,,,,,,,,,,,,Thank you @Delta for allowing me to change my non-refundable ticket due to some extraneous personal circumstances. Excellent customer service that should certainly be recognized. I will be sure to continue flying with you in the future!,"@139609 Hi, Tanner. It is our pleasure to serve you. *ALY",,,,,,,,,,,,,,,,,,,2025-09-26T20:19:27.036Z,job_20250926_194021,2
68d6f55dc2ff72e0a91e84f4,493,68ce563252b33355379dfc31,Feedback regarding General,Feedback,General,Positive,,106525,106524,,,,,,,,,,,,,,,,,,,139612,Delta,,,,,,,,,,,,,,,,,,,Customer,Service Provider,,,,,,,,,,,,,,,,,,,true,false,,,,,,,,,,,,,,,,,,,Thu Nov 30 18:41:05 +0000 2017,Thu Nov 30 18:43:13 +0000 2017,,,,,,,,,,,,,,,,,,,Good experience on @Delta flight #5692 shout-out to the Flight Attendant in First Class- so friendly and professional. Rarity in past flights on Delta.,@139612 Love this! We truly love what we do and hope the rest of your travels are just as happy. Thanks for sharing. ✈ *TJE,,,,,,,,,,,,,,,,,,,2025-09-26T20:19:41.889Z,job_20250926_194021,2
68d6f572c2ff72e0a91e84f5,494,68ce563252b33355379dfc32,Technical Support regarding Travel,Technical Support,Travel,Neutral,,106527,106526,,,,,,,,,,,,,,,,,,,139613,Delta,,,,,,,,,,,,,,,,,,,Customer,Service Provider,,,,,,,,,,,,,,,,,,,true,false,,,,,,,,,,,,,,,,,,,Thu Nov 30 18:37:41 +0000 2017,Thu Nov 30 18:39:42 +0000 2017,,,,,,,,,,,,,,,,,,,@delta can you help me figure out why I can’t get a boarding pass in the mobile app or at https://t.co/sW2YIRhQJ2 for a flight early tomorrow morning from SFO to JFK?,"@139613 Hi, that's puzzling. I'm sorry it's not loading correctly; I'll be very happy to take a look.  Please DM your confirmation or SkyMiles number to me.  *TJP https://t.co/6iDGBJAc2m",,,,,,,,,,,,,,,,,,,2025-09-26T20:20:02.833Z,job_20250926_194021,2
68d6f582c2ff72e0a91e84f6,497,68ce563252b33355379dfc35,Feedback regarding General,Feedback,General,Positive,,106535,106534,,,,,,,,,,,,,,,,,,,139616,Delta,,,,,,,,,,,,,,,,,,,Customer,Service Provider,,,,,,,,,,,,,,,,,,,true,false,,,,,,,,,,,,,,,,,,,Thu Nov 30 18:30:12 +0000 2017,Thu Nov 30 18:33:37 +0000 2017,,,,,,,,,,,,,,,,,,,"Thank you, @Delta, for another great flight. Please give my thanks to crew of #43, BRU—&gt;JFK, they were great!","@139616 Way to go, Team! We'll be sure they are recognized for a job well done. Thanks for flying with us, Sascha! *AJZ",,,,,,,,,,,,,,,,,,,2025-09-26T20:20:18.645Z,job_20250926_194021,2
68d6f5a3c2ff72e0a91e84f7,500,68ce563252b33355379dfc38,Technical Support regarding Product Info,Technical Support,Product Info,Neutral,,108382,108381,108379,108377,108378,108380,,,,,,,,,,,,,,,140056,Delta,140056,Delta,140056,Delta,,,,,,,,,,,,,,,Customer,Service Provider,Customer,Service Provider,Customer,Service Provider,,,,,,,,,,,,,,,true,false,true,false,true,false,,,,,,,,,,,,,,,Thu Nov 23 19:22:51 +0000 2017,Thu Nov 23 19:28:55 +0000 2017,Thu Nov 23 19:38:27 +0000 2017,Thu Nov 23 19:41:20 +0000 2017,Thu Nov 23 19:44:19 +0000 2017,Thu Nov 23 19:54:03 +0000 2017,,,,,,,,,,,,,,,@Delta is there a search tool that shows all direct flights from a particular city/airport?\nHappy Thanksgiving!,"@140056 Thanks for reaching out to us. Unfortunately, we do not. *AMC","@Delta That's kind of ridiculous. It's a waste of time trying to find any #Delta flights out of PHL because they all connect and take forever to get where you actually want to go. I guess I'll throw away my miles, Delta CC and companion certificates.",@140056 We appreciate your constructive feedback and we are grateful you've taken the time to share. It helps us to be better.It is unfortunate that we would lose such a valued customer. We welcome you back anytime! *AJZ,"@Delta You don't even have a route map that shows direct routes? I mean, that pretty standard for any airline...",@140056 Delta does not have one... yet. It is a great suggestion and it will definitely be shared with our Leadership Team.  *AST,,,,,,,,,,,,,,,2025-09-26T20:20:51.652Z,job_20250926_194021,2
68d6f5b7c2ff72e0a91e84f8,501,68ce563252b33355379dfc39,Cancel Order regarding Account/Billing,Cancel Order,Account/Billing,Negative,,108384,108383,,,,,,,,,,,,,,,,,,,140057,Delta,,,,,,,,,,,,,,,,,,,Customer,Service Provider,,,,,,,,,,,,,,,,,,,true,false,,,,,,,,,,,,,,,,,,,Thu Nov 23 18:56:12 +0000 2017,Thu Nov 23 19:40:46 +0000 2017,,,,,,,,,,,,,,,,,,,"Dang it @delta I just got ANOTHER Sky Club renewal message. I SPECIFICALLY, IN WRITING, SAID I DON'T WANT TO RENEW. Also, you charged me for it! CANCEL NOW AND REFUND MY CARD. #NotThankful",@140057 You would speak with our Medallion Team at 800 325 1551 in regards to your renewal. Sorry to disappoint. *HDV,,,,,,,,,,,,,,,,,,,2025-09-26T20:21:11.029Z,job_20250926_194021,2
68d6f5c5c2ff72e0a91e84f9,503,68ce563252b33355379dfc3b,Feedback regarding General,Feedback,General,Positive,,108392,108391,,,,,,,,,,,,,,,,,,,140059,Delta,,,,,,,,,,,,,,,,,,,Customer,Service Provider,,,,,,,,,,,,,,,,,,,true,false,,,,,,,,,,,,,,,,,,,Thu Nov 23 19:26:32 +0000 2017,Thu Nov 23 19:38:23 +0000 2017,,,,,,,,,,,,,,,,,,,Headed back to grandmas and grandpas for thanksgiving.  Had a great flight @Delta https://t.co/yQdAvSptgn,@140059 That's AWESOME!! Have a great time with the grands! ✈ *AMC,,,,,,,,,,,,,,,,,,,2025-09-26T20:21:25.762Z,job_20250926_194021,2
68d6f5dbc2ff72e0a91e84fa,507,68ce563252b33355379dfc3f,Technical Support regarding In-Flight Experience,Technical Support,In-Flight Experience,Negative,,110189,110187,110188,110190,,,,,,,,,,,,,,,,,140467,Delta,140467,Delta,,,,,,,,,,,,,,,,,Customer,Service Provider,Customer,Service Provider,,,,,,,,,,,,,,,,,true,false,true,false,,,,,,,,,,,,,,,,,Thu Nov 23 19:34:35 +0000 2017,Thu Nov 23 20:13:23 +0000 2017,Thu Nov 23 20:24:02 +0000 2017,Thu Nov 23 20:29:59 +0000 2017,,,,,,,,,,,,,,,,,@Delta who wants an ice cold lasagna for Thanksgiving lunch... https://t.co/UwCYqXEfHu,@140467 Sorry to hear! There are microwaves on board. The flight crew should be able to warm it up for you. *HDV,@Delta The problem is that it was already warmed up and served cold.,"@140467 Daniel, I'm sorry to hear about this. Pls, bring this to our In-Flight team attention.  *HYC",,,,,,,,,,,,,,,,,2025-09-26T20:21:47.038Z,job_20250926_194021,2
68d6f5e7c2ff72e0a91e84fb,512,68ce563252b33355379dfc44,Feedback regarding General,Feedback,General,Positive,,110202,110201,,,,,,,,,,,,,,,,,,,140472,Delta,,,,,,,,,,,,,,,,,,,Customer,Service Provider,,,,,,,,,,,,,,,,,,,true,false,,,,,,,,,,,,,,,,,,,Thu Nov 23 19:53:32 +0000 2017,Thu Nov 23 19:54:57 +0000 2017,,,,,,,,,,,,,,,,,,,Wonderful job @Delta !!! I LOVED the singing Christmas Tree! #MacysParade,@140472 Thanks for enjoying the Delta Experience. Have a great rest of your day!  *AJZ,,,,,,,,,,,,,,,,,,,2025-09-26T20:21:59.164Z,job_20250926_194021,2
68d6f5f5c2ff72e0a91e84fc,514,68ce563252b33355379dfc46,Feedback regarding General,Feedback,General,Positive,,110206,110205,,,,,,,,,,,,,,,,,,,140474,Delta,,,,,,,,,,,,,,,,,,,Customer,Service Provider,,,,,,,,,,,,,,,,,,,true,false,,,,,,,,,,,,,,,,,,,Thu Nov 23 19:43:23 +0000 2017,Thu Nov 23 19:45:20 +0000 2017,,,,,,,,,,,,,,,,,,,"@Delta team, thank you for sacrificing your time with your families so I could make it home to spend it with mine! Great crew today!",@140474 Thank you for flying with us! *AMS,,,,,,,,,,,,,,,,,,,2025-09-26T20:22:13.434Z,job_20250926_194021,2
68d6f608c2ff72e0a91e84fd,517,68ce563252b33355379dfc49,Complaint regarding Technical Support,Complaint,Technical Support,Negative,,112135,112134,,,,,,,,,,,,,,,,,,,140899,Delta,,,,,,,,,,,,,,,,,,,Customer,Service Provider,,,,,,,,,,,,,,,,,,,true,false,,,,,,,,,,,,,,,,,,,Thu Nov 23 20:38:14 +0000 2017,Thu Nov 23 20:40:16 +0000 2017,,,,,,,,,,,,,,,,,,,@Delta Thank you for making us miss Thanksgiving with our family!!  Flight 4815 out of Vegas delayed...  #thanksnotthanks #fail,"@140899 I'm very sorry Ricardo, this is not our goal. The aircraft had possible damage during landing, our Maintenance Team is working on it now.  *TBT",,,,,,,,,,,,,,,,,,,2025-09-26T20:22:32.162Z,job_20250926_194021,2
68d6f613c2ff72e0a91e84fe,519,68ce563252b33355379dfc4b,Product Inquiry regarding General,Product Inquiry,General,Positive,,112168,112167,,,,,,,,,,,,,,,,,,,140901,Delta,,,,,,,,,,,,,,,,,,,Customer,Service Provider,,,,,,,,,,,,,,,,,,,true,false,,,,,,,,,,,,,,,,,,,Thu Nov 23 20:31:57 +0000 2017,Thu Nov 23 20:38:11 +0000 2017,,,,,,,,,,,,,,,,,,,Upgrades for both of us. Thank you @Delta! #SLC #ORD,@140901 Hey Julee. Enjoy your trip! 😊 *TKR,,,,,,,,,,,,,,,,,,,2025-09-26T20:22:43.858Z,job_20250926_194021,2
68d6f628c2ff72e0a91e84ff,529,68ce563252b33355379dfc55,Feedback regarding General,Feedback,General,Positive,,113983,113982,,,,,,,,,,,,,,,,,,,141316,Delta,,,,,,,,,,,,,,,,,,,Customer,Service Provider,,,,,,,,,,,,,,,,,,,true,false,,,,,,,,,,,,,,,,,,,Thu Nov 23 21:00:19 +0000 2017,Thu Nov 23 21:00:56 +0000 2017,,,,,,,,,,,,,,,,,,,"Wow! @Delta could have charged a site-seeing surcharge on our @141317 to @122828 flight today. #Vegas, @6542, #HooverDam, @6543, just beautiful! https://t.co/jKf8WJjQNl",@141316 @141317 @122828 @6542 @6543 Great view! Thanks for sharing! 😊 *HDV,,,,,,,,,,,,,,,,,,,2025-09-26T20:23:04.985Z,job_20250926_194021,2
68d6f638c2ff72e0a91e8500,530,68ce563252b33355379dfc56,Feedback regarding General,Feedback,General,Positive,,113987,113986,,,,,,,,,,,,,,,,,,,141318,Delta,,,,,,,,,,,,,,,,,,,Customer,Service Provider,,,,,,,,,,,,,,,,,,,true,false,,,,,,,,,,,,,,,,,,,Thu Nov 23 20:46:05 +0000 2017,Thu Nov 23 20:59:16 +0000 2017,,,,,,,,,,,,,,,,,,,Thank you @delta for a comfy flight home. #bakersinnyc @ LaGuardia Airport https://t.co/AKfw8KBdij,@141318 Thank you for flying with us! *AMS,,,,,,,,,,,,,,,,,,,2025-09-26T20:23:20.252Z,job_20250926_194021,2
68d6f648c2ff72e0a91e8501,532,68ce563252b33355379dfc58,Feedback regarding General,Feedback,General,Positive,,113991,113990,,,,,,,,,,,,,,,,,,,141320,Delta,,,,,,,,,,,,,,,,,,,Customer,Service Provider,,,,,,,,,,,,,,,,,,,true,false,,,,,,,,,,,,,,,,,,,Thu Nov 23 20:48:48 +0000 2017,Thu Nov 23 20:52:11 +0000 2017,,,,,,,,,,,,,,,,,,,Going into the @delta sky club was by far the best decision I’ve made today. From the food to the drinks and shower. Their customer service was on point! #flydelta #treatyoself,"@141320 Hey Charlie, I'm glad you enjoyed. Have a great Thanksgiving. 😊 *TBT",,,,,,,,,,,,,,,,,,,2025-09-26T20:23:36.811Z,job_20250926_194021,2
68d6f669c2ff72e0a91e8502,537,68ce563252b33355379dfc5d,Complaint regarding Technical Support,Complaint,Technical Support,Negative,,115394,115392,115393,115395,,,,,,,,,,,,,,,,,141649,Delta,141649,Delta,,,,,,,,,,,,,,,,,Customer,Service Provider,Customer,Service Provider,,,,,,,,,,,,,,,,,true,false,true,false,,,,,,,,,,,,,,,,,Thu Nov 23 21:29:32 +0000 2017,Thu Nov 23 21:34:58 +0000 2017,Thu Nov 23 21:37:47 +0000 2017,Thu Nov 23 21:48:30 +0000 2017,,,,,,,,,,,,,,,,,"My reaction when Delta pulled out a wheelchair for my deaf ass... I’m deaf, not crippled 😒 @Delta https://t.co/0erIoArZyE","@141649 I hate to hear this. Please let me know what airport &amp; gate this was at, so I can let the management there know. *HWG",@Delta Don’t remember the gate but it happened at Memphis International Airport,@141649 That's fine. Do you remember what flight number it was for? You can send it to this link for privacy. *HWG https://t.co/6iDGBJAc2m,,,,,,,,,,,,,,,,,2025-09-26T20:24:09.057Z,job_20250926_194021,2
68d6f67fc2ff72e0a91e8503,538,68ce563252b33355379dfc5e,Complaint regarding Technical Support,Complaint,Technical Support,Negative,,115399,115398,,,,,,,,,,,,,,,,,,,141650,Delta,,,,,,,,,,,,,,,,,,,Customer,Service Provider,,,,,,,,,,,,,,,,,,,true,false,,,,,,,,,,,,,,,,,,,Thu Nov 23 21:29:18 +0000 2017,Thu Nov 23 21:34:54 +0000 2017,,,,,,,,,,,,,,,,,,,Wish @Delta would be more flexible around the holidays and help change flight reservations. Will be sure not to book with them again 🙅🏼,@141650 Hi Riley. I am so sorry for any inconvenience we may have caused. Please share your confirmation code or ticket number via this link if we may be of any assistance via this channel. *TKR https://t.co/6iDGBJAc2m,,,,,,,,,,,,,,,,,,,2025-09-26T20:24:31.581Z,job_20250926_194021,2
68d6f690c2ff72e0a91e8504,539,68ce563252b33355379dfc5f,Complaint regarding Technical Support,Complaint,Technical Support,Negative,,115401,115400,,,,,,,,,,,,,,,,,,,141651,Delta,,,,,,,,,,,,,,,,,,,Customer,Service Provider,,,,,,,,,,,,,,,,,,,true,false,,,,,,,,,,,,,,,,,,,Thu Nov 23 21:29:00 +0000 2017,Thu Nov 23 21:34:43 +0000 2017,,,,,,,,,,,,,,,,,,,"@delta #servicefail 5k ticket to Australia buys you a seat with no service, worse experience ever. Flight 41 LAX to Sydney","@141651 Oh no! I'm so sorry about that. I wish your experience was better than what's described. We look forward to better serving you in the future. Again, our sincere apologies.  *TCH",,,,,,,,,,,,,,,,,,,2025-09-26T20:24:48.782Z,job_20250926_194021,2
68d6f6a3c2ff72e0a91e8505,545,68ce563252b33355379dfc65,Product Information regarding General,Product Information,General,Neutral,,116758,116757,116753,116751,116752,116754,116756,,,,,,,,,,,,,,142007,142007,142007,Delta,142007,Delta,142007,,,,,,,,,,,,,,Customer,Customer,Customer,Service Provider,Customer,Service Provider,Customer,,,,,,,,,,,,,,true,true,true,false,true,false,true,,,,,,,,,,,,,,Thu Nov 23 16:57:16 +0000 2017,Thu Nov 23 18:37:20 +0000 2017,Thu Nov 23 22:05:00 +0000 2017,Thu Nov 23 22:06:05 +0000 2017,Thu Nov 23 22:15:42 +0000 2017,Thu Nov 23 22:27:35 +0000 2017,Thu Nov 23 22:30:13 +0000 2017,,,,,,,,,,,,,,@Delta Whats the name of your x-mas song???,@Delta @142008,@Delta @142008 @Delta,"@142007 Hi, Jessica! What Christmas song are you referring to? *HYC",@Delta The one from the macy's parade. :) thanks for the reply,@142007 You're welcome! Enjoy your day and Happy Thanksgiving! 😄 *HYC,@Delta Happy thanksgiving to you guys!,,,,,,,,,,,,,,2025-09-26T20:25:07.938Z,job_20250926_194021,2
68d6f6b6c2ff72e0a91e8506,548,68ce563252b33355379dfc68,Complaint regarding Technical Support,Complaint,Technical Support,Negative,,116764,116763,,,,,,,,,,,,,,,,,,,142011,Delta,,,,,,,,,,,,,,,,,,,Customer,Service Provider,,,,,,,,,,,,,,,,,,,true,false,,,,,,,,,,,,,,,,,,,Thu Nov 23 21:47:27 +0000 2017,Thu Nov 23 21:51:38 +0000 2017,,,,,,,,,,,,,,,,,,,"@Delta BOI ticket agent a lot to be desired. Zero customers, attitude, no priority tags, put out to do seat assignments? True anomaly of Delta worldwide ‘17.",@142011 Hi. I expect all employees to be helpful &amp; professional at all times. My apologies for the issues. Allow me a few minutes to review your reservation. *HJH,,,,,,,,,,,,,,,,,,,2025-09-26T20:25:26.039Z,job_20250926_194021,2
68d6f6c7c2ff72e0a91e8507,552,68ce563252b33355379dfc6c,Feedback regarding General,Feedback,General,Positive,,119157,119156,,,,,,,,,,,,,,,,,,,142405,Delta,,,,,,,,,,,,,,,,,,,Customer,Service Provider,,,,,,,,,,,,,,,,,,,true,false,,,,,,,,,,,,,,,,,,,Thu Nov 23 22:30:50 +0000 2017,Thu Nov 23 22:35:00 +0000 2017,,,,,,,,,,,,,,,,,,,"@Delta while most people are are already at home with their family and friends, your HARDWORKING agents from RES to Inflight to ACS and OCC  are continuously working 24/7 365 to run a top notch airline. KUDOS to you all!!! Happy Thanksgiving!!!\n#Keepclimbing\n#werebetteranditshows",@142405 Thanks for the recognition! Happy Holidays to you!  *HEC,,,,,,,,,,,,,,,,,,,2025-09-26T20:25:43.321Z,job_20250926_194021,2
68d6f6d5c2ff72e0a91e8508,559,68ce563252b33355379dfc73,Product Inquiry regarding Shipping/Delivery,Product Inquiry,Shipping/Delivery,Neutral,,121171,121170,,,,,,,,,,,,,,,,,,,142973,Delta,,,,,,,,,,,,,,,,,,,Customer,Service Provider,,,,,,,,,,,,,,,,,,,true,false,,,,,,,,,,,,,,,,,,,Thu Nov 23 23:14:17 +0000 2017,Thu Nov 23 23:41:17 +0000 2017,,,,,,,,,,,,,,,,,,,Yo @delta *Larry David voice* how many zones we talkin here. I’m in zone 2 is that a good zone,@142973 All zones are good. Thank you for choosing Delta! *AFC,,,,,,,,,,,,,,,,,,,2025-09-26T20:25:57.162Z,job_20250926_194021,2
68d6f6e3c2ff72e0a91e8509,560,68ce563252b33355379dfc74,Feedback regarding General,Feedback,General,Positive,,121174,121173,,,,,,,,,,,,,,,,,,,142975,Delta,,,,,,,,,,,,,,,,,,,Customer,Service Provider,,,,,,,,,,,,,,,,,,,true,false,,,,,,,,,,,,,,,,,,,Thu Nov 23 23:28:03 +0000 2017,Thu Nov 23 23:31:06 +0000 2017,,,,,,,,,,,,,,,,,,,Today i’m thankful for Wi-fi and the 1st class upgrade!!   TY @Delta  &amp; Have an Awesome Thanksgiving 🦃 https://t.co/00MN5pUtXV,@142975 You are very welcome. Thanks for choosing to fly with us. *AMC,,,,,,,,,,,,,,,,,,,2025-09-26T20:26:11.694Z,job_20250926_194021,2
68d6f6f3c2ff72e0a91e850a,562,68ce563252b33355379dfc76,Technical Support regarding Travel/Transportation,Technical Support,Travel/Transportation,Neutral,,121178,121177,,,,,,,,,,,,,,,,,,,142977,Delta,,,,,,,,,,,,,,,,,,,Customer,Service Provider,,,,,,,,,,,,,,,,,,,true,false,,,,,,,,,,,,,,,,,,,Thu Nov 23 23:03:35 +0000 2017,Thu Nov 23 23:22:57 +0000 2017,,,,,,,,,,,,,,,,,,,@Delta Do your Sky Priority baggage tags even mean anything? Still waiting for my suitcase...,"@142977 Very sorry for the wait, Ann. Have you checked with our Airport Baggage team as to when your bags may be up?  *HCA",,,,,,,,,,,,,,,,,,,2025-09-26T20:26:27.626Z,job_20250926_194021,2
68d6f70cc2ff72e0a91e850b,564,68ce563252b33355379dfc78,Feedback regarding Travel Experience,Feedback,Travel Experience,Positive,,121186,121184,121185,,,,,,,,,,,,,,,,,,142979,Delta,142979,,,,,,,,,,,,,,,,,,Customer,Service Provider,Customer,,,,,,,,,,,,,,,,,,true,false,true,,,,,,,,,,,,,,,,,,Thu Nov 23 23:13:36 +0000 2017,Thu Nov 23 23:22:16 +0000 2017,Fri Nov 24 21:31:50 +0000 2017,,,,,,,,,,,,,,,,,,Boarding on DL1015 was a breeze. Upper deck economy seats are worth for the ease of boarding. @Delta / Air France,@142979 That's AWESOME! Thank you so much for making your voice heard. We appreciate your feedback. *AMC,"@Delta Wait.. I made that comment quick. In CDG, they re issued boarding pass for @142980 flight, for which we already boarding pass issued in New York (by air france). and 2 counters to manage that entire crowd, which was slow and inefficient",,,,,,,,,,,,,,,,,,2025-09-26T20:26:52.996Z,job_20250926_194021,2
68d6f71bc2ff72e0a91e850c,565,68ce563252b33355379dfc79,Feedback regarding General,Feedback,General,Positive,,121188,121187,,,,,,,,,,,,,,,,,,,142981,Delta,,,,,,,,,,,,,,,,,,,Customer,Service Provider,,,,,,,,,,,,,,,,,,,true,false,,,,,,,,,,,,,,,,,,,Thu Nov 23 23:15:40 +0000 2017,Thu Nov 23 23:20:09 +0000 2017,,,,,,,,,,,,,,,,,,,Landed in the ATL. #nofilter #sunset #flyingintothesunset @delta @ Hartsfield-Jackson Atlanta… https://t.co/NOXFZDCJnv,@142981 Nice shot! Thanks for choosing to fly with us. ✈ *AMC,,,,,,,,,,,,,,,,,,,2025-09-26T20:27:07.166Z,job_20250926_194021,2
68d6f729c2ff72e0a91e850d,567,68ce563252b33355379dfc7b,Account/Billing regarding General,Account/Billing,General,Neutral,,121192,121191,,,,,,,,,,,,,,,,,,,142983,Delta,,,,,,,,,,,,,,,,,,,Customer,Service Provider,,,,,,,,,,,,,,,,,,,true,false,,,,,,,,,,,,,,,,,,,Thu Nov 23 23:06:47 +0000 2017,Thu Nov 23 23:13:42 +0000 2017,,,,,,,,,,,,,,,,,,,@delta. Need helpeith my password,@142983 Can you DM your SkyMiles # to the link provided? I will be glad to help. *TBT https://t.co/6iDGBJAc2m,,,,,,,,,,,,,,,,,,,2025-09-26T20:27:21.205Z,job_20250926_194021,2
68d6f73dc2ff72e0a91e850e,577,68ce563252b33355379dfc85,Feedback regarding General,Feedback,General,Positive,,122152,122151,,,,,,,,,,,,,,,,,,,143229,Delta,,,,,,,,,,,,,,,,,,,Customer,Service Provider,,,,,,,,,,,,,,,,,,,true,false,,,,,,,,,,,,,,,,,,,Thu Nov 23 23:48:12 +0000 2017,Thu Nov 23 23:51:26 +0000 2017,,,,,,,,,,,,,,,,,,,"Today’s winner: @143230 customer support for patiently trying for almost an hour to find me an alternate flight. Today’s loser: @AmericanAir. Pro-tip: if you ever have to choose between American Airlines and @Delta, always choose Delta. Their customer service is better!","@143229 Hi, Sangam. Thanks for the compliment of our customer service team members. Enjoy the rest of your day. *HJH",,,,,,,,,,,,,,,,,,,2025-09-26T20:27:41.102Z,job_20250926_194021,2
68d6f76ac2ff72e0a91e850f,578,68ce563252b33355379dfc86,Technical Support regarding Travel,Technical Support,Travel,Negative,,122164,122163,122162,122159,122157,122155,122156,122158,,,,,,,,,,,,,143231,Delta,143231,Delta,143231,Delta,143231,Delta,,,,,,,,,,,,,Customer,Service Provider,Customer,Service Provider,Customer,Service Provider,Customer,Service Provider,,,,,,,,,,,,,true,false,true,false,true,false,true,false,,,,,,,,,,,,,Thu Nov 23 01:50:26 +0000 2017,Thu Nov 23 01:52:50 +0000 2017,Thu Nov 23 01:57:34 +0000 2017,Thu Nov 23 02:02:17 +0000 2017,Thu Nov 23 23:39:22 +0000 2017,Thu Nov 23 23:49:36 +0000 2017,Fri Nov 24 03:47:45 +0000 2017,Fri Nov 24 03:48:52 +0000 2017,,,,,,,,,,,,,How could my bag end up on the wrong plane?  Seriously @Delta .... I handed it to the guy on the jetway as I boarded 3 steps away.  He was literally standing above the plane it was supposed to go on.  #HappyThanksgiving,"@143231 Oh no, I'm very sorry Heath, You can reach out to our Baggage Team @ 800-325-8224, they will be glad to help. *TBT",@Delta Someone is supposed to deliver it tomorrow.  I’m just utterly confused as to how it happened.  Life’s great mysteries...,"@143231 I understand, I was hoping the Baggage Team could shed some light on the matter. Again, I'm very sorry. I hope you have a great Thanksgiving.  *TBT","@Delta Delivery company still hasn’t assigned a driver, nor do they respond to emails.  Looks like another day without fresh clothes!  Yay!!!","@143231 Hi, Heath. My apologies for the delayed baggage. Please contact our Central Baggage Service team for assistance at 1-800-325-8224. A team member will do their best to work with you on getting the bag to you asap. Also with the other issues. Again my apologies. *HJH",@Delta Reunited and it feels so good. https://t.co/zhpWifBRtC,@143231 Yay! *ABN,,,,,,,,,,,,,2025-09-26T20:28:26.235Z,job_20250926_194021,2
68d6f778c2ff72e0a91e8510,579,68ce563252b33355379dfc87,Feedback regarding General,Feedback,General,Negative,,122166,122165,,,,,,,,,,,,,,,,,,,143232,Delta,,,,,,,,,,,,,,,,,,,Customer,Service Provider,,,,,,,,,,,,,,,,,,,true,false,,,,,,,,,,,,,,,,,,,Thu Nov 23 23:28:36 +0000 2017,Thu Nov 23 23:46:13 +0000 2017,,,,,,,,,,,,,,,,,,,@Delta making people pay for beer in the business class lounge? Not cool.,"@143232 Hi, Rachael. Thanks for your feedback. I will let our teams know. *HJH",,,,,,,,,,,,,,,,,,,2025-09-26T20:28:40.283Z,job_20250926_194021,2
68d6f78bc2ff72e0a91e8511,582,68ce563252b33355379dfc8a,Complaint regarding Technical Support,Complaint,Technical Support,Negative,,123523,123521,123522,,,,,,,,,,,,,,,,,,143602,Delta,143602,,,,,,,,,,,,,,,,,,Customer,Service Provider,Customer,,,,,,,,,,,,,,,,,,true,false,true,,,,,,,,,,,,,,,,,,Fri Nov 24 00:48:00 +0000 2017,Fri Nov 24 00:52:21 +0000 2017,Fri Nov 24 00:53:19 +0000 2017,,,,,,,,,,,,,,,,,,@Delta... An inconvenience on flight #1413 from ATL-LIT today. https://t.co/ikCMruTrbP,"@143602 Oh my, Brodes. That is not good to hear. My apologies for the service. For questions or comments regarding the wifi service pls tweet @116462. A team member will be glad to work with you regarding any issues. Again my apologies. *HJH",@Delta @116462 @116462 see above thread with @Delta,,,,,,,,,,,,,,,,,,2025-09-26T20:28:59.885Z,job_20250926_194021,2
68d6f79dc2ff72e0a91e8512,584,68ce563252b33355379dfc8c,Technical Support regarding Travel/Flight,Technical Support,Travel/Flight,Neutral,,124167,124166,,,,,,,,,,,,,,,,,,,143773,Delta,,,,,,,,,,,,,,,,,,,Customer,Service Provider,,,,,,,,,,,,,,,,,,,true,false,,,,,,,,,,,,,,,,,,,Fri Nov 24 01:31:55 +0000 2017,Fri Nov 24 01:38:18 +0000 2017,,,,,,,,,,,,,,,,,,,"@Delta if I'm traveling with a +1, please tag their baggage as sky priority so we don't both have to wait at baggage claim",@143773 Hey there. I regret to inform that the only way to tag as Sky priority would be to have a First class ticket. I apologize in advance.  *HFG,,,,,,,,,,,,,,,,,,,2025-09-26T20:29:17.102Z,job_20250926_194021,2
68d6f7acc2ff72e0a91e8513,585,68ce563252b33355379dfc8d,Feedback regarding General,Feedback,General,Positive,,124169,124168,,,,,,,,,,,,,,,,,,,143774,Delta,,,,,,,,,,,,,,,,,,,Customer,Service Provider,,,,,,,,,,,,,,,,,,,true,false,,,,,,,,,,,,,,,,,,,Fri Nov 24 01:27:19 +0000 2017,Fri Nov 24 01:36:34 +0000 2017,,,,,,,,,,,,,,,,,,,@Delta Your pilot has the key to my heart and Thank you for the Thanksgiving day upgrade to first class #thankful https://t.co/IsT0CqUjm1,@143774 That's awesome! You are very welcome. Thanks for choosing to fly with us. ✈ *AMC,,,,,,,,,,,,,,,,,,,2025-09-26T20:29:32.179Z,job_20250926_194021,2
68d6f7bbc2ff72e0a91e8514,586,68ce563252b33355379dfc8e,Complaint regarding Travel/Transportation,Complaint,Travel/Transportation,Negative,,124172,124171,,,,,,,,,,,,,,,,,,,143775,Delta,,,,,,,,,,,,,,,,,,,Customer,Service Provider,,,,,,,,,,,,,,,,,,,true,false,,,,,,,,,,,,,,,,,,,Fri Nov 24 01:31:02 +0000 2017,Fri Nov 24 01:33:40 +0000 2017,,,,,,,,,,,,,,,,,,,@Delta - You really made my active duty Marine cousin pay for his checked baggage? Unacceptable. #Delta #military #disrespectful,"@143775 Kelly, pls have your cousin reach out to us with more details regarding his baggage.  *HCA",,,,,,,,,,,,,,,,,,,2025-09-26T20:29:47.031Z,job_20250926_194021,2
68d6f7cbc2ff72e0a91e8515,587,68ce563252b33355379dfc8f,Complaint regarding Technical Support,Complaint,Technical Support,Negative,,124176,124173,124174,,,,,,,,,,,,,,,,,,143776,Delta,143776,,,,,,,,,,,,,,,,,,Customer,Service Provider,Customer,,,,,,,,,,,,,,,,,,true,false,true,,,,,,,,,,,,,,,,,,Fri Nov 24 01:20:52 +0000 2017,Fri Nov 24 01:23:56 +0000 2017,Fri Nov 24 01:31:46 +0000 2017,,,,,,,,,,,,,,,,,,Feels so dirty booking w @116450 and not @delta. Hate they were crazy overpriced and flight time doubled.,"@143776 We still love you, don't worry. The good news is, we'll be here when you're ready to come back! 😉 *ABN",@Delta It hurts 😂,,,,,,,,,,,,,,,,,,2025-09-26T20:30:03.308Z,job_20250926_194021,2
68d6f7d9c2ff72e0a91e8516,590,68ce563252b33355379dfc92,Feedback regarding General,Feedback,General,Positive,,124894,124893,,,,,,,,,,,,,,,,,,,143981,Delta,,,,,,,,,,,,,,,,,,,Customer,Service Provider,,,,,,,,,,,,,,,,,,,true,false,,,,,,,,,,,,,,,,,,,Fri Nov 24 01:55:14 +0000 2017,Fri Nov 24 02:01:32 +0000 2017,,,,,,,,,,,,,,,,,,,Happy Thanksgiving to the US from Cleveland! Thank you @delta for the great flight!\n\n📸 by… https://t.co/m91iTPYi4g,@143981 You are very welcome. Thanks for flying with us. ✈ *AMC,,,,,,,,,,,,,,,,,,,2025-09-26T20:30:17.129Z,job_20250926_194021,2
68d6f7e7c2ff72e0a91e8517,591,68ce563252b33355379dfc93,Feedback regarding General,Feedback,General,Positive,,124896,124895,,,,,,,,,,,,,,,,,,,143982,Delta,,,,,,,,,,,,,,,,,,,Customer,Service Provider,,,,,,,,,,,,,,,,,,,true,false,,,,,,,,,,,,,,,,,,,Fri Nov 24 01:52:47 +0000 2017,Fri Nov 24 02:01:01 +0000 2017,,,,,,,,,,,,,,,,,,,Our @Delta pilot @143983 wrote everyone on our flight a personalized note! How wonderful. https://t.co/y7LHxJZExr,"@143982 That's amazing. Thank you for sharing, Alexa! *ABN",,,,,,,,,,,,,,,,,,,2025-09-26T20:30:31.201Z,job_20250926_194021,2
68d6f7fbc2ff72e0a91e8518,594,68ce563252b33355379dfc96,Complaint regarding Technical Support,Complaint,Technical Support,Negative,,124904,124903,,,,,,,,,,,,,,,,,,,143986,Delta,,,,,,,,,,,,,,,,,,,Customer,Service Provider,,,,,,,,,,,,,,,,,,,true,false,,,,,,,,,,,,,,,,,,,Fri Nov 24 01:44:07 +0000 2017,Fri Nov 24 01:52:20 +0000 2017,,,,,,,,,,,,,,,,,,,"Flight 1397... Endless delay after delay, 6 hours and counting.  Unable to fix their plane, unwilling to cancel the flight. No meal vouchers.  Waiting, waiting.  If the part supposed to get here at 6:30 doesn't work, THEN they will decide to get a working plane?  Come on @delta","@143986 We're sorry, Andrew. Please provide your confirmation # via the link.  *ABN https://t.co/6iDGBJAc2m",,,,,,,,,,,,,,,,,,,2025-09-26T20:30:51.500Z,job_20250926_194021,2
68d6f80ec2ff72e0a91e8519,598,68ce563252b33355379dfc9a,Feedback regarding Technical Support,Feedback,Technical Support,Neutral,,125442,125441,,,,,,,,,,,,,,,,,,,144125,Delta,,,,,,,,,,,,,,,,,,,Customer,Service Provider,,,,,,,,,,,,,,,,,,,true,false,,,,,,,,,,,,,,,,,,,Fri Nov 24 01:13:19 +0000 2017,Fri Nov 24 02:36:28 +0000 2017,,,,,,,,,,,,,,,,,,,"@delta I am and have been a regular loyal customer for the last 12 years, flying between The US and South Africa en route to Zambia. I have also flown other airlines such as Emirates and Etihad. The service on delta is very disappointing when it comes to the menu and entertainmen",@144125 We appreciate your constructive feedback and are taking it under serious advisement. Thank you for helping us to be better. *AFC,,,,,,,,,,,,,,,,,,,2025-09-26T20:31:10.018Z,job_20250926_194021,2
68d6f821c2ff72e0a91e851a,600,68ce563252b33355379dfc9c,Complaint regarding General,Complaint,General,Negative,,125451,125447,125448,125452,125453,125454,125455,,,,,,,,,,,,,,144127,Delta,144128,144127,144128,144127,144128,,,,,,,,,,,,,,Customer,Service Provider,Customer,Customer,Customer,Customer,Customer,,,,,,,,,,,,,,true,false,true,true,true,true,true,,,,,,,,,,,,,,Fri Nov 24 02:32:15 +0000 2017,Fri Nov 24 02:32:44 +0000 2017,Fri Nov 24 02:34:22 +0000 2017,Fri Nov 24 02:34:49 +0000 2017,Fri Nov 24 02:35:08 +0000 2017,Fri Nov 24 02:35:27 +0000 2017,Fri Nov 24 02:35:48 +0000 2017,,,,,,,,,,,,,,whats up @Delta,@144127 Good evening! How may we assist you? *ABN,@Delta @144127 dont look now but theres an ak-47 in his left breast pocket,@144128 @Delta your sisters a whore,@144127 @Delta you'ire*,@144128 @Delta you’re retarded,@144127 @Delta you'were*,,,,,,,,,,,,,,2025-09-26T20:31:29.586Z,job_20250926_194021,2
68d6f82cc2ff72e0a91e851b,601,68ce563252b33355379dfc9d,Complaint regarding Technical Support,Complaint,Technical Support,Negative,,125458,125456,125457,,,,,,,,,,,,,,,,,,144130,Delta,144131,,,,,,,,,,,,,,,,,,Customer,Service Provider,Customer,,,,,,,,,,,,,,,,,,true,false,true,,,,,,,,,,,,,,,,,,Fri Nov 24 02:27:24 +0000 2017,Fri Nov 24 02:29:51 +0000 2017,Fri Nov 24 03:23:25 +0000 2017,,,,,,,,,,,,,,,,,,yo @Delta,@144130 Good evening! *ABN,@Delta @144130 There’s a bomb on one of your planes,,,,,,,,,,,,,,,,,,2025-09-26T20:31:40.773Z,job_20250926_194021,2
68d6f839c2ff72e0a91e851c,609,68ce563252b33355379dfca5,Product Inquiry regarding General,Product Inquiry,General,Neutral,,126196,126195,,,,,,,,,,,,,,,,,,,144313,Delta,,,,,,,,,,,,,,,,,,,Customer,Service Provider,,,,,,,,,,,,,,,,,,,true,false,,,,,,,,,,,,,,,,,,,Fri Nov 24 03:04:09 +0000 2017,Fri Nov 24 03:07:35 +0000 2017,,,,,,,,,,,,,,,,,,,.@Delta y'all got Black Friday sales?,"@144313 Good evening! Please check our website, https://t.co/yQj0bzerMw for any specials. *ABN",,,,,,,,,,,,,,,,,,,2025-09-26T20:31:53.355Z,job_20250926_194021,2
68d6f847c2ff72e0a91e851d,613,68ce563252b33355379dfca9,Feedback regarding General,Feedback,General,Positive,,126211,126210,,,,,,,,,,,,,,,,,,,144316,Delta,,,,,,,,,,,,,,,,,,,Customer,Service Provider,,,,,,,,,,,,,,,,,,,true,false,,,,,,,,,,,,,,,,,,,Fri Nov 24 02:52:54 +0000 2017,Fri Nov 24 02:56:28 +0000 2017,,,,,,,,,,,,,,,,,,,"Thank you @Delta for being the best airline I have ever flown. Your plane was super clean, plenty of room, I got to watch #WonderWoman for free and play poker with people on the plane. Y’all are the best.",@144316 Thank you for traveling with us! *ABN,,,,,,,,,,,,,,,,,,,2025-09-26T20:32:07.936Z,job_20250926_194021,2
68d6f851c2ff72e0a91e851e,617,68ce563252b33355379dfcad,Technical Support regarding General,Technical Support,General,Neutral,,126220,126219,,,,,,,,,,,,,,,,,,,144320,Delta,,,,,,,,,,,,,,,,,,,Customer,Service Provider,,,,,,,,,,,,,,,,,,,true,false,,,,,,,,,,,,,,,,,,,Fri Nov 24 02:30:16 +0000 2017,Fri Nov 24 02:53:38 +0000 2017,,,,,,,,,,,,,,,,,,,yo @Delta,@144320 Good evening. How may we help? *ABN,,,,,,,,,,,,,,,,,,,2025-09-26T20:32:17.967Z,job_20250926_194021,2
68d6f86ac2ff72e0a91e851f,621,68ce563252b33355379dfcb1,Product Inquiry regarding Travel/Itinerary,Product Inquiry,Travel/Itinerary,Neutral,,126920,126918,126919,126921,,,,,,,,,,,,,,,,,144489,Delta,144489,Delta,,,,,,,,,,,,,,,,,Customer,Service Provider,Customer,Service Provider,,,,,,,,,,,,,,,,,true,false,true,false,,,,,,,,,,,,,,,,,Fri Nov 24 03:39:39 +0000 2017,Fri Nov 24 03:41:33 +0000 2017,Fri Nov 24 03:43:42 +0000 2017,Fri Nov 24 03:55:08 +0000 2017,,,,,,,,,,,,,,,,,@DELTA Can I use my companion ticket for an international flight if I pay a higher fee or something?,@144489 Hi there. Will you be traveling with the medallion member? Or are you the medallion member and would like to use the companion ticket for someone?  *HSD,"@Delta I am the medallion member and would like to use the companion ticket for my wife. However, we only have international flights planned and would like to see if we could use it for an international flight potentially.",@144489 I believe companion certificates are eligible to use for international travel.  *HSD,,,,,,,,,,,,,,,,,2025-09-26T20:32:42.398Z,job_20250926_194021,2
68d6f880c2ff72e0a91e8520,623,68ce563252b33355379dfcb3,Feedback regarding General,Feedback,General,Positive,,126935,126934,126933,126932,,,,,,,,,,,,,,,,,135984,Delta,135984,Delta,,,,,,,,,,,,,,,,,Customer,Service Provider,Customer,Service Provider,,,,,,,,,,,,,,,,,true,false,true,false,,,,,,,,,,,,,,,,,Fri Nov 24 03:12:49 +0000 2017,Fri Nov 24 03:22:21 +0000 2017,Fri Nov 24 03:36:03 +0000 2017,Fri Nov 24 03:40:31 +0000 2017,,,,,,,,,,,,,,,,,@Delta Hope you guys had a great Thanksgiving 😃💖✈️ https://t.co/n9OG5qsAnp,"@135984 We hope you did as well, Amanda! *ABN",@Delta Thanks guys 😃❤️ yeah it was an amazing Thanksgiving with family 😃 traveling back home tomorrow 😃,@135984 Glad we were able to get you to your family for the holiday! *HCA,,,,,,,,,,,,,,,,,2025-09-26T20:33:04.163Z,job_20250926_194021,2
68d6f894c2ff72e0a91e8521,637,68ce563252b33355379dfcc1,Complaint regarding Technical Support,Complaint,Technical Support,Negative,,129271,129270,,,,,,,,,,,,,,,,,,,141646,Delta,,,,,,,,,,,,,,,,,,,Customer,Service Provider,,,,,,,,,,,,,,,,,,,true,false,,,,,,,,,,,,,,,,,,,Fri Nov 24 05:30:56 +0000 2017,Fri Nov 24 05:31:59 +0000 2017,,,,,,,,,,,,,,,,,,,@Delta I have officially spent my entire Thanksgiving with you. Do the right thing. That's all I ask in the future when you have multiple planes sitting on the ground in front of people on a 10 hour delay. https://t.co/wX0ltihTGP,"@141646 It is upsetting to hear we let you down. For assistance, please follow/DM your confirmation number. *AMV https://t.co/6iDGBJAc2m",,,,,,,,,,,,,,,,,,,2025-09-26T20:33:24.500Z,job_20250926_194021,2
68d6f8a1c2ff72e0a91e8522,638,68ce563252b33355379dfcc2,Product Information regarding Product Info,Product Information,Product Info,Neutral,,129273,129272,,,,,,,,,,,,,,,,,,,145108,Delta,,,,,,,,,,,,,,,,,,,Customer,Service Provider,,,,,,,,,,,,,,,,,,,true,false,,,,,,,,,,,,,,,,,,,Fri Nov 24 05:18:19 +0000 2017,Fri Nov 24 05:24:37 +0000 2017,,,,,,,,,,,,,,,,,,,Am I allowed to take a lightsaber on the plane @Delta,"@145108 Hello, yes, you may check a toy lightsaber. *HVI",,,,,,,,,,,,,,,,,,,2025-09-26T20:33:37.387Z,job_20250926_194021,2
68d6f8bac2ff72e0a91e8523,639,68ce563252b33355379dfcc3,Order Status regarding Travel/Transportation,Order Status,Travel/Transportation,Neutral,,129783,129781,129782,129784,129785,129786,,,,,,,,,,,,,,,143228,Delta,143228,Delta,143228,Delta,,,,,,,,,,,,,,,Customer,Service Provider,Customer,Service Provider,Customer,Service Provider,,,,,,,,,,,,,,,true,false,true,false,true,false,,,,,,,,,,,,,,,Fri Nov 24 05:55:20 +0000 2017,Fri Nov 24 06:02:03 +0000 2017,Fri Nov 24 06:03:08 +0000 2017,Fri Nov 24 06:26:33 +0000 2017,Fri Nov 24 06:27:06 +0000 2017,Fri Nov 24 06:27:26 +0000 2017,,,,,,,,,,,,,,,Hey @Delta my flight got delayed so they put me on a diff flight and now they put me back. In the mix I lost my aisle seat (headed to Australia) can we talk?,"@143228 Hello, sorry to hear that. I do not see an aisle available, my apologies.  *HVI",@Delta I’m platinum and a bigger guy so if there’s any magic would appreciate it. :),@143228 There are no more blocked seats to unblock :/ Please see a gate agent upon arrival at the gate.  *HVI,@Delta No worries. Thanks!!!,@143228 You are very welcome!  *HVI,,,,,,,,,,,,,,,2025-09-26T20:34:02.093Z,job_20250926_194021,2
68d6f8d4c2ff72e0a91e8524,641,68ce563252b33355379dfcc5,Technical Support regarding Account/Billing,Technical Support,Account/Billing,Neutral,,130428,130427,130426,130425,,,,,,,,,,,,,,,,,145421,Delta,145421,Delta,,,,,,,,,,,,,,,,,Customer,Service Provider,Customer,Service Provider,,,,,,,,,,,,,,,,,true,false,true,false,,,,,,,,,,,,,,,,,Fri Nov 24 06:19:59 +0000 2017,Fri Nov 24 06:27:20 +0000 2017,Fri Nov 24 06:31:08 +0000 2017,Fri Nov 24 06:43:14 +0000 2017,,,,,,,,,,,,,,,,,@delta I just flew from EWR to LHR and no MQMs showing up on my account. Can you help? Flight: DL4407. Departed on Wednesday 11/22/2017.,"@145421 Hello, the flight is still pending verification from the partner airline. Please allow up to 30 days.  *HVI",@Delta Will it still be 100% MQMs once verified? I booked a Delta flight originally but Delta changed my intinerary to put me on a partner flight through no choice of my own. I actively chose Delta flight in my original booking for the MQMs.,"@145421 Yes, it will. No worries.  *HVI",,,,,,,,,,,,,,,,,2025-09-26T20:34:28.021Z,job_20250926_194021,2
68d6f8e7c2ff72e0a91e8525,645,68ce563252b33355379dfcc9,Technical Support regarding Account/Billing,Technical Support,Account/Billing,Neutral,,131906,131904,131905,131907,,,,,,,,,,,,,,,,,145742,Delta,145742,Delta,,,,,,,,,,,,,,,,,Customer,Service Provider,Customer,Service Provider,,,,,,,,,,,,,,,,,true,false,true,false,,,,,,,,,,,,,,,,,Fri Nov 24 07:15:36 +0000 2017,Fri Nov 24 07:16:19 +0000 2017,Fri Nov 24 08:57:17 +0000 2017,Fri Nov 24 09:00:44 +0000 2017,,,,,,,,,,,,,,,,,@Delta good day. My delta app closed out and I lost my already signed in status and I can't remember my password/answers to my questions. What should I do?,@145742 Hi there. So sorry to hear. Please DM your SkyMiles number and I will send an email to you to reset your password.  *HSD,@Delta Got it sorted out thank you for your help,@145742 Awesome! You're welcome.  *HSD,,,,,,,,,,,,,,,,,2025-09-26T20:34:47.636Z,job_20250926_194021,2
68d6f904c2ff72e0a91e8526,648,68ce563252b33355379dfccc,Technical Support regarding Travel/Flight,Technical Support,Travel/Flight,Neutral,,132695,132693,132694,132696,,,,,,,,,,,,,,,,,145937,Delta,145937,Delta,,,,,,,,,,,,,,,,,Customer,Service Provider,Customer,Service Provider,,,,,,,,,,,,,,,,,true,false,true,false,,,,,,,,,,,,,,,,,Fri Nov 24 07:55:40 +0000 2017,Fri Nov 24 08:08:14 +0000 2017,Sun Nov 26 19:42:10 +0000 2017,Sun Nov 26 20:06:57 +0000 2017,,,,,,,,,,,,,,,,,"@Delta On our flight yesterday, my wife and I were both automatically upgraded to Delta Comfort+, which was great, except we were no longer seated together. Is there a profile or reservation setting where I can request only upgrades that won't separate adjacent seats?","@145937 Hi Steven, so sorry for the inconvenience. There is a section under your SkyMile account when you can choose your seating preference.  *HSD","@Delta Hmm, I don't see the setting on the Flight Preferences page, just the two in these screenshots. Is there somewhere where I can request only upgrades that won't separate adjacent seats? https://t.co/Xf9joQF9Pk","@145937 I'm sorry for any confusion. Unfortunately, there is no way to request an upgrade, only if seats together are available.  *TJW",,,,,,,,,,,,,,,,,2025-09-26T20:35:16.229Z,job_20250926_194021,2
68d6f918c2ff72e0a91e8527,649,68ce563252b33355379dfccd,Technical Support regarding Travel/Flight,Technical Support,Travel/Flight,Negative,,139206,139205,,,,,,,,,,,,,,,,,,,147370,Delta,,,,,,,,,,,,,,,,,,,Customer,Service Provider,,,,,,,,,,,,,,,,,,,true,false,,,,,,,,,,,,,,,,,,,Fri Nov 24 10:29:37 +0000 2017,Fri Nov 24 11:12:53 +0000 2017,,,,,,,,,,,,,,,,,,,"@Delta been waiting for an agent for close to an hour at George bush international in Houston , why tell us to check in 2 hours before a flight if you won't be available to check us in","@147370 Hello, Nikki! I apologize for the wait. I show that the ticket counter opens at 430AM. The agent should open shortly. *TCC",,,,,,,,,,,,,,,,,,,2025-09-26T20:35:36.828Z,job_20250926_194021,2
68d6f926c2ff72e0a91e8528,650,68ce563252b33355379dfcce,Feedback regarding General,Feedback,General,Positive,,139208,139207,,,,,,,,,,,,,,,,,,,147371,Delta,,,,,,,,,,,,,,,,,,,Customer,Service Provider,,,,,,,,,,,,,,,,,,,true,false,,,,,,,,,,,,,,,,,,,Fri Nov 24 10:49:25 +0000 2017,Fri Nov 24 11:12:49 +0000 2017,,,,,,,,,,,,,,,,,,,Shoutout to Kathy and Rob for taking care of me on DL2471 BOS-JFK.  You guys rocked! @Delta #deltadifference #thankyou,@147371 Thank you for taking the time to provide your feedback. It is greatly appreciated. *ATJ,,,,,,,,,,,,,,,,,,,2025-09-26T20:35:50.995Z,job_20250926_194021,2
68d6f938c2ff72e0a91e8529,655,68ce563252b33355379dfcd3,Complaint regarding Technical,Complaint,Technical,Negative,,139222,139221,,,,,,,,,,,,,,,,,,,147376,Delta,,,,,,,,,,,,,,,,,,,Customer,Service Provider,,,,,,,,,,,,,,,,,,,true,false,,,,,,,,,,,,,,,,,,,Fri Nov 24 09:49:40 +0000 2017,Fri Nov 24 10:56:49 +0000 2017,,,,,,,,,,,,,,,,,,,"Delta Delta Delta - again! Ready to roll and can’t get the wheel chip away, need a special crew 🙄😳. A four hour created problem by an employee  when leaving the US and  \nNow on this issue, wow just wow! @delta","@147376 Hello, Holly! I apologize for the delay! Please DM your confirmation# and I will try to assist. *TCC",,,,,,,,,,,,,,,,,,,2025-09-26T20:36:08.060Z,job_20250926_194021,2
68d6f94dc2ff72e0a91e852a,660,68ce563252b33355379dfcd8,Feedback regarding General,Feedback,General,Positive,,141348,141347,141346,141345,,,,,,,,,,,,,,,,,147877,Delta,147877,Delta,,,,,,,,,,,,,,,,,Customer,Service Provider,Customer,Service Provider,,,,,,,,,,,,,,,,,true,false,true,false,,,,,,,,,,,,,,,,,Fri Nov 24 12:04:09 +0000 2017,Fri Nov 24 12:04:50 +0000 2017,Fri Nov 24 12:08:45 +0000 2017,Fri Nov 24 12:10:34 +0000 2017,,,,,,,,,,,,,,,,,Off to @122828 and @delta for a few days off the grid in @147878.  Hoping this visit is much better.,"@147877 Thank you for flying with us. Please tweet us, if you need us. Thank you.  *ATJ",@Delta You scored 100% on @139055’s Corporate Equality Index. Wouldn’t fly with anyone else!  https://t.co/e0GD1t48jj,@147877 Thank you! Your loyalty to Delta is greatly appreciated. *TCC,,,,,,,,,,,,,,,,,2025-09-26T20:36:29.255Z,job_20250926_194021,2
68d6f96cc2ff72e0a91e852b,662,68ce563252b33355379dfcda,Technical Support regarding Customer Service,Technical Support,Customer Service,Neutral,,141353,141351,141352,141354,141355,141356,,,,,,,,,,,,,,,147880,Delta,147880,Delta,147880,Delta,,,,,,,,,,,,,,,Customer,Service Provider,Customer,Service Provider,Customer,Service Provider,,,,,,,,,,,,,,,true,false,true,false,true,false,,,,,,,,,,,,,,,Fri Nov 24 12:02:07 +0000 2017,Fri Nov 24 12:04:46 +0000 2017,Fri Nov 24 12:12:06 +0000 2017,Fri Nov 24 12:14:50 +0000 2017,Fri Nov 24 12:17:07 +0000 2017,Fri Nov 24 12:20:03 +0000 2017,,,,,,,,,,,,,,,@Delta hello do you have a working uk customer services number,"@147880 Hi, Letitia. We certainly do. Here is our United Kingdom Reservations Team phone number: +44 (0)207 660 0767. Have a great rest of your day. Tweet us if you need us.  *AJZ",@Delta Hi that number is not working the line goes dead everytime i select a  option,"@147880 Oh, no. I will forward this concern to our I.T. Team for internal review. Here is a list of alternate phone numbers you may try:  https://t.co/kqomiX8FCI *AJZ",@Delta Thanks.  I have tried several including US numbers but none are working,"@147880 Hmm, quite strange. However, we are up and running. If further assistance is needed, please let us know.  *AJZ",,,,,,,,,,,,,,,2025-09-26T20:37:00.036Z,job_20250926_194021,2
68d6f979c2ff72e0a91e852c,666,68ce563252b33355379dfcde,Order Status regarding Travel,Order Status,Travel,Neutral,,142285,142284,,,,,,,,,,,,,,,,,,,148103,Delta,,,,,,,,,,,,,,,,,,,Customer,Service Provider,,,,,,,,,,,,,,,,,,,true,false,,,,,,,,,,,,,,,,,,,Fri Nov 24 12:38:03 +0000 2017,Fri Nov 24 12:40:57 +0000 2017,,,,,,,,,,,,,,,,,,,"Hey @Delta , if you want to delay my flight until tomorrow night, i wouldn’t be mad",@148103 Please follow/DM your confirmation number so that I may look into this further. Thank you. *ATJ,,,,,,,,,,,,,,,,,,,2025-09-26T20:37:13.451Z,job_20250926_194021,2
68d6f988c2ff72e0a91e852d,667,68ce563252b33355379dfcdf,Order Status regarding Shipping/Delivery,Order Status,Shipping/Delivery,Negative,,142287,142286,,,,,,,,,,,,,,,,,,,143986,Delta,,,,,,,,,,,,,,,,,,,Customer,Service Provider,,,,,,,,,,,,,,,,,,,true,false,,,,,,,,,,,,,,,,,,,Fri Nov 24 12:29:04 +0000 2017,Fri Nov 24 12:31:27 +0000 2017,,,,,,,,,,,,,,,,,,,"2am. Finally on the ground, 11 hours late.  Happy Thanksgiving @delta","@143986 I'm sorry to hear about your delayed travel. Any travel disruption is regrettable. If further assistance is needed, please let us know.  *AJZ",,,,,,,,,,,,,,,,,,,2025-09-26T20:37:28.887Z,job_20250926_194021,2
68d6f99bc2ff72e0a91e852e,672,68ce563252b33355379dfce4,Account/Billing regarding Technical,Account/Billing,Technical,Neutral,,143161,143160,,,,,,,,,,,,,,,,,,,148335,Delta,,,,,,,,,,,,,,,,,,,Customer,Service Provider,,,,,,,,,,,,,,,,,,,true,false,,,,,,,,,,,,,,,,,,,Fri Nov 24 13:05:25 +0000 2017,Fri Nov 24 13:08:37 +0000 2017,,,,,,,,,,,,,,,,,,,"@Delta My SkyMiles Express card doesn’t seem to be linked to my delta account, and I never received the promotional miles (50k when I signed up). Help?","@148335 Hi, Ethan. I will be happy to take a look. Please share the SkyMiles Account Number that is listed on the bottom part of your credit card on the front via DM.  *AJZ https://t.co/6iDGBJAc2m",,,,,,,,,,,,,,,,,,,2025-09-26T20:37:47.516Z,job_20250926_194021,2
68d6f9b2c2ff72e0a91e852f,674,68ce563252b33355379dfce6,Technical Support regarding Travel,Technical Support,Travel,Neutral,,143170,143169,,,,,,,,,,,,,,,,,,,148337,Delta,,,,,,,,,,,,,,,,,,,Customer,Service Provider,,,,,,,,,,,,,,,,,,,true,false,,,,,,,,,,,,,,,,,,,Fri Nov 24 12:56:46 +0000 2017,Fri Nov 24 13:06:24 +0000 2017,,,,,,,,,,,,,,,,,,,I'm on a @Delta flight and we're sitting on the runway for 30 more minutes. I tried to put my seat back and this guy behind me literally *kicks* and pushes so hard I can't. https://t.co/YCHL4J2g0K,"@148337 Hi. Please alert a Flight Attendant, and inform them that your seat won't go back. They will be able to assist with the reason why. Thanks. *TMA",,,,,,,,,,,,,,,,,,,2025-09-26T20:38:10.468Z,job_20250926_194021,2
68d6f9c3c2ff72e0a91e8530,344,68ce563252b33355379dfb9c,Complaint regarding Travel,Complaint,Travel,Negative,,79588,79587,,,,,,,,,,,,,,,,,,,133662,Delta,,,,,,,,,,,,,,,,,,,Customer,Service Provider,,,,,,,,,,,,,,,,,,,true,false,,,,,,,,,,,,,,,,,,,Thu Nov 30 12:41:45 +0000 2017,Thu Nov 30 12:44:30 +0000 2017,,,,,,,,,,,,,,,,,,,. @Delta  you just stole from me! Reassigned from me premium seat without refund! I demand my refund!,@133662 Hi Eric! Can you please DM me your confirmation number? I will be happy to see how I can help.  *TMC https://t.co/6iDGBJAc2m,,,,,,,,,,,,,,,,,,,2025-09-26T20:38:27.549Z,job_20250926_194021,2
68d6f9d5c2ff72e0a91e8531,348,68ce563252b33355379dfba0,Technical Support regarding General,Technical Support,General,Neutral,,81037,81036,81035,,,,,,,,,,,,,,,,,,133990,133990,Delta,,,,,,,,,,,,,,,,,,Customer,Customer,Service Provider,,,,,,,,,,,,,,,,,,true,true,false,,,,,,,,,,,,,,,,,,Wed Nov 29 21:31:40 +0000 2017,Thu Nov 30 13:11:30 +0000 2017,Thu Nov 30 13:13:31 +0000 2017,,,,,,,,,,,,,,,,,,A guy got kicked off my flight yesterday 4 being drunk. Which was shitty. He was subsequently let back on. Which was un-shitty. @Delta- your net shittiness is in the negative (it’s inversely related to satisfaction) and I commend you for that. #flight #DeltaTwitter #drunkguy,@Delta Thanks for your reply.,@133990 Our pleasure. *ALY,,,,,,,,,,,,,,,,,,2025-09-26T20:38:45.785Z,job_20250926_194021,2
68d6f9e6c2ff72e0a91e8532,353,68ce563252b33355379dfba5,Technical Support regarding Travel/Flight,Technical Support,Travel/Flight,Positive,,83829,83827,83828,83830,,,,,,,,,,,,,,,,,134419,Delta,134419,Delta,,,,,,,,,,,,,,,,,Customer,Service Provider,Customer,Service Provider,,,,,,,,,,,,,,,,,true,false,true,false,,,,,,,,,,,,,,,,,Thu Nov 30 13:47:27 +0000 2017,Thu Nov 30 13:55:46 +0000 2017,Thu Nov 30 14:21:50 +0000 2017,Thu Nov 30 14:22:19 +0000 2017,,,,,,,,,,,,,,,,,@delta could I please get some help@checking in for my BE fight?,@134419 Your all set go ahead and check in. *AMS,@Delta Thanks so much!,@134419 You are very welcome! *AMS,,,,,,,,,,,,,,,,,2025-09-26T20:39:02.319Z,job_20250926_194021,2
68d6f9fbc2ff72e0a91e8533,361,68ce563252b33355379dfbad,Order Status regarding Travel/Flights,Order Status,Travel/Flights,Neutral,,86471,86469,86470,86472,,,,,,,,,,,,,,,,,134888,Delta,134888,Delta,,,,,,,,,,,,,,,,,Customer,Service Provider,Customer,Service Provider,,,,,,,,,,,,,,,,,true,false,true,false,,,,,,,,,,,,,,,,,Thu Nov 30 14:23:41 +0000 2017,Thu Nov 30 14:26:37 +0000 2017,Thu Nov 30 14:36:27 +0000 2017,Thu Nov 30 14:38:04 +0000 2017,,,,,,,,,,,,,,,,,"@Delta I booked a roundtrip flight. If I miss my outbound, can I still take my return flight?","@134888 Of course, any change is subject to fare difference as well as any applicable change fees. *ASK","@Delta If I cancel my flight, will I get a refund in time to rebook a one-way return ticket home?",@134888 May I have your confirmation number so I see what type of ticket you purchased? Please DM for privacy. *ALS,,,,,,,,,,,,,,,,,2025-09-26T20:39:23.262Z,job_20250926_194021,2
68d6fa13c2ff72e0a91e8534,371,68ce563252b33355379dfbb7,Technical Support regarding Technical,Technical Support,Technical,Positive,,86503,86501,86502,86504,,,,,,,,,,,,,,,,,134898,Delta,134898,Delta,,,,,,,,,,,,,,,,,Customer,Service Provider,Customer,Service Provider,,,,,,,,,,,,,,,,,true,false,true,false,,,,,,,,,,,,,,,,,Thu Nov 30 14:11:53 +0000 2017,Thu Nov 30 14:12:34 +0000 2017,Thu Nov 30 15:12:40 +0000 2017,Thu Nov 30 15:15:05 +0000 2017,,,,,,,,,,,,,,,,,Headed to @134899 on @Delta on our way to Miami! The flight attendant on DL4680 is the NICEST EVER. WOW. A great way to start our vacation!,"@134898 @134899 Hello, Nathan. Great to hear this feedback! We thank you for flying with us and we hope you enjoy your vacation!  *ARD","@Delta @134899 It'd be better if we could fly, but apparently your maintenance systems are down so we are just sitting on the tarmac. 😐",@134898 Very sorry for the delay. Our team will be getting you going shortly. We appreciate your patience.  *ARD,,,,,,,,,,,,,,,,,2025-09-26T20:39:47.010Z,job_20250926_194021,2
68d6fa2bc2ff72e0a91e8535,376,68ce563252b33355379dfbbc,Technical Support regarding Travel/Flight,Technical Support,Travel/Flight,Neutral,,86518,86516,86517,86519,,,,,,,,,,,,,,,,,134904,Delta,134904,Delta,,,,,,,,,,,,,,,,,Customer,Service Provider,Customer,Service Provider,,,,,,,,,,,,,,,,,true,false,true,false,,,,,,,,,,,,,,,,,Thu Nov 30 14:07:13 +0000 2017,Thu Nov 30 14:08:37 +0000 2017,Thu Nov 30 15:33:16 +0000 2017,Thu Nov 30 15:42:20 +0000 2017,,,,,,,,,,,,,,,,,"@Delta I️ left my iPhone in the back pocket of row 17 flight DL1835 from Augusta to ATL this morning. The plane left to Jackson, MS before I️ realized I️ left it.","@134904 Hello, Seth. Pls fill out our lost item form here:  https://t.co/PFXvMptCcO. The finally destination was ATL, correct?  *ARD",@Delta Our final destination is SLC. We had a layover in ATL.,@134904 Understood. You arrived in ATL this morning so you can try contacting our our lost and found at 1-404-530-2100.  *ARD,,,,,,,,,,,,,,,,,2025-09-26T20:40:11.403Z,job_20250926_194021,2
68d6fa3ec2ff72e0a91e8536,381,68ce563252b33355379dfbc1,Complaint regarding Travel,Complaint,Travel,Negative,,89794,89793,,,,,,,,,,,,,,,,,,,135437,Delta,,,,,,,,,,,,,,,,,,,Customer,Service Provider,,,,,,,,,,,,,,,,,,,true,false,,,,,,,,,,,,,,,,,,,Thu Nov 30 14:56:21 +0000 2017,Thu Nov 30 14:57:57 +0000 2017,,,,,,,,,,,,,,,,,,,Pretty pissed that @Delta won't let me use the voucher they gave me for a flight for my wife.,"@135437 Vouchers, like tickets, are non-transferable. Some vouchers may be shared with another person traveling with you, but no voucher may be explicitly given away. Would you mind sharing the voucher number so I can look into the conditions of yours? *ASK https://t.co/6iDGBJAc2m",,,,,,,,,,,,,,,,,,,2025-09-26T20:40:30.854Z,job_20250926_194021,2
68d6fa54c2ff72e0a91e8537,391,68ce563252b33355379dfbcb,Complaint regarding Technical Support,Complaint,Technical Support,Negative,,89830,89829,,,,,,,,,,,,,,,,,,,135449,Delta,,,,,,,,,,,,,,,,,,,Customer,Service Provider,,,,,,,,,,,,,,,,,,,true,false,,,,,,,,,,,,,,,,,,,Thu Nov 30 14:27:14 +0000 2017,Thu Nov 30 14:29:19 +0000 2017,,,,,,,,,,,,,,,,,,,"No more #overbooking #flights!! @Delta you’re  telling my husband that it’s “fingers crossed” to see if he’ll get on his flight this AM. Some silver status treatment, not that it should matter. I have a finger for you and it is not crossed.😡 @135450 #MakeOverbookingIllegalFAA","@135449 Hi, Melissa. I would like to see what the situation may be here. Please follow and direct message your husband's confirmation number and I will take a look.  *AJL",,,,,,,,,,,,,,,,,,,2025-09-26T20:40:52.250Z,job_20250926_194021,2
68d6fa87c2ff72e0a91e8538,392,68ce563252b33355379dfbcc,Technical Support regarding General,Technical Support,General,Neutral,,91729,91728,91727,91725,91723,91724,91726,,,,,,,,,,,,,,135894,135894,Delta,135894,Delta,135894,Delta,,,,,,,,,,,,,,Customer,Customer,Service Provider,Customer,Service Provider,Customer,Service Provider,,,,,,,,,,,,,,true,true,false,true,false,true,false,,,,,,,,,,,,,,Thu Nov 30 14:46:44 +0000 2017,Thu Nov 30 15:04:53 +0000 2017,Thu Nov 30 15:16:29 +0000 2017,Thu Nov 30 15:19:29 +0000 2017,Thu Nov 30 15:27:32 +0000 2017,Thu Nov 30 15:30:37 +0000 2017,Thu Nov 30 15:43:01 +0000 2017,,,,,,,,,,,,,,Anyone with @Delta Sky Club card or pull or kindness to get our dear Amal into Sky Club in Ottawa airport after the horrors she's just been through w/Security? https://t.co/qqAnXX9LWG,"@Delta Hey, @Delta @824 entirely not your fault, but maybe some extra compassion for a Canadian poet whose trip was ruined by Immigration &amp; saved in part by your sales folk?",@135894 Our apologies for your experience. It is never our goal to let you down. Feel free to speak with one of our  Airport Supervisors to see if they can get Amal access to the Delta Sky Club.  *AJZ,"@Delta You all were heroic, got her on a flight when Security made her miss hers. No Sky Club in Ottawa...but maybe you can give @5352 (Amal) some food/drink coupons? She'll be there for a long time.","@135894 @5352 Unfortunately, we don't have access to food/drink coupons via twitter. She can request them from a Delta representative at the counter. *ALS","@Delta @5352 OK, thanks! That should help. Is there a way to get this authorized so she doesn't have to tell her whole story again? Since it was not a Delta plane at fault, it would just be an act of generosity.","@135894 I'm sorry, we don't have a way to communicate with the counter, nor can we authorize vouchers.  *ALS",,,,,,,,,,,,,,2025-09-26T20:41:43.563Z,job_20250926_194021,2
68d6fa9ac2ff72e0a91e8539,394,68ce563252b33355379dfbce,Product Inquiry regarding Booking/Reservation,Product Inquiry,Booking/Reservation,Neutral,,91746,91745,,,,,,,,,,,,,,,,,,,135898,Delta,,,,,,,,,,,,,,,,,,,Customer,Service Provider,,,,,,,,,,,,,,,,,,,true,false,,,,,,,,,,,,,,,,,,,Thu Nov 30 14:57:05 +0000 2017,Thu Nov 30 15:23:28 +0000 2017,,,,,,,,,,,,,,,,,,,"@Delta Having problems booking two tickets for in the morning. When one pax selected, says two tickets available for BE. When two pax selected, says not available? https://t.co/9gJWXGXodg",@135898 You  may wish to book them seperately to get the lower fare for one passenger. You may also speak with our online team at 888 750 3284 for online navigation assistance. *HDV,,,,,,,,,,,,,,,,,,,2025-09-26T20:42:02.112Z,job_20250926_194021,2
68d6fab1c2ff72e0a91e853a,396,68ce563252b33355379dfbd0,Complaint regarding Technical Support,Complaint,Technical Support,Negative,,91758,91757,,,,,,,,,,,,,,,,,,,135900,Delta,,,,,,,,,,,,,,,,,,,Customer,Service Provider,,,,,,,,,,,,,,,,,,,true,false,,,,,,,,,,,,,,,,,,,Thu Nov 30 15:08:55 +0000 2017,Thu Nov 30 15:18:58 +0000 2017,,,,,,,,,,,,,,,,,,,"@Delta between a dent in a #plane, a missing part, #flight attendant issues, now an #engine that won’t start. Past 2 weeks = 15hrs in delays. I’m getting so sick of flying with you. Only so many “sorry for trouble” someone can take before switching #airlines.","@135900 Hi Royce, we do apologize for the delays. It is never our goal to let you down. *AMS",,,,,,,,,,,,,,,,,,,2025-09-26T20:42:25.320Z,job_20250926_194021,2
68d6fac3c2ff72e0a91e853b,400,68ce563252b33355379dfbd4,Complaint regarding Technical Support,Complaint,Technical Support,Negative,,91770,91769,,,,,,,,,,,,,,,,,,,135904,Delta,,,,,,,,,,,,,,,,,,,Customer,Service Provider,,,,,,,,,,,,,,,,,,,true,false,,,,,,,,,,,,,,,,,,,Thu Nov 30 15:04:37 +0000 2017,Thu Nov 30 15:07:27 +0000 2017,,,,,,,,,,,,,,,,,,,Delayed For 5 1/2 hrs Thanks To @delta! Never Flying #delta AGAIN!! #nightmareondelta #Birthdayweekend,"@135904 Hello. I am truly sorry to hear of your flight delay. If there is any way we can assist you, please let us know.  *AJL",,,,,,,,,,,,,,,,,,,2025-09-26T20:42:43.336Z,job_20250926_194021,2
68d6fb54df49affd617f0476,402,68ce563252b33355379dfbd6,Other regarding General,Other,General,Positive,,91781,91780,,,,,,,,,,,,,,,,,,,135906,Delta,,,,,,,,,,,,,,,,,,,Customer,Service Provider,,,,,,,,,,,,,,,,,,,true,false,,,,,,,,,,,,,,,,,,,Thu Nov 30 15:01:13 +0000 2017,Thu Nov 30 15:02:15 +0000 2017,,,,,,,,,,,,,,,,,,,@delta thanks for taking the time to finally talk to me about your customer service challenges last night. Hopefully the actions and plan we came up with will make future interactions smoother for myself and others.,@135906 You're welcome Kent. Thank you for tweeting. *ALS,,,,,,,,,,,,,,,,,,,2025-09-26T20:45:08.113Z,job_20250926_204453,2
68d6fb64df49affd617f0477,415,68ce563252b33355379dfbe3,Feedback regarding General,Feedback,General,Positive,,95931,95930,,,,,,,,,,,,,,,,,,,134424,Delta,,,,,,,,,,,,,,,,,,,Customer,Service Provider,,,,,,,,,,,,,,,,,,,true,false,,,,,,,,,,,,,,,,,,,Thu Nov 30 16:15:15 +0000 2017,Thu Nov 30 16:18:55 +0000 2017,,,,,,,,,,,,,,,,,,,@Delta what a great flight to Raleigh this morning.  Between the Delta Sky Club at Newark and the smooth flight I cannot be more pleased.  I will for sure fly your airline again for this route.,@134424 We are very glad you enjoyed your experience with us and we look forward to serving you via all of your future traveling needs!  *ARD,,,,,,,,,,,,,,,,,,,2025-09-26T20:45:24.266Z,job_20250926_204453,2
68d6fb86df49affd617f0478,405,68ce563252b33355379dfbd9,Product Inquiry regarding Travel/Flight,Product Inquiry,Travel/Flight,Neutral,,94126,94124,94125,94127,94129,,,,,,,,,,,,,,,,136422,Delta,136422,Delta,136422,,,,,,,,,,,,,,,,Customer,Service Provider,Customer,Service Provider,Customer,,,,,,,,,,,,,,,,true,false,true,false,true,,,,,,,,,,,,,,,,Thu Nov 30 15:46:10 +0000 2017,Thu Nov 30 15:56:53 +0000 2017,Thu Nov 30 16:12:06 +0000 2017,Thu Nov 30 19:55:55 +0000 2017,Thu Nov 30 19:57:15 +0000 2017,,,,,,,,,,,,,,,,@Delta can u tell me why someone would need to use a kiosk to check in for a flight instead of using the online portal?,"@136422 Hi Josh, our kiosks are just another means of checking in for the customer. They serve the same function. *AMS","@Delta Yes, I use your app services often, my question is a family member that doesn’t travel often tried to CI online, but has to use a kiosk?","@136422 Hi there. I follow you. I believe there are a handful of reasons, and the predominant motive for a check-in at a Delta kiosk or ticketing counter is for verifying a passport for international check-in and travel. Domestic travel can require physical check in at times, too. *ADB",@Delta Thank you for the feedback.   Makes sense.,,,,,,,,,,,,,,,,2025-09-26T20:45:58.973Z,job_20250926_204453,2
68d6fb91df49affd617f0479,408,68ce563252b33355379dfbdc,Feedback regarding General,Feedback,General,Positive,,94148,94147,,,,,,,,,,,,,,,,,,,136427,Delta,,,,,,,,,,,,,,,,,,,Customer,Service Provider,,,,,,,,,,,,,,,,,,,true,false,,,,,,,,,,,,,,,,,,,Thu Nov 30 15:34:41 +0000 2017,Thu Nov 30 15:37:47 +0000 2017,,,,,,,,,,,,,,,,,,,keep up the good work @delta!! 💕💕,@136427 Thank you for flying with us! *AMS,,,,,,,,,,,,,,,,,,,2025-09-26T20:46:09.438Z,job_20250926_204453,2
68d6fb9cdf49affd617f047a,406,68ce563252b33355379dfbda,Feedback regarding General,Feedback,General,Positive,,94135,94134,,,,,,,,,,,,,,,,,,,136423,Delta,,,,,,,,,,,,,,,,,,,Customer,Service Provider,,,,,,,,,,,,,,,,,,,true,false,,,,,,,,,,,,,,,,,,,Thu Nov 30 15:44:07 +0000 2017,Thu Nov 30 15:48:43 +0000 2017,,,,,,,,,,,,,,,,,,,@Delta I love you.,@136423 Hello. This is reciprocated!  *ARD,,,,,,,,,,,,,,,,,,,2025-09-26T20:46:20.742Z,job_20250926_204453,2
68d6fbb2df49affd617f047b,420,68ce563252b33355379dfbe8,Technical Support regarding General,Technical Support,General,Neutral,,95946,95944,95945,95947,95948,,,,,,,,,,,,,,,,136893,Delta,136893,136893,Delta,,,,,,,,,,,,,,,,Customer,Service Provider,Customer,Customer,Service Provider,,,,,,,,,,,,,,,,true,false,true,true,false,,,,,,,,,,,,,,,,Thu Nov 30 15:45:07 +0000 2017,Thu Nov 30 16:07:10 +0000 2017,Thu Nov 30 16:24:35 +0000 2017,Thu Nov 30 16:29:02 +0000 2017,Thu Nov 30 16:48:35 +0000 2017,,,,,,,,,,,,,,,,Are you having another outage @delta???,@136893 Hi Eric. No outages reported recently. Anything I can do to help with any upcoming travel? *HKM,"@Delta My application has been wonky this morning. Kicking me out, not loading, deleting my travel today...",@Delta That was over an hour ago... Seems to be solid now...,"@136893 We're thinking the IT team may have completed an update. Whatever the case, we appreciate you hanging in there with us until we got things repaired. *HKM",,,,,,,,,,,,,,,,2025-09-26T20:46:42.641Z,job_20250926_204453,2
68d6fbc2df49affd617f047c,423,68ce563252b33355379dfbeb,Technical Support regarding Technical,Technical Support,Technical,Negative,,95955,95954,,,,,,,,,,,,,,,,,,,136896,Delta,,,,,,,,,,,,,,,,,,,Customer,Service Provider,,,,,,,,,,,,,,,,,,,true,false,,,,,,,,,,,,,,,,,,,Thu Nov 30 15:42:42 +0000 2017,Thu Nov 30 16:00:19 +0000 2017,,,,,,,,,,,,,,,,,,,@Delta what have you done to your app!!!! Never loads and can’t check in - keep showing errors. Terrible update! Was it even tested??,"@136896 Hello, Phil. Sorry for the trouble. We are looking into all issues. We appreciate the feedback, and things should be back working as normal shortly.  *ARD",,,,,,,,,,,,,,,,,,,2025-09-26T20:46:58.984Z,job_20250926_204453,2
68d6fbccdf49affd617f047d,424,68ce563252b33355379dfbec,Other regarding General,Other,General,Neutral,,95957,95956,,,,,,,,,,,,,,,,,,,136897,Delta,,,,,,,,,,,,,,,,,,,Customer,Service Provider,,,,,,,,,,,,,,,,,,,true,false,,,,,,,,,,,,,,,,,,,Thu Nov 30 15:55:04 +0000 2017,Thu Nov 30 15:59:12 +0000 2017,,,,,,,,,,,,,,,,,,,hi @Delta,@136897 Hello how can I assist? *AMS,,,,,,,,,,,,,,,,,,,2025-09-26T20:47:08.790Z,job_20250926_204453,2
68d6fbd9df49affd617f047e,428,68ce563252b33355379dfbf0, regarding ,,,,,97720,97719,,,,,,,,,,,,,,,,,,,137399,Delta,,,,,,,,,,,,,,,,,,,Customer,Service Provider,,,,,,,,,,,,,,,,,,,true,false,,,,,,,,,,,,,,,,,,,Thu Nov 30 16:53:59 +0000 2017,Thu Nov 30 16:55:56 +0000 2017,,,,,,,,,,,,,,,,,,,Just a wanderer in her natural habitat.  Crew love @delta\n#pilot  #jetsetter #wanderer https://t.co/f7DhYHnZRp,"@137399 Hi, Tiphany. Thank you for tweeting us! What a lovely picture. So nice! 😊 *AJL",,,,,,,,,,,,,,,,,,,2025-09-26T20:47:21.859Z,job_20250926_204453,2
68d6fbf7df49affd617f047f,429,68ce563252b33355379dfbf1,Complaint regarding Travel/Flight,Complaint,Travel/Flight,Negative,,97723,97721,97722,97724,,,,,,,,,,,,,,,,,137400,Delta,137400,Delta,,,,,,,,,,,,,,,,,Customer,Service Provider,Customer,Service Provider,,,,,,,,,,,,,,,,,true,false,true,false,,,,,,,,,,,,,,,,,Thu Nov 30 16:36:43 +0000 2017,Thu Nov 30 16:54:31 +0000 2017,Thu Nov 30 17:02:41 +0000 2017,Thu Nov 30 17:18:01 +0000 2017,,,,,,,,,,,,,,,,,@Delta your basic economy tickets are a joke. They are not cheaper than other airlines and you offer no way to upgrade them. I was trying to make my connection but not sure if I will #deltaistheworst #notflyingthemagain #missingchristmas,"@137400 ...reservation, and please share your confirmation number via DM for review.  *AJZ 2/2 https://t.co/6iDGBJAc2m","@Delta Thank you for your response, sending you a DM now!",@137400 Thanks. Please allow me a few moments to review. *AJZ,,,,,,,,,,,,,,,,,2025-09-26T20:47:51.254Z,job_20250926_204453,2
68d6fc09df49affd617f0480,431,68ce563252b33355379dfbf3,Order Status regarding Technical,Order Status,Technical,Neutral,,97729,97728,,,,,,,,,,,,,,,,,,,137402,Delta,,,,,,,,,,,,,,,,,,,Customer,Service Provider,,,,,,,,,,,,,,,,,,,true,false,,,,,,,,,,,,,,,,,,,Thu Nov 30 16:51:54 +0000 2017,Thu Nov 30 16:53:46 +0000 2017,,,,,,,,,,,,,,,,,,,"So according to @Delta, if you made a change to your flight and have an e-mail confirmation, confirmation #, and app all showing the new flight &amp; your credit card was charged... it doesn't mean a ticket was issued. In what world does this make sense?","@137402 Hi, Nico. Thank you for reaching out to us via Twitter. Please follow and direct message your confirmation number.  *AJL",,,,,,,,,,,,,,,,,,,2025-09-26T20:48:09.120Z,job_20250926_204453,2
68d6fc28df49affd617f0481,432,68ce563252b33355379dfbf4,Complaint regarding Travel Experience,Complaint,Travel Experience,Negative,,97733,97732,97731,97730,,,,,,,,,,,,,,,,,137403,Delta,137403,Delta,,,,,,,,,,,,,,,,,Customer,Service Provider,Customer,Service Provider,,,,,,,,,,,,,,,,,true,false,true,false,,,,,,,,,,,,,,,,,Thu Nov 30 16:18:29 +0000 2017,Thu Nov 30 16:38:47 +0000 2017,Thu Nov 30 16:48:22 +0000 2017,Thu Nov 30 16:51:54 +0000 2017,,,,,,,,,,,,,,,,,@delta #skymiles member here on flight DL0460 JFK to LAX... Had to eat everything but the mold on the meal because was told there are no extras... eat mold or go hungry? Not cool. https://t.co/sJs5192e7U,"@137403 Hello, Resham,. Very sorry to see this. We must do better. Did you inform our in-flight team about this?  *ARD","@Delta Yes, professional as always they sent me 2500 miles, a nice gesture. But on a six hour flight to not have any extra food in the back, none for purchase and no checks on food quality is an issue, I shouldn't have to choose between starvation and moldy food!",@137403 Great. Very sorry again for this inconvenience. We will look into this to ensure this will not transpire again. We appreciate your feedback and your patience.  *ARD,,,,,,,,,,,,,,,,,2025-09-26T20:48:40.797Z,job_20250926_204453,2
68d6fc3edf49affd617f0482,435,68ce563252b33355379dfbf7,Technical Support regarding Travel/Flight,Technical Support,Travel/Flight,Neutral,,97749,97748,,,,,,,,,,,,,,,,,,,137407,Delta,,,,,,,,,,,,,,,,,,,Customer,Service Provider,,,,,,,,,,,,,,,,,,,true,false,,,,,,,,,,,,,,,,,,,Thu Nov 30 16:30:47 +0000 2017,Thu Nov 30 16:49:48 +0000 2017,,,,,,,,,,,,,,,,,,,When people put their pillows and shopping bags in overhead bin so you have to put your roller bag 3 rows back.. prefer @Delta .. always offer free check at the gate,"@137407 We dislike it when overhead bin space is abused too. That's why we offer the free check in at the gate. Thank you for sharing your positive sentiments so graciously, Sue. We appreciate you. *ASK",,,,,,,,,,,,,,,,,,,2025-09-26T20:49:02.491Z,job_20250926_204453,2
68d6fc5adf49affd617f0483,437,68ce563252b33355379dfbf9,Order Status regarding Travel,Order Status,Travel,Neutral,,97754,97752,97753,97755,,,,,,,,,,,,,,,,,137409,Delta,137409,Delta,,,,,,,,,,,,,,,,,Customer,Service Provider,Customer,Service Provider,,,,,,,,,,,,,,,,,true,false,true,false,,,,,,,,,,,,,,,,,Thu Nov 30 16:24:41 +0000 2017,Thu Nov 30 16:47:56 +0000 2017,Thu Nov 30 17:17:18 +0000 2017,Thu Nov 30 17:27:16 +0000 2017,,,,,,,,,,,,,,,,,@Delta the flight I booked on the Fly Delta app a day ago is now $44 less. 😏 https://t.co/CPTHqd7HZZ,"@137409 Hey, Mark. Fares are subject to many factors, including availability, purchase date, length of stay and number of passengers traveling. Please note that Google Flights is not typically accurate on flight prices for Delta as it is routinely days out of date on availability. *ASK",@Delta I understand. But it’s also 44$ cheaper on the Delta website as well,"@137409 Hi, Mark. I'm happy to review this. Please DM your confirmation number, here, for assistance.  *TSL https://t.co/6iDGBJAc2m",,,,,,,,,,,,,,,,,2025-09-26T20:49:30.199Z,job_20250926_204453,2
68d6fc80df49affd617f0484,444,68ce563252b33355379dfc00,Product Inquiry regarding Travel/Flight,Product Inquiry,Travel/Flight,Neutral,,97775,97773,97774,97776,97777,97778,,,,,,,,,,,,,,,137416,Delta,137416,Delta,137416,Delta,,,,,,,,,,,,,,,Customer,Service Provider,Customer,Service Provider,Customer,Service Provider,,,,,,,,,,,,,,,true,false,true,false,true,false,,,,,,,,,,,,,,,Thu Nov 30 16:02:13 +0000 2017,Thu Nov 30 16:37:48 +0000 2017,Thu Nov 30 16:38:57 +0000 2017,Thu Nov 30 17:07:58 +0000 2017,Thu Nov 30 17:08:48 +0000 2017,Thu Nov 30 17:24:46 +0000 2017,,,,,,,,,,,,,,,@Delta I'd like to book my little sister a flight to join us for a trip. She has a 2 yr old. Does the baby need a separate ticket? She would never sit in her own seat lol. She's a super tiny 2 yr old. Not even 20 lbs 🤔 Thanks!,"@137416 Hello. If the child has reached the 2nd birthday, a ticket for the child is required.  *TSL",@Delta 😔😔😔 Is there some sort of child fare price dot a child not using the seat?,"@137416 Unfortunately, no. Please review the following link for more information when traveling with children.  https://t.co/6bFD4WFmCr *TSL",@Delta Thanks. But you answered my questions.,@137416 You're welcome. Have a great day! ✈ *TSL,,,,,,,,,,,,,,,2025-09-26T20:50:08.378Z,job_20250926_204453,2
68d6fc90df49affd617f0485,448,68ce563252b33355379dfc04,Feedback regarding General,Feedback,General,Positive,,97788,97787,,,,,,,,,,,,,,,,,,,137420,Delta,,,,,,,,,,,,,,,,,,,Customer,Service Provider,,,,,,,,,,,,,,,,,,,true,false,,,,,,,,,,,,,,,,,,,Thu Nov 30 16:19:14 +0000 2017,Thu Nov 30 16:29:58 +0000 2017,,,,,,,,,,,,,,,,,,,#ThankYou @Delta for the #Amazing service that you have in every single flight. You always make me feel great. #ThankYouThursday #DeltaAirlines #Delta https://t.co/Q7rGsdLO2k,@137420 Hello. We thank you for flying with us!  *ARD,,,,,,,,,,,,,,,,,,,2025-09-26T20:50:24.436Z,job_20250926_204453,2
68d6fc9edf49affd617f0486,451,68ce563252b33355379dfc07,Product Inquiry regarding Travel/Flight,Product Inquiry,Travel/Flight,Positive,,100247,100246,,,,,,,,,,,,,,,,,,,120484,Delta,,,,,,,,,,,,,,,,,,,Customer,Service Provider,,,,,,,,,,,,,,,,,,,true,false,,,,,,,,,,,,,,,,,,,Thu Nov 30 17:19:11 +0000 2017,Thu Nov 30 17:28:14 +0000 2017,,,,,,,,,,,,,,,,,,,Looking forward to traveling to @5805 to celebrate my 43rd #weddinganniversary! @delta here we come again!,@120484 Happy Anniversary! And welcome aboard. We look forward to having you. ✈ *TSL,,,,,,,,,,,,,,,,,,,2025-09-26T20:50:38.397Z,job_20250926_204453,2
68d6fcacdf49affd617f0487,453,68ce563252b33355379dfc09,Feedback regarding General,Feedback,General,Positive,,100255,100254,,,,,,,,,,,,,,,,,,,137969,Delta,,,,,,,,,,,,,,,,,,,Customer,Service Provider,,,,,,,,,,,,,,,,,,,true,false,,,,,,,,,,,,,,,,,,,Thu Nov 30 16:50:31 +0000 2017,Thu Nov 30 17:22:48 +0000 2017,,,,,,,,,,,,,,,,,,,@Delta @824 incredible customer service from Debbie M. at the check-in desk in PVD!,@137969 @824 Thank you for recognizing our employee. I will forward this to our Leadership Team in Providence. Thank you for flying Delta.  *TDH,,,,,,,,,,,,,,,,,,,2025-09-26T20:50:52.194Z,job_20250926_204453,2
68d6fcbedf49affd617f0488,456,68ce563252b33355379dfc0c,Technical Support regarding General,Technical Support,General,Neutral,,100506,100505,,,,,,,,,,,,,,,,,,,137972,Delta,,,,,,,,,,,,,,,,,,,Customer,Service Provider,,,,,,,,,,,,,,,,,,,true,false,,,,,,,,,,,,,,,,,,,Thu Nov 30 16:54:32 +0000 2017,Thu Nov 30 17:17:24 +0000 2017,,,,,,,,,,,,,,,,,,,"@Delta Is your website down? I've been trying to change a ticket I have with you guys and when I click review and purchase, it says an error occurred. Please help!","@137972 Hi, Jeanie. No reports of web problems, here. I'm here to help, however. Please DM your confirmation number, here, for assistance.  *TSL https://t.co/6iDGBJAc2m",,,,,,,,,,,,,,,,,,,2025-09-26T20:51:10.332Z,job_20250926_204453,2
68d6fcd1df49affd617f0489,466,68ce563252b33355379dfc16,Feedback regarding General,Feedback,General,Positive,,102261,102260,102259,102258,,,,,,,,,,,,,,,,,138433,Delta,138433,Delta,,,,,,,,,,,,,,,,,Customer,Service Provider,Customer,Service Provider,,,,,,,,,,,,,,,,,true,false,true,false,,,,,,,,,,,,,,,,,Thu Nov 30 17:36:52 +0000 2017,Thu Nov 30 17:44:27 +0000 2017,Thu Nov 30 17:48:34 +0000 2017,Thu Nov 30 17:53:20 +0000 2017,,,,,,,,,,,,,,,,,Amazing experience with Katherine E out of Phoenix on our delayed flight @Delta has themselves a rockstar! #grateful #customerservice #delta,"@138433 Hi, Tony. We're happy to hear that! . We'll make sure to pass along your praises for Katherine. *TJH",@Delta She is awesome you need a couple thousand of her! Thanks,@138433 We agree. *ALS,,,,,,,,,,,,,,,,,2025-09-26T20:51:29.370Z,job_20250926_204453,2
68d6fce6df49affd617f048a,470,68ce563252b33355379dfc1a,Technical Support regarding General,Technical Support,General,Neutral,,102274,102273,,,,,,,,,,,,,,,,,,,116339,Delta,,,,,,,,,,,,,,,,,,,Customer,Service Provider,,,,,,,,,,,,,,,,,,,true,false,,,,,,,,,,,,,,,,,,,Thu Nov 30 17:11:24 +0000 2017,Thu Nov 30 17:38:59 +0000 2017,,,,,,,,,,,,,,,,,,,@Delta why won’t you call a Medallion member whose account you disabled? I keep getting cut off after I press 1 and the Diamond Desk says tech support only accepts incoming calls. If so they need to actually take the call.,"@116339 I'm not sure if the log in piece is fixed yet but several customers have reported that with uninstalling and reinstalling the app works. So, I would suggest to give that a try. If it doesn't work right now you'll need to wait a bit and give a try a little later. *HKM",,,,,,,,,,,,,,,,,,,2025-09-26T20:51:50.657Z,job_20250926_204453,2
68d6fcf9df49affd617f048b,473,68ce563252b33355379dfc1d,Complaint regarding Travel/Flight,Complaint,Travel/Flight,Negative,,102872,102870,102871,102873,,,,,,,,,,,,,,,,,138626,Delta,138626,Delta,,,,,,,,,,,,,,,,,Customer,Service Provider,Customer,Service Provider,,,,,,,,,,,,,,,,,true,false,true,false,,,,,,,,,,,,,,,,,Tue Aug 29 12:23:07 +0000 2017,Tue Aug 29 12:25:58 +0000 2017,Thu Nov 30 17:54:18 +0000 2017,Thu Nov 30 17:58:39 +0000 2017,,,,,,,,,,,,,,,,,@delta. My seats were moved to the back of the plane on a long flight and I was told to PAY over $100 to move forward. Totally unethical.,@138626 Seats are subject to change whenever there’s a schedule or equipment change. My apology for any inconvenience.  *ALS,@Delta,"@138626 Hi, can you please DM me your ticket number? *TMC",,,,,,,,,,,,,,,,,2025-09-26T20:52:09.683Z,job_20250926_204453,2
68d6fd0ddf49affd617f048c,475,68ce563252b33355379dfc1f,Product Inquiry regarding Travel/Transportation,Product Inquiry,Travel/Transportation,Neutral,,104199,104198,,,,,,,,,,,,,,,,,,,138976,Delta,,,,,,,,,,,,,,,,,,,Customer,Service Provider,,,,,,,,,,,,,,,,,,,true,false,,,,,,,,,,,,,,,,,,,Thu Nov 30 18:22:41 +0000 2017,Thu Nov 30 18:24:53 +0000 2017,,,,,,,,,,,,,,,,,,,@Delta @AmericanAir ok whoever gives me a plane ticket to greenville to see my family for christmas first gets a hug and a year's worth of promotion to my 2k followers ready Go,"@138976 Hello! Thank you for tweeting us today. To book a ticket to see your family for Christmas, please take a look at our website at Book A Trip! Here is the link: https://t.co/jjBBBWflUi *AJL",,,,,,,,,,,,,,,,,,,2025-09-26T20:52:29.744Z,job_20250926_204453,2
68d6fd1ddf49affd617f048d,487,68ce563252b33355379dfc2b,Feedback regarding Travel Experience,Feedback,Travel Experience,Neutral,,104256,104255,,,,,,,,,,,,,,,,,,,138991,Delta,,,,,,,,,,,,,,,,,,,Customer,Service Provider,,,,,,,,,,,,,,,,,,,true,false,,,,,,,,,,,,,,,,,,,Thu Nov 30 17:59:08 +0000 2017,Thu Nov 30 18:00:38 +0000 2017,,,,,,,,,,,,,,,,,,,Great legroom in 41J (and 41A) on @Delta A350. Too bad the boarding process was an unregulated stampede. https://t.co/oWXacSNwa3,"@138991 Hello, Alberto! Glad to see you on board! Relax and enjoy your flight!   *TCC",,,,,,,,,,,,,,,,,,,2025-09-26T20:52:45.337Z,job_20250926_204453,2
68d6fd54df49affd617f048e,488,68ce563252b33355379dfc2c,Product Inquiry regarding Travel/Flight,Product Inquiry,Travel/Flight,Neutral,,104737,104735,104736,104738,104739,104740,104741,104742,104743,104744,,,,,,,,,,,139139,Delta,139139,Delta,139139,Delta,139139,Delta,139139,Delta,,,,,,,,,,,Customer,Service Provider,Customer,Service Provider,Customer,Service Provider,Customer,Service Provider,Customer,Service Provider,,,,,,,,,,,true,false,true,false,true,false,true,false,true,false,,,,,,,,,,,Thu Nov 23 18:57:52 +0000 2017,Thu Nov 23 19:03:48 +0000 2017,Thu Nov 23 19:09:28 +0000 2017,Thu Nov 23 19:15:20 +0000 2017,Thu Nov 23 19:18:20 +0000 2017,Thu Nov 23 19:19:30 +0000 2017,Thu Nov 23 19:47:56 +0000 2017,Thu Nov 23 19:51:23 +0000 2017,Thu Nov 23 19:52:24 +0000 2017,Thu Nov 23 19:55:16 +0000 2017,,,,,,,,,,,@Delta flight Rome-NYC if my luggage is overweight how much do I pay? thank you.,"@139139 Hi, there. If your luggage weighs 51 lbs (23 kg) – 70 pounds (32 kg), there will be additional cost USD 100.00 per checked bag. Here is a helpful link that goes into details on our Baggage Rules: https://t.co/EkGDb7bOK0 Hope this helps.  *AJZ","@Delta Even if it’s exactly 23kg? About the carry-on it doesn’t have any limitation of weigh, right? thank you.","@139139 Hi. The carry-on does not have a weight restriction. However, it may not exceed 45 linear inches, must be able to fit in the overhead bin or under the seat. Please tweet us, if you need us. Thank you.  *ATJ",@Delta Thank you so much! :) happy Thanksgiving !,@139139 You are so welcome! Have a great day. *TJF,"@Delta Sorry one last thing. My carryon is 54x40x20cm, it’s still in the linear measure, but is it okay? Because I’ve read on the site 56x35x23. Thank you",@139139 The dimensions are perfect.  *AST,"@Delta Thank you so much! I was afraid because different, but the important thing so is the total. Thank you. Best costumer service!","@139139 Anytime! As long as it doesn't exceed 114 CM or 42 IN, you will be fine.  *AST",,,,,,,,,,,2025-09-26T20:53:40.620Z,job_20250926_204453,2
68d6fd6bdf49affd617f048f,490,68ce563252b33355379dfc2e,Technical Support regarding Travel Planning,Technical Support,Travel Planning,Neutral,,106515,106514,,,,,,,,,,,,,,,,,,,139610,Delta,,,,,,,,,,,,,,,,,,,Customer,Service Provider,,,,,,,,,,,,,,,,,,,true,false,,,,,,,,,,,,,,,,,,,Thu Nov 30 18:49:52 +0000 2017,Thu Nov 30 18:52:34 +0000 2017,,,,,,,,,,,,,,,,,,,"@Delta Hi. If I wanted to be standby for an earlier flight, do I let the Delta ticket agent know when I’m checking in? (Friday 12/1 JFK - DCA 8:55pm) Don’t know the process. Thanks.","@139610 You can do that. However, I can handle that for you if you contact me via DM, using the following link. *ASK https://t.co/6iDGBJAc2m",,,,,,,,,,,,,,,,,,,2025-09-26T20:54:03.203Z,job_20250926_204453,2
68d6fd84df49affd617f0490,492,68ce563252b33355379dfc30,Complaint regarding Technical Support,Complaint,Technical Support,Negative,,106521,106519,106520,,,,,,,,,,,,,,,,,,139611,Delta,139611,,,,,,,,,,,,,,,,,,Customer,Service Provider,Customer,,,,,,,,,,,,,,,,,,true,false,true,,,,,,,,,,,,,,,,,,Thu Nov 30 18:43:24 +0000 2017,Thu Nov 30 18:51:32 +0000 2017,Thu Nov 30 18:55:40 +0000 2017,,,,,,,,,,,,,,,,,,So last night on my @Delta flight the flight attendants threw my retainers away while i was sleeping and they basically just told me I️t was my fault on the phone. And i thought i was a valued customer 🙄🤬,@139611 We appreciate you for choosing Delta and will always consider it a privilege to be of service.We hope to better serve you going forward. 2/2 *TJE,"@Delta I wish my experience was better too and that your flight attendants weren’t so careless . Oh, and i wish I️ still had my $1000 retainers but we can’t always get what we want.",,,,,,,,,,,,,,,,,,2025-09-26T20:54:28.771Z,job_20250926_204453,2
68d6fd9fdf49affd617f0491,498,68ce563252b33355379dfc36,Complaint regarding Travel/Transportation,Complaint,Travel/Transportation,Negative,,106538,106536,106537,106539,,,,,,,,,,,,,,,,,139617,Delta,135931,139617,,,,,,,,,,,,,,,,,Customer,Service Provider,Customer,Customer,,,,,,,,,,,,,,,,,true,false,true,true,,,,,,,,,,,,,,,,,Thu Nov 30 18:29:44 +0000 2017,Thu Nov 30 18:31:00 +0000 2017,Thu Nov 30 18:36:28 +0000 2017,Fri Dec 01 15:06:40 +0000 2017,,,,,,,,,,,,,,,,,"All three major US airlines have bragged about their operational performance over Thanksgiving. But, let's be real. There's a clear winner (and it's no surprise): @Delta https://t.co/nyy2AtVvfI",@139617 WooHoo!  We are grateful for you pointing out the Delta Difference! ✈  *TJP,@Delta @139617 Great job to all the @Delta employees who worked so hard over the holidays to make this happen! I imagine the meteorology team needs a drink!,"@135931 @Delta So, it turns out Delta's claim was a lie. They cancelled at least one flight: https://t.co/V0rmCA9Mvk",,,,,,,,,,,,,,,,,2025-09-26T20:54:55.242Z,job_20250926_204453,2
68d6fdabdf49affd617f0492,505,68ce563252b33355379dfc3d,Technical Support regarding Account/Billing,Technical Support,Account/Billing,Negative,,108397,108396,,,,,,,,,,,,,,,,,,,140061,Delta,,,,,,,,,,,,,,,,,,,Customer,Service Provider,,,,,,,,,,,,,,,,,,,true,false,,,,,,,,,,,,,,,,,,,Thu Nov 23 19:23:38 +0000 2017,Thu Nov 23 19:35:27 +0000 2017,,,,,,,,,,,,,,,,,,,Hey @Delta fix your shit and unlock my account. 🤬,@140061 Thanks for reaching out to us. Please DM me your confirmation number. *AMC,,,,,,,,,,,,,,,,,,,2025-09-26T20:55:07.392Z,job_20250926_204453,2
68d6fdc8df49affd617f0493,508,68ce563252b33355379dfc40,Order Status regarding Travel/Flight,Order Status,Travel/Flight,Positive,,110194,110193,110192,110191,,,,,,,,,,,,,,,,,140468,Delta,140468,Delta,,,,,,,,,,,,,,,,,Customer,Service Provider,Customer,Service Provider,,,,,,,,,,,,,,,,,true,false,true,false,,,,,,,,,,,,,,,,,Thu Nov 23 19:03:32 +0000 2017,Thu Nov 23 19:06:21 +0000 2017,Thu Nov 23 20:05:18 +0000 2017,Thu Nov 23 20:06:10 +0000 2017,,,,,,,,,,,,,,,,,@Delta my wife and 13yo daughter are flying back from ord to Ric via dtw tomorrow.. They've checked in.. But no way to change seats.. They aren't sitting together anyway to remedy that conf number gbma12,"@140468 Hello! I will happy to assist with the seats. On the ORD to DTW portion, they are in seats 27AB and DTW to RIC, seats 18AB. I hope you have a great day! *TJF",@Delta Awesome ... Thanks.. For working on and fixing this.. Thanks for working today..#Delta #deltaisthebest,@140468 You are very welcome. *AMC,,,,,,,,,,,,,,,,,2025-09-26T20:55:36.106Z,job_20250926_204453,2
68d6fdd4df49affd617f0494,510,68ce563252b33355379dfc42,Feedback regarding General,Feedback,General,Positive,,110198,110197,,,,,,,,,,,,,,,,,,,140470,Delta,,,,,,,,,,,,,,,,,,,Customer,Service Provider,,,,,,,,,,,,,,,,,,,true,false,,,,,,,,,,,,,,,,,,,Thu Nov 23 19:56:44 +0000 2017,Thu Nov 23 19:57:51 +0000 2017,,,,,,,,,,,,,,,,,,,Alright @Delta your singing Christmas tree got to me. Happy Thanksgiving! Grateful for a season that brings us all together. May the spirit of the season not fade.,@140470 Happy Thanksgiving! *AMS,,,,,,,,,,,,,,,,,,,2025-09-26T20:55:48.380Z,job_20250926_204453,2
68d6fdecdf49affd617f0495,513,68ce563252b33355379dfc45,Complaint regarding Technical Support,Complaint,Technical Support,Negative,,110204,110203,,,,,,,,,,,,,,,,,,,140473,Delta,,,,,,,,,,,,,,,,,,,Customer,Service Provider,,,,,,,,,,,,,,,,,,,true,false,,,,,,,,,,,,,,,,,,,Thu Nov 23 19:42:58 +0000 2017,Thu Nov 23 19:49:06 +0000 2017,,,,,,,,,,,,,,,,,,,"@Delta I hope you know your ruined thanksgiving today for a lot of families. Maybe re-evaluate the way you communicate with all parties involved in the airline and improve your services by actually understanding the concerns and needs of your customers, thank youu",@140473 Hi. I wish that your experience would've been better than what's explained. Please elaborate via DM if there is anything I can do for you.  *AST https://t.co/6iDGBJAc2m,,,,,,,,,,,,,,,,,,,2025-09-26T20:56:12.291Z,job_20250926_204453,2
68d6fe04df49affd617f0496,516,68ce563252b33355379dfc48,Technical Support regarding Travel/Transportation,Technical Support,Travel/Transportation,Negative,,112132,112130,112131,112133,,,,,,,,,,,,,,,,,140898,Delta,140898,Delta,,,,,,,,,,,,,,,,,Customer,Service Provider,Customer,Service Provider,,,,,,,,,,,,,,,,,true,false,true,false,,,,,,,,,,,,,,,,,Thu Nov 23 19:50:30 +0000 2017,Thu Nov 23 20:40:46 +0000 2017,Thu Nov 23 21:22:14 +0000 2017,Thu Nov 23 21:25:44 +0000 2017,,,,,,,,,,,,,,,,,Sitting on the tarmac at DTW for excessively long time cause someone at @Delta forgot to account for our plane landing. Someone had one job to do... one job. Uftah!!!,@140898 My apologies for the issues Ken. What is the flight number please and I will be glad to take a look? *HRO,@Delta DL1063 from ATL.,@140898 I see the flight touched down at 2:21 pm and was in the gate at 2:58 pm. There is a small delay due to the holiday traffic. Thank you for your understanding.  *HRO,,,,,,,,,,,,,,,,,2025-09-26T20:56:36.521Z,job_20250926_204453,2
68d6fe20df49affd617f0497,518,68ce563252b33355379dfc4a,Complaint regarding Technical Support,Complaint,Technical Support,Negative,,112139,112137,112136,,,,,,,,,,,,,,,,,,Delta,140900,Delta,,,,,,,,,,,,,,,,,,Service Provider,Customer,Service Provider,,,,,,,,,,,,,,,,,,false,true,false,,,,,,,,,,,,,,,,,,Thu Nov 23 15:00:12 +0000 2017,Thu Nov 23 19:06:54 +0000 2017,Thu Nov 23 20:39:54 +0000 2017,,,,,,,,,,,,,,,,,,Thankful for adjustable seatbelts after all that turkey. #HappyThanksgiving from all of us at Delta! 🍗🍽 https://t.co/IlmP84A6Ed,"@Delta When a passenger (say, a &lt; 2 year old toddler) doesn't sit down fast enough, is it standard practice for your flight attendant (say one with long straight brown hair) to AGGRESSIVELY AND WITHOUT WARNING GRAB HER BY THE LEGS AND PULL HER DOWN? Delta 5849 on Nov 22.","@140900 If not, please follow &amp; Direct Message your Delta confirmation # and the name of the FA so that I can report this. Again my apologies. *HJH https://t.co/6iDGBJAc2m",,,,,,,,,,,,,,,,,,2025-09-26T20:57:04.484Z,job_20250926_204453,2
68d6fe33df49affd617f0498,524,68ce563252b33355379dfc50,Complaint regarding Travel Experience,Complaint,Travel Experience,Negative,,112184,112182,112183,112185,,,,,,,,,,,,,,,,,140907,Delta,140907,Delta,,,,,,,,,,,,,,,,,Customer,Service Provider,Customer,Service Provider,,,,,,,,,,,,,,,,,true,false,true,false,,,,,,,,,,,,,,,,,Thu Nov 23 20:07:55 +0000 2017,Thu Nov 23 20:14:20 +0000 2017,Fri Nov 24 15:17:10 +0000 2017,Fri Nov 24 15:17:39 +0000 2017,,,,,,,,,,,,,,,,,@Delta thank you for making me miss my dad's funeral. You're the best 😉,@140907 2/2 https://t.co/6iDGBJAc2m,@Delta I got to Ohio in time. But had to run a mile and then the flight attendant gave me attitude for being late.,@140907 Hi Jenna! I do apologize for any inconvenience. *AJR,,,,,,,,,,,,,,,,,2025-09-26T20:57:23.801Z,job_20250926_204453,2
68d6fe5cdf49affd617f0499,525,68ce563252b33355379dfc51,Technical Support regarding Customer Service,Technical Support,Customer Service,Neutral,,112196,112195,112194,112193,112192,112191,112189,112188,112187,,,,,,,,,,,,140908,VirginAtlantic,140908,VirginAtlantic,140908,140908,VirginAtlantic,140908,VirginAtlantic,,,,,,,,,,,,Customer,Service Provider,Customer,Service Provider,Customer,Customer,Service Provider,Customer,Service Provider,,,,,,,,,,,,true,false,true,false,true,true,false,true,false,,,,,,,,,,,,Wed Nov 15 21:50:14 +0000 2017,Wed Nov 15 22:04:33 +0000 2017,Wed Nov 22 21:09:40 +0000 2017,Wed Nov 22 21:44:02 +0000 2017,Wed Nov 22 22:46:46 +0000 2017,Wed Nov 22 22:47:52 +0000 2017,Wed Nov 22 22:59:25 +0000 2017,Thu Nov 23 20:09:20 +0000 2017,Thu Nov 23 20:33:30 +0000 2017,,,,,,,,,,,,@Delta @VirginAtlantic I requested proof of flight details over 4 weeks ago. When I can expect to receive a response?,"@140908 @Delta Hi Maria, is this a flight you're yet to travel on or a past journey? ^SR",@VirginAtlantic @Delta A previous flight. I've contacted @Delta @VirginAtlantic multiple times and have been waiting weeks for a response. The flight was the 12th September. Please let me know how I can get a response!,"@140908 @Delta OK, which airline operated your flight? Was it a Virgin Atlantic aircraft or Delta aircraft? ^SR",@VirginAtlantic @Delta Delta - the flight was VS1076,@VirginAtlantic @Delta Sorry the flight was booked through Delta but was a Virgin flight,"@140908 @Delta OK, we can do this for you. Our customer relations team can do this for you. Which email address did you send your request to? ^SR","@VirginAtlantic @Delta I originally phoned up, and then was told to fill in the standard form","@140908 @Delta OK, I'd suggest that you give our customer relations team a call on 0344 873 7747 as they're very backlogged at the moment. ^SR",,,,,,,,,,,,2025-09-26T20:58:04.018Z,job_20250926_204453,2
68d6fe6adf49affd617f049a,526,68ce563252b33355379dfc52,Technical Support regarding Travel/Transportation,Technical Support,Travel/Transportation,Neutral,,112674,,,,,,,,,,,,,,,,,,,,141026,,,,,,,,,,,,,,,,,,,,Customer,,,,,,,,,,,,,,,,,,,,true,,,,,,,,,,,,,,,,,,,,Thu Nov 23 20:16:15 +0000 2017,,,,,,,,,,,,,,,,,,,,How many dogs is too many dogs on an airplane?? I thought there were rules about that... @SouthwestAir @Delta https://t.co/R3unnbftCm,,,,,,,,,,,,,,,,,,,,2025-09-26T20:58:18.441Z,job_20250926_204453,2
68d6fe77df49affd617f049b,527,68ce563252b33355379dfc53,Feedback regarding General,Feedback,General,Positive,,112728,,,,,,,,,,,,,,,,,,,,141048,,,,,,,,,,,,,,,,,,,,Customer,,,,,,,,,,,,,,,,,,,,true,,,,,,,,,,,,,,,,,,,,Thu Nov 23 20:39:26 +0000 2017,,,,,,,,,,,,,,,,,,,,"I always have flashbacks to the @Delta agent who rolled her eyes &amp; said “a dog, ugh.” So happy I switched to @AlaskaAir! #iflyalaska",,,,,,,,,,,,,,,,,,,,2025-09-26T20:58:31.641Z,job_20250926_204453,2
68d6fe83df49affd617f049c,533,68ce563252b33355379dfc59,Technical Support regarding Travel,Technical Support,Travel,Negative,,114105,,,,,,,,,,,,,,,,,,,,141341,,,,,,,,,,,,,,,,,,,,Customer,,,,,,,,,,,,,,,,,,,,true,,,,,,,,,,,,,,,,,,,,Thu Nov 23 17:48:04 +0000 2017,,,,,,,,,,,,,,,,,,,,Lesson learned: fly only w/ @SouthwestAir. What is the reason for charging $200 to change a flight @Delta @AmericanAir 5 months in advance?,,,,,,,,,,,,,,,,,,,,2025-09-26T20:58:43.867Z,job_20250926_204453,2
68d6fea2df49affd617f049d,534,68ce563252b33355379dfc5a,Complaint regarding Technical Support,Complaint,Technical Support,Negative,,115386,115384,115385,115387,,,,,,,,,,,,,,,,,141646,Delta,141646,Delta,,,,,,,,,,,,,,,,,Customer,Service Provider,Customer,Service Provider,,,,,,,,,,,,,,,,,true,false,true,false,,,,,,,,,,,,,,,,,Thu Nov 23 21:31:18 +0000 2017,Thu Nov 23 21:38:07 +0000 2017,Thu Nov 23 21:47:07 +0000 2017,Thu Nov 23 22:17:18 +0000 2017,,,,,,,,,,,,,,,,,@Delta here we are again. Just another day with a delay and mechanical issues. Is this beer on you? Happy Thanksgiving! https://t.co/jLYX3N5qfj,@141646 Hi Micah. I sincerely regret the frustration we've caused you. Please share your confirmation code or ticket number via this link to learn more. *TKR https://t.co/6iDGBJAc2m,"@Delta I get the unforseen issues, but the cheesy captain jokes trying to lighten the situation on a holiday really suck. https://t.co/7J4Qe55iRZ","@141646 For security reasons, please delete your previous tweet with your confirmation code. Please DM us via this link if we may be of any assistance. *TKR https://t.co/6iDGBJAc2m",,,,,,,,,,,,,,,,,2025-09-26T20:59:14.543Z,job_20250926_204453,2
68d6feb1df49affd617f049e,536,68ce563252b33355379dfc5c,Feedback regarding General,Feedback,General,Positive,,115391,115390,,,,,,,,,,,,,,,,,,,141648,Delta,,,,,,,,,,,,,,,,,,,Customer,Service Provider,,,,,,,,,,,,,,,,,,,true,false,,,,,,,,,,,,,,,,,,,Thu Nov 23 21:34:14 +0000 2017,Thu Nov 23 21:35:43 +0000 2017,,,,,,,,,,,,,,,,,,,"I complaintweet often, but today I have to complitweet @Delta. Friendly welcomes, great sky lounge food, free onboard entertainment, and response buttons for boarding experience shows they care. I’ll fly w y’all again soon.",@141648 Thank you for flying with us! *AMS,,,,,,,,,,,,,,,,,,,2025-09-26T20:59:29.926Z,job_20250926_204453,2
68d6feccdf49affd617f049f,541,68ce563252b33355379dfc61,Complaint regarding Technical Support,Complaint,Technical Support,Negative,,115406,115405,115404,,,,,,,,,,,,,,,,,,141653,141653,Delta,,,,,,,,,,,,,,,,,,Customer,Customer,Service Provider,,,,,,,,,,,,,,,,,,true,true,false,,,,,,,,,,,,,,,,,,Thu Nov 23 21:23:44 +0000 2017,Thu Nov 23 21:25:05 +0000 2017,Thu Nov 23 21:29:12 +0000 2017,,,,,,,,,,,,,,,,,,@Delta after showing up to DFW this am &amp; being rebooked due to a flight delay (and being told to stop crying when I got stressed about arriving later to my destination) I am now in DTW waiting for another delayed flight at the time I was supposed to arrive at my final destination,@Delta @Delta as a skymiles member since I was 2 and particularly with this being Thanksgiving this is by far the worst experience I've had with your team. Extremely disappointed.,@141653 Hi Katherine. I regret the frustration we've caused you. Please share your confirmation code or ticket number via this link to better assist. *TKR https://t.co/6iDGBJAc2m,,,,,,,,,,,,,,,,,,2025-09-26T20:59:56.524Z,job_20250926_204453,2
68d6fedfdf49affd617f04a0,543,68ce563252b33355379dfc63,Order Status regarding Shipping/Delivery,Order Status,Shipping/Delivery,Neutral,,116744,116743,,,,,,,,,,,,,,,,,,,142005,Delta,,,,,,,,,,,,,,,,,,,Customer,Service Provider,,,,,,,,,,,,,,,,,,,true,false,,,,,,,,,,,,,,,,,,,Thu Nov 23 22:08:07 +0000 2017,Thu Nov 23 22:10:26 +0000 2017,,,,,,,,,,,,,,,,,,,@Delta What's going on with DL160. Daughter is on plane and they are not eing told much? Thank you for the help,@142005 Hi. Thanks for bringing this to my attention. Our teams are working to get the aircraft safely to it's destination asap. I will ask the MSP airport team to look into the delay and make an announcement as soon as they have an update. My apologies. *HJH,,,,,,,,,,,,,,,,,,,2025-09-26T21:00:15.163Z,job_20250926_204453,2
68d6fef3df49affd617f04a1,544,68ce563252b33355379dfc64,Complaint regarding Orders,Complaint,Orders,Negative,,116749,116746,116747,116750,,,,,,,,,,,,,,,,,142006,Delta,142006,Delta,,,,,,,,,,,,,,,,,Customer,Service Provider,Customer,Service Provider,,,,,,,,,,,,,,,,,true,false,true,false,,,,,,,,,,,,,,,,,Thu Nov 23 22:06:31 +0000 2017,Thu Nov 23 22:09:20 +0000 2017,Thu Nov 23 23:00:55 +0000 2017,Thu Nov 23 23:44:06 +0000 2017,,,,,,,,,,,,,,,,,"@Delta 300 ticket. cancelled 10 hours later, yet you refuse to give me my money back. Plz help. Happy TG all",@142006 Oh No! What is the ticket number and I will be glad to take a look.  *HRO,@Delta 25788024,@142006 It can take up to 2 billing cycles for the credit to show. Please reach out to your financial institution for assistance.  *HEC,,,,,,,,,,,,,,,,,2025-09-26T21:00:35.953Z,job_20250926_204453,2
68d6ff03df49affd617f04a2,553,68ce563252b33355379dfc6d,Feedback regarding General,Feedback,General,Positive,,119163,119162,,,,,,,,,,,,,,,,,,,142406,Delta,,,,,,,,,,,,,,,,,,,Customer,Service Provider,,,,,,,,,,,,,,,,,,,true,false,,,,,,,,,,,,,,,,,,,Thu Nov 23 22:23:01 +0000 2017,Thu Nov 23 22:26:54 +0000 2017,,,,,,,,,,,,,,,,,,,Great day to travel! From the beautiful Skyclub to the smooth flight with wonderful flight attendants - BOS to BNA. Thank you @Delta !,"@142406 Hi, Colleen! We're glad you had a great travel experience with us today. We can't wait to welcome you onboard again. 😃 *TCH",,,,,,,,,,,,,,,,,,,2025-09-26T21:00:51.572Z,job_20250926_204453,2
68d6ff13df49affd617f04a3,557,68ce563252b33355379dfc71,Product Inquiry regarding General,Product Inquiry,General,Neutral,,120392,120391,,,,,,,,,,,,,,,,,,,142737,Delta,,,,,,,,,,,,,,,,,,,Customer,Service Provider,,,,,,,,,,,,,,,,,,,true,false,,,,,,,,,,,,,,,,,,,Thu Nov 23 23:00:25 +0000 2017,Thu Nov 23 23:05:13 +0000 2017,,,,,,,,,,,,,,,,,,,My sister got bumped up to Delta Comfort like how. I’m the one that’s a member lol 😪😓 @Delta,"@142737 Hey Christian, can you DM your confirmation # to the link provided? I will be glad to look into this.  *TBT https://t.co/6iDGBJAc2m",,,,,,,,,,,,,,,,,,,2025-09-26T21:01:07.503Z,job_20250926_204453,2
68d6ff24df49affd617f04a4,561,68ce563252b33355379dfc75,Complaint regarding Technical Support,Complaint,Technical Support,Negative,,121176,121175,,,,,,,,,,,,,,,,,,,142976,Delta,,,,,,,,,,,,,,,,,,,Customer,Service Provider,,,,,,,,,,,,,,,,,,,true,false,,,,,,,,,,,,,,,,,,,Thu Nov 23 23:23:59 +0000 2017,Thu Nov 23 23:31:04 +0000 2017,,,,,,,,,,,,,,,,,,,"So what I learned from @Delta representative, DONT ever trust they can honor a commitment. Give a solid three day window for departure!!!","@142976 Hi, Samuel. I'm sorry to hear this. Please send a DM if you need any further assistance.   *TCH https://t.co/6iDGBJAc2m",,,,,,,,,,,,,,,,,,,2025-09-26T21:01:24.795Z,job_20250926_204453,2
68d6ff36df49affd617f04a5,573,68ce563252b33355379dfc81,Complaint regarding Travel,Complaint,Travel,Negative,,122138,122137,,,,,,,,,,,,,,,,,,,143225,Delta,,,,,,,,,,,,,,,,,,,Customer,Service Provider,,,,,,,,,,,,,,,,,,,true,false,,,,,,,,,,,,,,,,,,,Thu Nov 23 23:51:00 +0000 2017,Fri Nov 24 00:01:26 +0000 2017,,,,,,,,,,,,,,,,,,,So much for thanksgiving miracles...9 remaining seats and the @Delta gate agent wouldn’t allow this medallion flyer with only carryon bag on the flight.,"@143225 Oh no, I'm sorry Abbie. Can you DM  your confirmation # to the link provided? I will be glad to look into this.  *TBT https://t.co/6iDGBJAc2m",,,,,,,,,,,,,,,,,,,2025-09-26T21:01:42.590Z,job_20250926_204453,2
68d6ff4adf49affd617f04a6,574,68ce563252b33355379dfc82,Technical Support regarding Airline/Travel,Technical Support,Airline/Travel,Neutral,,122143,122142,122140,122139,,,,,,,,,,,,,,,,,143226,Delta,143226,Delta,,,,,,,,,,,,,,,,,Customer,Service Provider,Customer,Service Provider,,,,,,,,,,,,,,,,,true,false,true,false,,,,,,,,,,,,,,,,,Thu Nov 23 23:37:31 +0000 2017,Thu Nov 23 23:50:30 +0000 2017,Thu Nov 23 23:56:39 +0000 2017,Fri Nov 24 00:00:50 +0000 2017,,,,,,,,,,,,,,,,,@Delta can you confirm that purchases of non-MQM miles count toward MQDs? I'm a tad short on MQDs and am trying to figure out how best to fix that.,@143226 Thanks for reaching out to us. Are you asking if the value  spent purchasing SkyMiles will count towards your MQD balance? *AMC,"@Delta Yes, exactly",@143226 Please give me one moment to look into this for you. *AMC,,,,,,,,,,,,,,,,,2025-09-26T21:02:02.661Z,job_20250926_204453,2
68d6ff5cdf49affd617f04a7,576,68ce563252b33355379dfc84,Feedback regarding General,Feedback,General,Positive,,122150,122148,122149,,,,,,,,,,,,,,,,,,143228,Delta,143228,,,,,,,,,,,,,,,,,,Customer,Service Provider,Customer,,,,,,,,,,,,,,,,,,true,false,true,,,,,,,,,,,,,,,,,,Thu Nov 23 23:52:08 +0000 2017,Thu Nov 23 23:55:24 +0000 2017,Fri Nov 24 00:01:23 +0000 2017,,,,,,,,,,,,,,,,,,My first #thanksGiving in the sky. Hoping my @delta flight fam serves turkey. #brisbaneBound #soThankful  for upgrades ;) https://t.co/enDed81wH8,"@143228 Hi, Roger. Congrats on the upgrade and Happy Travels to Australia. *HJH",@Delta Thanks for all you do *HJH,,,,,,,,,,,,,,,,,,2025-09-26T21:02:20.101Z,job_20250926_204453,2
68d6ff6cdf49affd617f04a8,580,68ce563252b33355379dfc88,Feedback regarding General,Feedback,General,Positive,,122833,122832,,,,,,,,,,,,,,,,,,,143413,Delta,,,,,,,,,,,,,,,,,,,Customer,Service Provider,,,,,,,,,,,,,,,,,,,true,false,,,,,,,,,,,,,,,,,,,Fri Nov 24 00:29:30 +0000 2017,Fri Nov 24 00:30:47 +0000 2017,,,,,,,,,,,,,,,,,,,"@Delta-thankful to the crew of Flights 1160 &amp; 690 for bringing us safely to our destination, Springfield. God bless &amp; Happy 🍁 https://t.co/wshkytGSCR","@143413 It was a pleasure to have you on board with us, Vera! Thanks for choosing Delta! *HEC",,,,,,,,,,,,,,,,,,,2025-09-26T21:02:36.416Z,job_20250926_204453,2
68d6ff7cdf49affd617f04a9,592,68ce563252b33355379dfc94,Product Inquiry regarding Travel,Product Inquiry,Travel,Neutral,,124899,124898,,,,,,,,,,,,,,,,,,,143984,Delta,,,,,,,,,,,,,,,,,,,Customer,Service Provider,,,,,,,,,,,,,,,,,,,true,false,,,,,,,,,,,,,,,,,,,Fri Nov 24 01:54:21 +0000 2017,Fri Nov 24 01:58:29 +0000 2017,,,,,,,,,,,,,,,,,,,Hey @Delta do y’all have some kinda Black Friday sale on tickets to Hawaii?😂 nbfr I’m trynna go home,@143984 Thanks for reaching out to us. You can find our deals here:  https://t.co/MThhxc5jy8 *AMC,,,,,,,,,,,,,,,,,,,2025-09-26T21:02:52.460Z,job_20250926_204453,2
68d6ffafdf49affd617f04aa,597,68ce563252b33355379dfc99,Order Status regarding Orders,Order Status,Orders,Negative,,125440,125438,125437,125435,125434,125432,125431,,,,,,,,,,,,,,144124,Delta,144124,144124,Delta,144124,Delta,,,,,,,,,,,,,,Customer,Service Provider,Customer,Customer,Service Provider,Customer,Service Provider,,,,,,,,,,,,,,true,false,true,true,false,true,false,,,,,,,,,,,,,,Fri Nov 24 02:10:10 +0000 2017,Fri Nov 24 02:21:22 +0000 2017,Fri Nov 24 02:31:19 +0000 2017,Fri Nov 24 02:33:28 +0000 2017,Fri Nov 24 02:35:47 +0000 2017,Fri Nov 24 02:40:10 +0000 2017,Fri Nov 24 02:41:15 +0000 2017,,,,,,,,,,,,,,"@Delta I was in the middle of purchasing tickets and after entering my CC info, I was alerted that the price increased. Please help and honor the original price quoted. Don’t know why price changed in the middle of my purchase.","@144124 Good evening, Jonelle. Our apologies for the frustrating experience. This typically happens when a fare sells out during the purchasing process so the next price point is given as an option.  *ABN",@Delta Also your site still shows three tickets available.  Which leads me to believe that no one purchased those tickets.,@Delta Who can I work with at @Delta to get to original price I was quoted?,"@144124 It's very common for the fare to increase that quickly. Just as you're searching for fares, so are a multitude of others. In this case, someone else purchased the lower fare before you could complete your purchase.  *ABN","@Delta I wasn’t not searching.  I was on the last step of the purchase, entering the cc info.  No one purchased the lower fare because the same number of tickets are still available.  It said 3 tickets available then and it stills says 3 tickets available now.",@144124 I understand. Please reach out to Online Support for further assistance.  *ABN,,,,,,,,,,,,,,2025-09-26T21:03:43.750Z,job_20250926_204453,2
68d6ffbbdf49affd617f04ab,602,68ce563252b33355379dfc9e,Other regarding General,Other,General,Neutral,,125461,125459,125460,,,,,,,,,,,,,,,,,,144132,Delta,144133,,,,,,,,,,,,,,,,,,Customer,Service Provider,Customer,,,,,,,,,,,,,,,,,,true,false,true,,,,,,,,,,,,,,,,,,Fri Nov 24 02:27:24 +0000 2017,Fri Nov 24 02:29:25 +0000 2017,Wed Nov 29 19:55:29 +0000 2017,,,,,,,,,,,,,,,,,,yo @Delta,@144132 Good evening! *ABN,@Delta @144132 Dyl,,,,,,,,,,,,,,,,,,2025-09-26T21:03:55.378Z,job_20250926_204453,2
68d6ffc4df49affd617f04ac,606,68ce563252b33355379dfca2,Other regarding General,Other,General,Neutral,,125471,125470,,,,,,,,,,,,,,,,,,,144137,Delta,,,,,,,,,,,,,,,,,,,Customer,Service Provider,,,,,,,,,,,,,,,,,,,true,false,,,,,,,,,,,,,,,,,,,Fri Nov 24 02:27:24 +0000 2017,Fri Nov 24 02:28:31 +0000 2017,,,,,,,,,,,,,,,,,,,yo @Delta,@144137 Good evening! *ABN,,,,,,,,,,,,,,,,,,,2025-09-26T21:04:04.307Z,job_20250926_204453,2
68d6ffcedf49affd617f04ad,607,68ce563252b33355379dfca3,Other regarding General,Other,General,Neutral,,125475,125472,125473,,,,,,,,,,,,,,,,,,144128,Delta,144138,,,,,,,,,,,,,,,,,,Customer,Service Provider,Customer,,,,,,,,,,,,,,,,,,true,false,true,,,,,,,,,,,,,,,,,,Fri Nov 24 02:27:24 +0000 2017,Fri Nov 24 02:28:18 +0000 2017,Fri Nov 24 02:29:55 +0000 2017,,,,,,,,,,,,,,,,,,yo @Delta,"@144128 Hi, Jade! *ABN",@Delta @144128 :(,,,,,,,,,,,,,,,,,,2025-09-26T21:04:14.349Z,job_20250926_204453,2
68d6ffe3df49affd617f04ae,608,68ce563252b33355379dfca4,Feedback regarding General,Feedback,General,Positive,,126194,126193,,,,,,,,,,,,,,,,,,,144312,Delta,,,,,,,,,,,,,,,,,,,Customer,Service Provider,,,,,,,,,,,,,,,,,,,true,false,,,,,,,,,,,,,,,,,,,Fri Nov 24 03:05:37 +0000 2017,Fri Nov 24 03:08:46 +0000 2017,,,,,,,,,,,,,,,,,,,"To the woman on Delta flight 5597 from Norfolk to Detroit today who, after our 4 hour delay, told me to take her first class seat (2b) so I (7.5 months pregnant traveling alone) would be more comfortable, THANK YOU! Kind, generous gesture that had me blinking back tears. @Delta","@144312 Wow! Amazing story, Kathy. What a way to show the spirit of Thanksgiving. Thank you for sharing. *ABN",,,,,,,,,,,,,,,,,,,2025-09-26T21:04:35.302Z,job_20250926_204453,2
68d6fff4df49affd617f04af,612,68ce563252b33355379dfca8,Complaint regarding General,Complaint,General,Neutral,,126208,126206,126207,126209,,,,,,,,,,,,,,,,,144315,Delta,144315,Delta,,,,,,,,,,,,,,,,,Customer,Service Provider,Customer,Service Provider,,,,,,,,,,,,,,,,,true,false,true,false,,,,,,,,,,,,,,,,,Fri Nov 24 02:36:29 +0000 2017,Fri Nov 24 02:56:39 +0000 2017,Fri Nov 24 03:08:06 +0000 2017,Fri Nov 24 03:14:32 +0000 2017,,,,,,,,,,,,,,,,,"Thanks for requesting my review of the nonexistent YVR Sky Club, @Delta https://t.co/sv88zzHUkj","@144315 Joe, I am very sorry about this.  *HFG","@Delta No need to be ""very"" it's really just funny",@144315 We appreciate your understanding in this matter.  *HCA,,,,,,,,,,,,,,,,,2025-09-26T21:04:52.133Z,job_20250926_204453,2
68d6ffffdf49affd617f04b0,616,68ce563252b33355379dfcac,Product Inquiry regarding Travel/Flights,Product Inquiry,Travel/Flights,Neutral,,126218,126216,126217,,,,,,,,,,,,,,,,,,144319,Delta,144319,,,,,,,,,,,,,,,,,,Customer,Service Provider,Customer,,,,,,,,,,,,,,,,,,true,false,true,,,,,,,,,,,,,,,,,,Fri Nov 24 02:31:20 +0000 2017,Fri Nov 24 02:53:54 +0000 2017,Fri Nov 24 03:09:20 +0000 2017,,,,,,,,,,,,,,,,,,Hi @Delta,@144319 Good evening! *ABN,@Delta Flights for Chicagi,,,,,,,,,,,,,,,,,,2025-09-26T21:05:03.497Z,job_20250926_204453,2
68d7000edf49affd617f04b1,625,68ce563252b33355379dfcb5,Feedback regarding General,Feedback,General,Positive,,126945,126944,,,,,,,,,,,,,,,,,,,144492,Delta,,,,,,,,,,,,,,,,,,,Customer,Service Provider,,,,,,,,,,,,,,,,,,,true,false,,,,,,,,,,,,,,,,,,,Fri Nov 24 03:12:26 +0000 2017,Fri Nov 24 03:24:00 +0000 2017,,,,,,,,,,,,,,,,,,,"Flew @Delta earlier today. Have to say, they have made the most improvement in terms of comfort. High speed internet available, Delta Comfot includes real comfort, newer planes with sensible overhead bins. A+",@144492 We appreciate the positive feedback!  *HCA,,,,,,,,,,,,,,,,,,,2025-09-26T21:05:18.182Z,job_20250926_204453,2
68d70022df49affd617f04b2,626,68ce563252b33355379dfcb6,Product Information regarding Airline Services,Product Information,Airline Services,Neutral,,127480,127478,127479,127481,,,,,,,,,,,,,,,,,144629,Delta,144629,Delta,,,,,,,,,,,,,,,,,Customer,Service Provider,Customer,Service Provider,,,,,,,,,,,,,,,,,true,false,true,false,,,,,,,,,,,,,,,,,Fri Nov 24 03:58:27 +0000 2017,Fri Nov 24 04:11:33 +0000 2017,Fri Nov 24 04:20:03 +0000 2017,Fri Nov 24 04:24:48 +0000 2017,,,,,,,,,,,,,,,,,@Delta Can I use a companion certificate with a ticket purchased with miles?,"@144629 Hi there. Unfortunately not, my apologies. Please refer to this link for more information:https://t.co/vFGU4dsR3C *HSD",@Delta Thanks!,@144629 You're welcome!  *HSD,,,,,,,,,,,,,,,,,2025-09-26T21:05:38.092Z,job_20250926_204453,2
68d70053df49affd617f04b3,627,68ce563252b33355379dfcb7,Complaint regarding Technical Support,Complaint,Technical Support,Negative,,127493,127491,127490,127489,127488,127487,127486,127485,127484,127483,127482,,,,,,,,,,144491,144491,144491,144491,144491,144491,144491,144630,144491,144491,Delta,,,,,,,,,,Customer,Customer,Customer,Customer,Customer,Customer,Customer,Customer,Customer,Customer,Service Provider,,,,,,,,,,true,true,true,true,true,true,true,true,true,true,false,,,,,,,,,,Fri Nov 24 03:41:26 +0000 2017,Fri Nov 24 03:42:28 +0000 2017,Fri Nov 24 03:44:06 +0000 2017,Fri Nov 24 03:45:00 +0000 2017,Fri Nov 24 03:45:40 +0000 2017,Fri Nov 24 03:46:39 +0000 2017,Fri Nov 24 03:47:23 +0000 2017,Fri Nov 24 03:49:34 +0000 2017,Fri Nov 24 03:50:42 +0000 2017,Fri Nov 24 03:51:17 +0000 2017,Fri Nov 24 04:07:42 +0000 2017,,,,,,,,,,Let me tell y'all about my latest @Delta experience.,@Delta I am a gold medallion member. Close to platinum. Will be platinum by EOY.,"@Delta Upon deplaning, the man across the aisle from me was kind enough to get the luggage down for the woman in his window seat. Kind right?","@Delta Turns out, he wacks me in the face with it. When I say ""oh, that was my face"" he responded ""DONT BE DRAMATIC""",@Delta Ok sir. You hit be in the face. All you have to do is say sorry. I repeat myself and he gets aggressive.,@Delta So I pull off into galley to talk to flight crew and file a complaint. Flight attendant walks me to gate agent...,"@Delta Turns out said man is a ""million miler"" so we'll see how this turns out.","@144491 @Delta I mean why was it so hard for him to say ""Oh wow I'm so sorry, I didn't mean to do that, are you okay?"" the entitlement of some people . . .","@144630 @Delta Is it bad that I just stereotyped ""old white man toxic masculinity?"" Seriously tho, all he had to do was be gracious and say sorry.",@144630 @Delta I would've been fine if he hadn't responded so aggressively.,"@144491 Ashley, you may wish to file a formal complaint with our Customer Care team via the following link  https://t.co/fPLXqv8KGq *HCA",,,,,,,,,,2025-09-26T21:06:27.694Z,job_20250926_204453,2
68d70067df49affd617f04b4,631,68ce563252b33355379dfcbb,Technical Support regarding Account/Billing,Technical Support,Account/Billing,Negative,,127501,127500,,,,,,,,,,,,,,,,,,,144634,Delta,,,,,,,,,,,,,,,,,,,Customer,Service Provider,,,,,,,,,,,,,,,,,,,true,false,,,,,,,,,,,,,,,,,,,Fri Nov 24 03:45:45 +0000 2017,Fri Nov 24 03:48:10 +0000 2017,,,,,,,,,,,,,,,,,,,@Delta Customer Care sent me a $25 delta choice credit to make up for an issue...however I just tried to use it and it says it expired earlier this month. How can it be fair that you only give 60 DAYS to use something you give passengers to make up for a problem??,@144634 We're sorry for the frustration. Please use the link to provide the voucher #.  *ABN https://t.co/6iDGBJAc2m,,,,,,,,,,,,,,,,,,,2025-09-26T21:06:47.921Z,job_20250926_204453,2
68d7007bdf49affd617f04b5,634,68ce563252b33355379dfcbe,Order Status regarding Orders,Order Status,Orders,Neutral,,128219,128218,128217,128216,,,,,,,,,,,,,,,,,144809,Delta,144809,Delta,,,,,,,,,,,,,,,,,Customer,Service Provider,Customer,Service Provider,,,,,,,,,,,,,,,,,true,false,true,false,,,,,,,,,,,,,,,,,Fri Nov 24 04:16:51 +0000 2017,Fri Nov 24 04:18:50 +0000 2017,Fri Nov 24 04:19:56 +0000 2017,Fri Nov 24 04:27:02 +0000 2017,,,,,,,,,,,,,,,,,@DELTA VCE to AMS DL9685 was cancelled without notice. What's up?,@144809 Hey there. Sorry to hear. This is not a Delta operated Flight. Please contact the operating carrier for assistance.  *HFG,@Delta Any way you can help with seat assignment / upgrades on the new flights?,@144809 Please DM your confirmation code and I will see if I can help you with your seats.  *HSD,,,,,,,,,,,,,,,,,2025-09-26T21:07:07.108Z,job_20250926_204453,2
68d70098df49affd617f04b6,635,68ce563252b33355379dfcbf,Complaint regarding Technical Support,Complaint,Technical Support,Negative,,128222,128220,128221,,,,,,,,,,,,,,,,,,144810,Delta,144810,,,,,,,,,,,,,,,,,,Customer,Service Provider,Customer,,,,,,,,,,,,,,,,,,true,false,true,,,,,,,,,,,,,,,,,,Fri Nov 24 04:21:37 +0000 2017,Fri Nov 24 04:26:32 +0000 2017,Fri Nov 24 04:31:54 +0000 2017,,,,,,,,,,,,,,,,,,"Very disappointing experience setting up account with @delta. Five of my passwords/secure question answers were denied despite following initial instructions. @144811 can explain how @delta's limitations make passwords less secure. &amp;suspicious design - 3 prompts to save pw,not 1. https://t.co/uTAMlVUl6M","@144810 If you need ant assistance with your account, please follow/DM your SkyMiles Account number. *AMV https://t.co/6iDGBJAc2m","@Delta If your security team needs assistance understanding why it's a bad practice to deny good random passwords, I can help. Or any other security professional can help you. Regarding my account, I'm all set, just worrying what else you did wrong about the client security.",,,,,,,,,,,,,,,,,,2025-09-26T21:07:36.124Z,job_20250926_204453,2
68d700abdf49affd617f04b7,640,68ce563252b33355379dfcc4,Technical Support regarding Travel/Transportation,Technical Support,Travel/Transportation,Neutral,,129789,129787,129788,,,,,,,,,,,,,,,,,,145262,Delta,145262,,,,,,,,,,,,,,,,,,Customer,Service Provider,Customer,,,,,,,,,,,,,,,,,,true,false,true,,,,,,,,,,,,,,,,,,Fri Nov 24 05:50:55 +0000 2017,Fri Nov 24 05:53:21 +0000 2017,Fri Nov 24 05:55:54 +0000 2017,,,,,,,,,,,,,,,,,,@Delta which terminal do you fly out of from Heathrow ?? And can you check your luggage in the day before flight or is it on day only??,"@145262 Hi Jonathan, please provide your flight number and I will look into this for you. Also, you're only allowed to check your bags 6 hours prior to your departure.  *HSD",@Delta Wow that was quick vs4045 is flight number,,,,,,,,,,,,,,,,,,2025-09-26T21:07:55.319Z,job_20250926_204453,2
68d700b9df49affd617f04b8,644,68ce563252b33355379dfcc8,Feedback regarding General,Feedback,General,Positive,,131903,131902,,,,,,,,,,,,,,,,,,,145740,Delta,,,,,,,,,,,,,,,,,,,Customer,Service Provider,,,,,,,,,,,,,,,,,,,true,false,,,,,,,,,,,,,,,,,,,Fri Nov 24 07:23:16 +0000 2017,Fri Nov 24 07:25:23 +0000 2017,,,,,,,,,,,,,,,,,,,Thank you @Delta for the surprise invite to the @145741 #sagalounge in Reykjavik this morning! It is lovely and we had expected no lounge access! #thanksgiving #CustomerExperience #kef,@145740 @145741 ❤ *HSD,,,,,,,,,,,,,,,,,,,2025-09-26T21:08:09.443Z,job_20250926_204453,2
68d700d9df49affd617f04b9,652,68ce563252b33355379dfcd0,Complaint regarding Travel/Aviation,Complaint,Travel/Aviation,Negative,,139213,139211,139212,139214,,,,,,,,,,,,,,,,,147373,Delta,147373,Delta,,,,,,,,,,,,,,,,,Customer,Service Provider,Customer,Service Provider,,,,,,,,,,,,,,,,,true,false,true,false,,,,,,,,,,,,,,,,,Fri Nov 24 10:07:43 +0000 2017,Fri Nov 24 11:07:13 +0000 2017,Fri Nov 24 13:11:52 +0000 2017,Fri Nov 24 13:15:38 +0000 2017,,,,,,,,,,,,,,,,,"I've flown with surfboards many times, but I've never taken a $200 hit (over double the price!) for an overweight board bag (over by 12 lbs).\nWon't be flying @Delta our next surf trip!",@147373 Please accept our apology for the unfavorable impression you received in this instance. We appreciate your selection of Delta and will always consider it a privilege to be of service. *ATJ,@Delta Thanks @Delta but can someone explain to me how my $150 oversized bag cost $350 for being just 12 lbs over?\nYour website doesn't say anywhere that you charge $17/lb 🤔🤔🤔,@147373 I apologize for the confusion. Please see the following link for more information on overage fees https://t.co/EkGDb7bOK0. Thank you. *ATJ,,,,,,,,,,,,,,,,,2025-09-26T21:08:41.191Z,job_20250926_204453,2
68d700ecdf49affd617f04ba,661,68ce563252b33355379dfcd9,Complaint regarding Customer Experience,Complaint,Customer Experience,Negative,,141350,141349,,,,,,,,,,,,,,,,,,,147879,Delta,,,,,,,,,,,,,,,,,,,Customer,Service Provider,,,,,,,,,,,,,,,,,,,true,false,,,,,,,,,,,,,,,,,,,Fri Nov 24 12:00:37 +0000 2017,Fri Nov 24 12:05:09 +0000 2017,,,,,,,,,,,,,,,,,,,@Delta shocker #Delta screwed up again and I had to pay an additional $100 #thankyou for #robbing me again.  #Airlines #neveragain #dontuse #delta #CustomerService #CustomerExperience #Horrible,"@147879 Matthew, I am sorry you feel that we let you down. Can you please DM me the details of what happened? *TBW https://t.co/6iDGBJAc2m",,,,,,,,,,,,,,,,,,,2025-09-26T21:09:00.847Z,job_20250926_204453,2
68d700ffdf49affd617f04bb,664,68ce563252b33355379dfcdc,Technical Support regarding Travel/Transportation,Technical Support,Travel/Transportation,Neutral,,141360,141359,,,,,,,,,,,,,,,,,,,147882,Delta,,,,,,,,,,,,,,,,,,,Customer,Service Provider,,,,,,,,,,,,,,,,,,,true,false,,,,,,,,,,,,,,,,,,,Fri Nov 24 11:36:07 +0000 2017,Fri Nov 24 11:49:02 +0000 2017,,,,,,,,,,,,,,,,,,,@Delta what time do your agents show up for Bag Drop at LAX?  You've got 100 people waiting to check bags with no Delta reps.,"@147882 Hi, Adam. I'm sorry for the inconvenience. The ticket counter opens at 04:00 AM- 01:00 AM daily. I'll reach out to them right away. My sincere apologies.  *TJH",,,,,,,,,,,,,,,,,,,2025-09-26T21:09:19.652Z,job_20250926_204453,2
68d70111df49affd617f04bc,669,68ce563252b33355379dfce1,Feedback regarding General,Feedback,General,Neutral,,143151,143150,,,,,,,,,,,,,,,,,,,148332,Delta,,,,,,,,,,,,,,,,,,,Customer,Service Provider,,,,,,,,,,,,,,,,,,,true,false,,,,,,,,,,,,,,,,,,,Fri Nov 24 13:00:30 +0000 2017,Fri Nov 24 13:13:04 +0000 2017,,,,,,,,,,,,,,,,,,,@824 @Delta Quick question why do pilots get to sit in first class? I️ get the whole “they fly the planes” but we actually pay for our seats!,"@148332 Thank you for your feedback. We value your selection of Delta, and your disappointment does not support our goal of providing a superior level of customer service. Be assured the feedback you provide is used as we make decisions for future enhancements to our program.  *TBW",,,,,,,,,,,,,,,,,,,2025-09-26T21:09:37.842Z,job_20250926_204453,2
68d70123df49affd617f04bd,673,68ce563252b33355379dfce5,Technical Support regarding Travel/Transportation,Technical Support,Travel/Transportation,Negative,,143163,143162,,,,,,,,,,,,,,,,,,,141646,Delta,,,,,,,,,,,,,,,,,,,Customer,Service Provider,,,,,,,,,,,,,,,,,,,true,false,,,,,,,,,,,,,,,,,,,Fri Nov 24 13:04:30 +0000 2017,Fri Nov 24 13:06:28 +0000 2017,,,,,,,,,,,,,,,,,,,@Delta nearing the end of my 24 hour and change journey with you by a nice 2 hour sita-thon in the  baggage claim. Thanksgiving was real. https://t.co/wOZpZqWGn8,"@141646 Our apologies for your experience.  If further assistance is needed, please let us know.  *AJZ",,,,,,,,,,,,,,,,,,,2025-09-26T21:09:55.391Z,job_20250926_204453,2
68d70134df49affd617f04be,679,68ce563252b33355379dfceb,Technical Support regarding General,Technical Support,General,Negative,,143216,143215,,,,,,,,,,,,,,,,,,,148342,Delta,,,,,,,,,,,,,,,,,,,Customer,Service Provider,,,,,,,,,,,,,,,,,,,true,false,,,,,,,,,,,,,,,,,,,Fri Nov 24 12:44:15 +0000 2017,Fri Nov 24 12:48:51 +0000 2017,,,,,,,,,,,,,,,,,,,"@Delta I appreciated having my kneee banged twice by the service cart, only to have you end service with 27A-C when I was in 27D.","@148342 Hi. Sorry to hear about your experience. Please DM your confirmation code, so I may be of assistance. Thanks. *TMA https://t.co/6iDGBJAc2m",,,,,,,,,,,,,,,,,,,2025-09-26T21:10:12.139Z,job_20250926_204453,2
68d70144df49affd617f04bf,340,68ce563252b33355379dfb98,Feedback regarding General,Feedback,General,Positive,,77840,77839,,,,,,,,,,,,,,,,,,,133355,Delta,,,,,,,,,,,,,,,,,,,Customer,Service Provider,,,,,,,,,,,,,,,,,,,true,false,,,,,,,,,,,,,,,,,,,Thu Nov 30 12:01:45 +0000 2017,Thu Nov 30 12:04:02 +0000 2017,,,,,,,,,,,,,,,,,,,A beautiful foggy morning @126260 and thanks for the upgrade @Delta https://t.co/j4TA9fLqh4,@133355 Happy to be of assistance. Glad to see you flying in style this murky morning. *ASK,,,,,,,,,,,,,,,,,,,2025-09-26T21:10:28.835Z,job_20250926_204453,2
68d7015cdf49affd617f04c0,342,68ce563252b33355379dfb9a,Order Status regarding Travel,Order Status,Travel,Neutral,,79584,79583,,,,,,,,,,,,,,,,,,,133660,Delta,,,,,,,,,,,,,,,,,,,Customer,Service Provider,,,,,,,,,,,,,,,,,,,true,false,,,,,,,,,,,,,,,,,,,Thu Nov 30 12:53:12 +0000 2017,Thu Nov 30 12:55:35 +0000 2017,,,,,,,,,,,,,,,,,,,Pt 4\nMechanic arrives. Plane fixed. Bedraggled passengers board. Seated. Pretty quick. We’ve done this before. We’re a team. \n\nEveryone snuggles in. Pilot comes on. It’s 7:30. We’re READY.\n\n@Delta #thejoysofairtravel,@133660 Thank you for the update and your patience.  *ALS,,,,,,,,,,,,,,,,,,,2025-09-26T21:10:52.134Z,job_20250926_204453,2
68d70170df49affd617f04c1,350,68ce563252b33355379dfba2,Feedback regarding General,Feedback,General,Neutral,,83819,83817,83818,,,,,,,,,,,,,,,,,,134416,Delta,134416,,,,,,,,,,,,,,,,,,Customer,Service Provider,Customer,,,,,,,,,,,,,,,,,,true,false,true,,,,,,,,,,,,,,,,,,Thu Nov 30 13:57:04 +0000 2017,Thu Nov 30 13:58:19 +0000 2017,Thu Nov 30 13:59:06 +0000 2017,,,,,,,,,,,,,,,,,,What happened to the bizarre and hilarious safety videos @Delta used to show this new one is lame af,@134416 We appreciate you watching the safety videos. Stay tune for more to come. *ALS,@Delta You guys should bring back the one where the guy does the worm in the aisle,,,,,,,,,,,,,,,,,,2025-09-26T21:11:12.386Z,job_20250926_204453,2
68d7017ddf49affd617f04c2,352,68ce563252b33355379dfba4,Other regarding General,Other,General,Neutral,,83826,83825,,,,,,,,,,,,,,,,,,,134418,Delta,,,,,,,,,,,,,,,,,,,Customer,Service Provider,,,,,,,,,,,,,,,,,,,true,false,,,,,,,,,,,,,,,,,,,Thu Nov 30 13:56:09 +0000 2017,Thu Nov 30 13:56:58 +0000 2017,,,,,,,,,,,,,,,,,,,"I'm at @Delta Sky Club in Atlanta, GA https://t.co/n4WhybjwbN",@134418 Enjoy! *ALY,,,,,,,,,,,,,,,,,,,2025-09-26T21:11:25.812Z,job_20250926_204453,2
68d7018ddf49affd617f04c3,354,68ce563252b33355379dfba6,Feedback regarding General,Feedback,General,Positive,,83833,83832,,,,,,,,,,,,,,,,,,,134420,Delta,,,,,,,,,,,,,,,,,,,Customer,Service Provider,,,,,,,,,,,,,,,,,,,true,false,,,,,,,,,,,,,,,,,,,Thu Nov 30 13:43:44 +0000 2017,Thu Nov 30 13:50:18 +0000 2017,,,,,,,,,,,,,,,,,,,Thanks to the wonder customer service I received from the @Delta guest service employees at JFK after I lost my luggage! Go Delta Airlines!!,@134420 Awesome. Thank you for the shout out. *ALY,,,,,,,,,,,,,,,,,,,2025-09-26T21:11:41.100Z,job_20250926_204453,2
68d701a3df49affd617f04c4,355,68ce563252b33355379dfba7,Complaint regarding Technical Support,Complaint,Technical Support,Negative,,83835,83834,,,,,,,,,,,,,,,,,,,134421,Delta,,,,,,,,,,,,,,,,,,,Customer,Service Provider,,,,,,,,,,,,,,,,,,,true,false,,,,,,,,,,,,,,,,,,,Thu Nov 30 13:46:35 +0000 2017,Thu Nov 30 13:49:59 +0000 2017,,,,,,,,,,,,,,,,,,,"@Delta ONCE AGAIN you have messed up my travels plans AND blamed me for your mistakes. Your Agent Hernina of Salt Lake City, a supervisor was unhelpful, rude, cut me off and provided no customer service satisfaction whatsoever. #fail #deltafail",@134421 Josh. I'm sorry your experience has been frustrating. Please DM your account # to the attached link.  *ALY https://t.co/6iDGBJAc2m,,,,,,,,,,,,,,,,,,,2025-09-26T21:12:03.180Z,job_20250926_204453,2
68d701aedf49affd617f04c5,359,68ce563252b33355379dfbab,Technical Support regarding General,Technical Support,General,Positive,,83849,83848,,,,,,,,,,,,,,,,,,,134426,Delta,,,,,,,,,,,,,,,,,,,Customer,Service Provider,,,,,,,,,,,,,,,,,,,true,false,,,,,,,,,,,,,,,,,,,Thu Nov 30 13:31:36 +0000 2017,Thu Nov 30 13:36:35 +0000 2017,,,,,,,,,,,,,,,,,,,@Delta I need assistance as soon as possible please!!!!! @824,@134426 You're welcome. *ALS,,,,,,,,,,,,,,,,,,,2025-09-26T21:12:14.305Z,job_20250926_204453,2
68d701c3df49affd617f04c6,364,68ce563252b33355379dfbb0,Feedback regarding General,Feedback,General,Positive,,86479,86478,,,,,,,,,,,,,,,,,,,134891,Delta,,,,,,,,,,,,,,,,,,,Customer,Service Provider,,,,,,,,,,,,,,,,,,,true,false,,,,,,,,,,,,,,,,,,,Thu Nov 30 14:21:02 +0000 2017,Thu Nov 30 14:24:41 +0000 2017,,,,,,,,,,,,,,,,,,,Major shoutout to Rodney @Delta gold medallion support for helping me with a flight issue. Great customer service as always!,"@134891 Let's hear it for Rodney! Thanks for sharing the positive sentiments, Brandy. I'll be sure to reach out to Rodney's leadership. To be sure we locate the right Rodney, would you mind sharing your confirmation # via DM, using the following link? *ASK https://t.co/6iDGBJAc2m",,,,,,,,,,,,,,,,,,,2025-09-26T21:12:35.145Z,job_20250926_204453,2
68d701e8df49affd617f04c7,368,68ce563252b33355379dfbb4,Complaint regarding Travel/Transportation,Complaint,Travel/Transportation,Negative,,86496,86494,86493,86490,86489,86488,,,,,,,,,,,,,,,134895,Delta,134895,Delta,134895,Delta,,,,,,,,,,,,,,,Customer,Service Provider,Customer,Service Provider,Customer,Service Provider,,,,,,,,,,,,,,,true,false,true,false,true,false,,,,,,,,,,,,,,,Thu Nov 30 14:04:14 +0000 2017,Thu Nov 30 14:05:23 +0000 2017,Thu Nov 30 14:06:33 +0000 2017,Thu Nov 30 14:12:27 +0000 2017,Thu Nov 30 14:14:02 +0000 2017,Thu Nov 30 14:18:40 +0000 2017,,,,,,,,,,,,,,,@Delta why did the gate agent force me to check my bag when there IS SPACE in the overhead bins!!!! I am FURIOUS. And my bag better be there when I get there. I am so unhappy I have to wonder if my bag will be there. It’s nerve wrecking,@134895 The gate agent may request baggage check due to the weight and balance of the aircraft. It's for safety reasons. *ALS,@Delta HE DID NOT TAKE PEOPLES BAG BEHIND ME. THATS A LIE,"@134895 Nia, I am truly sorry that your bag was checked. If the bag was larger than 45 linear inches or an unusual shape and size, it may have been necessary to check the bag even while there was space on board. Only the person who checked it can give you details as to why.  *AJL",@Delta That’s not good enough.,"@134895 Your bag has been tagged to your destination for pick up upon arrival. If there is any problem with retrieving your bag, our Baggage Service Team will be available for assistance.  *AJL",,,,,,,,,,,,,,,2025-09-26T21:13:12.352Z,job_20250926_204453,2
68d701f8df49affd617f04c8,370,68ce563252b33355379dfbb6,Other regarding General,Other,General,Positive,,86500,86499,,,,,,,,,,,,,,,,,,,134897,Delta,,,,,,,,,,,,,,,,,,,Customer,Service Provider,,,,,,,,,,,,,,,,,,,true,false,,,,,,,,,,,,,,,,,,,Thu Nov 30 14:13:10 +0000 2017,Thu Nov 30 14:14:04 +0000 2017,,,,,,,,,,,,,,,,,,,Love the gate team for DL 1415 Miami bound! @Delta,"@134897 Hi, Stefanie. Thank you for the shout out. Enjoy your flight to Miami and have a great trip! ✈ *AJL",,,,,,,,,,,,,,,,,,,2025-09-26T21:13:28.236Z,job_20250926_204453,2
68d7020fdf49affd617f04c9,375,68ce563252b33355379dfbbb,Product Inquiry regarding General,Product Inquiry,General,Positive,,86515,86514,,,,,,,,,,,,,,,,,,,134903,Delta,,,,,,,,,,,,,,,,,,,Customer,Service Provider,,,,,,,,,,,,,,,,,,,true,false,,,,,,,,,,,,,,,,,,,Thu Nov 30 14:03:49 +0000 2017,Thu Nov 30 14:09:14 +0000 2017,,,,,,,,,,,,,,,,,,,@Delta I will be surprising my kids (2 &amp; 7 yr old) with their very 1st airline tickets for Christmas - any fun ideas on how to surprise them,"@134903 Hi, Leslie. That sounds very exciting! What a great gift. You may want to tell the gate agent on the day of travel. The flight crew may be able to take a moment to interact with the kids or give the kids a tour of the cockpit.  *AJL",,,,,,,,,,,,,,,,,,,2025-09-26T21:13:51.264Z,job_20250926_204453,2
68d70222df49affd617f04ca,377,68ce563252b33355379dfbbd,Feedback regarding Travel/Transportation,Feedback,Travel/Transportation,Neutral,,86521,86520,,,,,,,,,,,,,,,,,,,134905,Delta,,,,,,,,,,,,,,,,,,,Customer,Service Provider,,,,,,,,,,,,,,,,,,,true,false,,,,,,,,,,,,,,,,,,,Thu Nov 30 14:06:40 +0000 2017,Thu Nov 30 14:07:33 +0000 2017,,,,,,,,,,,,,,,,,,,@Delta 12 minutes to check a bag at the Sky Priority PHX. Normal line faster. 😬 https://t.co/7BxZv4zf4X,"@134905 Hello, Drew. Very sorry to see. We must improve on this. We appreciate you bringing this to our attention.  *ARD",,,,,,,,,,,,,,,,,,,2025-09-26T21:14:10.320Z,job_20250926_204453,2
68d70233df49affd617f04cb,383,68ce563252b33355379dfbc3,Technical Support regarding Technical,Technical Support,Technical,Negative,,89798,89797,,,,,,,,,,,,,,,,,,,135439,Delta,,,,,,,,,,,,,,,,,,,Customer,Service Provider,,,,,,,,,,,,,,,,,,,true,false,,,,,,,,,,,,,,,,,,,Thu Nov 30 14:52:36 +0000 2017,Thu Nov 30 14:56:07 +0000 2017,,,,,,,,,,,,,,,,,,,@DELTA pretty tired of the glitches in the delta app.  I have had to delete and reload my app multiple times this week.  I am still struggling with securing my boarding passes,@135439 Sorry to hear about the problems you are having with your app. What type of glitches are you experiencing so I can report it to our IT team? *ALS,,,,,,,,,,,,,,,,,,,2025-09-26T21:14:27.491Z,job_20250926_204453,2
68d70242df49affd617f04cc,384,68ce563252b33355379dfbc4,Technical Support regarding Travel/Flight,Technical Support,Travel/Flight,Negative,,89800,89799,,,,,,,,,,,,,,,,,,,135440,Delta,,,,,,,,,,,,,,,,,,,Customer,Service Provider,,,,,,,,,,,,,,,,,,,true,false,,,,,,,,,,,,,,,,,,,Thu Nov 30 14:52:15 +0000 2017,Thu Nov 30 14:54:32 +0000 2017,,,,,,,,,,,,,,,,,,,It feels like I’ve just entered #Mars on this @Delta flight. https://t.co/fVrgRIzolw,"@135440 Hello, Kevin. Amazing pic! Thank you for flying with us! *ARD",,,,,,,,,,,,,,,,,,,2025-09-26T21:14:42.053Z,job_20250926_204453,2
68d70269df49affd617f04cd,386,68ce563252b33355379dfbc6,Technical Support regarding Travel/Flight,Technical Support,Travel/Flight,Negative,,89810,89809,89808,89807,89805,89803,89804,89806,,,,,,,,,,,,,135442,Delta,135442,Delta,135442,Delta,135442,Delta,,,,,,,,,,,,,Customer,Service Provider,Customer,Service Provider,Customer,Service Provider,Customer,Service Provider,,,,,,,,,,,,,true,false,true,false,true,false,true,false,,,,,,,,,,,,,Thu Nov 30 14:39:50 +0000 2017,Thu Nov 30 14:40:48 +0000 2017,Thu Nov 30 14:41:30 +0000 2017,Thu Nov 30 14:46:13 +0000 2017,Thu Nov 30 14:46:46 +0000 2017,Thu Nov 30 14:48:32 +0000 2017,Thu Nov 30 15:00:33 +0000 2017,Thu Nov 30 15:02:01 +0000 2017,,,,,,,,,,,,,@Delta flying back home to new york from mexico tomorrow. trying to check in through the app right now. won’t let me finish because i don’t have a return date... i don’t have a return date because i live in new york. help?,@135442 Good morning. Thank you for reaching out to us via Twitter. Please follow and direct message your confirmation number. I will take a look.  *AJL,@Delta done,"@135442 While this is a return ticket, you may have to check in at the airport tomorrow if you are getting this response. Have you tried to check in more than once?  *AJL",@Delta no this is my first time trying to check in for this return flight,"@135442 You may want to close out and try to check in again. If you continue to get this error message, please check in at the airport. Unfortunately, I don't have the capability to check you in. My apologies for the inconvenience.  *AJL",@Delta wow extremely inconvenient. thanks for no help,"@135442 I am very sorry that I am unable to check you in, Fabian.  *AJL",,,,,,,,,,,,,2025-09-26T21:15:21.512Z,job_20250926_204453,2
68d70294df49affd617f04ce,403,68ce563252b33355379dfbd7,Complaint regarding Technical Support,Complaint,Technical Support,Negative,,93855,93853,93854,93856,93857,93858,,,,,,,,,,,,,,,136352,Delta,136352,Delta,136352,Delta,,,,,,,,,,,,,,,Customer,Service Provider,Customer,Service Provider,Customer,Service Provider,,,,,,,,,,,,,,,true,false,true,false,true,false,,,,,,,,,,,,,,,Thu Nov 23 14:47:46 +0000 2017,Thu Nov 23 14:50:05 +0000 2017,Thu Nov 23 17:47:17 +0000 2017,Thu Nov 23 17:56:35 +0000 2017,Thu Nov 23 18:16:03 +0000 2017,Thu Nov 23 18:19:10 +0000 2017,,,,,,,,,,,,,,,"Thanks for separating me and my pregnant wife on our flight without notifying us @Delta , real great customer service. You moved her 12 rows back without any notification. #HappyThanksgiving #Delta @824","@136352 Hi, Matt. I sincerely apologize for the inconvenience. Please check with the Flight Attendant to see if she can sit you together. If you have not begun travel yet, please DM your confirmation number so I may review further. Thanks! *TJF https://t.co/6iDGBJAc2m",@Delta They were not able to do anything to seat is together. We were on separate reservations because we booked with miles for one ticket. Do you still want our information?,"@136352 If I can assist you with your return flight, please DM the confirmation numbers. I am sorry we were not able to sit you together. *TJF https://t.co/6iDGBJAc2m",@Delta Is it normal to not tell somebody with an assigned seat that they've been moved 12 rows back? #notwhatwepaidfor,"@136352 Typically the only reason your seats would have been altered is if there was a change in equipment. Even during this change, we try to give similar seats. Seat assignments are never guaranteed as originally booked. I truly am sorry for your experience. *TJF",,,,,,,,,,,,,,,2025-09-26T21:16:04.321Z,job_20250926_204453,2
68d7029edf49affd617f04cf,404,68ce563252b33355379dfbd8,Other regarding General,Other,General,Neutral,,94123,94122,,,,,,,,,,,,,,,,,,,136421,Delta,,,,,,,,,,,,,,,,,,,Customer,Service Provider,,,,,,,,,,,,,,,,,,,true,false,,,,,,,,,,,,,,,,,,,Thu Nov 30 15:56:26 +0000 2017,Thu Nov 30 15:58:27 +0000 2017,,,,,,,,,,,,,,,,,,,@Delta follow me,@136421 Done *AMS,,,,,,,,,,,,,,,,,,,2025-09-26T21:16:14.108Z,job_20250926_204453,2
68d702acdf49affd617f04d0,410,68ce563252b33355379dfbde,Feedback regarding General,Feedback,General,Positive,,94162,94161,,,,,,,,,,,,,,,,,,,136431,Delta,,,,,,,,,,,,,,,,,,,Customer,Service Provider,,,,,,,,,,,,,,,,,,,true,false,,,,,,,,,,,,,,,,,,,Thu Nov 30 15:21:51 +0000 2017,Thu Nov 30 15:29:48 +0000 2017,,,,,,,,,,,,,,,,,,,@Delta I had very good customer service this morning from Jane B. in Indianapolis. She was full of energy and a welcomed encounter early in the morning.,"@136431 Hello, Craig. Great hearing this feedback! We thank you for choosing us! *ARD",,,,,,,,,,,,,,,,,,,2025-09-26T21:16:28.843Z,job_20250926_204453,2
68d702c2df49affd617f04d1,413,68ce563252b33355379dfbe1,Complaint regarding General,Complaint,General,Negative,,95927,95926,95925,,,,,,,,,,,,,,,,,,136885,136885,Delta,,,,,,,,,,,,,,,,,,Customer,Customer,Service Provider,,,,,,,,,,,,,,,,,,true,true,false,,,,,,,,,,,,,,,,,,Thu Nov 30 15:46:37 +0000 2017,Thu Nov 30 15:47:34 +0000 2017,Thu Nov 30 16:19:43 +0000 2017,,,,,,,,,,,,,,,,,,@Delta has a terrible app that is only outdone by their terrible customer service,"@Delta If you’re considering flying @delta and don’t want a customer service agent to hang up on you, I’d suggest walking or swimming instead","@136885 Hi, Ford. I am sorry if your call was dropped. It was not intentional. If you need further assistance, please let us know.  *AJL",,,,,,,,,,,,,,,,,,2025-09-26T21:16:50.602Z,job_20250926_204453,2
68d702d1df49affd617f04d2,414,68ce563252b33355379dfbe2,Feedback regarding General,Feedback,General,Positive,,95929,95928,,,,,,,,,,,,,,,,,,,136886,Delta,,,,,,,,,,,,,,,,,,,Customer,Service Provider,,,,,,,,,,,,,,,,,,,true,false,,,,,,,,,,,,,,,,,,,Thu Nov 30 16:09:36 +0000 2017,Thu Nov 30 16:19:38 +0000 2017,,,,,,,,,,,,,,,,,,,@Delta Fantastic crew on the DL3493 this morning. Thanks for a great flight 😀,"@136886 Hello, Richard. Great to hear this feedback! We thank you for flying with us!  *ARD",,,,,,,,,,,,,,,,,,,2025-09-26T21:17:05.123Z,job_20250926_204453,2
68d702dddf49affd617f04d3,418,68ce563252b33355379dfbe6,Account/Billing regarding Payments,Account/Billing,Payments,Neutral,,95939,95938,,,,,,,,,,,,,,,,,,,136889,Delta,,,,,,,,,,,,,,,,,,,Customer,Service Provider,,,,,,,,,,,,,,,,,,,true,false,,,,,,,,,,,,,,,,,,,Thu Nov 30 15:43:38 +0000 2017,Thu Nov 30 16:13:09 +0000 2017,,,,,,,,,,,,,,,,,,,@Delta Can I pay in cash for my baggage at the Atlanta terminal?  Thanks,"@136889 Hello. Yes, you should be able to. You're welcome.  *ARD",,,,,,,,,,,,,,,,,,,2025-09-26T21:17:17.869Z,job_20250926_204453,2
68d702eddf49affd617f04d4,421,68ce563252b33355379dfbe9,Technical Support regarding Technical,Technical Support,Technical,Neutral,,95951,95950,,,,,,,,,,,,,,,,,,,136894,Delta,,,,,,,,,,,,,,,,,,,Customer,Service Provider,,,,,,,,,,,,,,,,,,,true,false,,,,,,,,,,,,,,,,,,,Thu Nov 30 15:44:00 +0000 2017,Thu Nov 30 16:06:12 +0000 2017,,,,,,,,,,,,,,,,,,,@Delta is your website and app down? Have had issues for last 24 hrs. Now app unresponsive,"@136894 Hello, Joshua. Very sorry for the trouble. We are looking to these issues. We appreciate your patience. Things should be back running normal shortly.  *ARD",,,,,,,,,,,,,,,,,,,2025-09-26T21:17:33.545Z,job_20250926_204453,2
68d702fcdf49affd617f04d5,422,68ce563252b33355379dfbea,Technical Support regarding Travel,Technical Support,Travel,Negative,,95953,95952,,,,,,,,,,,,,,,,,,,136895,Delta,,,,,,,,,,,,,,,,,,,Customer,Service Provider,,,,,,,,,,,,,,,,,,,true,false,,,,,,,,,,,,,,,,,,,Thu Nov 30 15:32:22 +0000 2017,Thu Nov 30 16:04:54 +0000 2017,,,,,,,,,,,,,,,,,,,@Delta why is it so difficult for planes to leave on time? will end up missing next flight. #delays,@136895 Hello Patrick! I apologize for the delay. Please follow/DM your confirmation number and I will take a look for you.  *HKS,,,,,,,,,,,,,,,,,,,2025-09-26T21:17:48.450Z,job_20250926_204453,2
68d7030bdf49affd617f04d6,426,68ce563252b33355379dfbee,Feedback regarding General,Feedback,General,Positive,,97716,97715,,,,,,,,,,,,,,,,,,,1536,Delta,,,,,,,,,,,,,,,,,,,Customer,Service Provider,,,,,,,,,,,,,,,,,,,true,false,,,,,,,,,,,,,,,,,,,Thu Nov 30 16:55:39 +0000 2017,Thu Nov 30 16:57:30 +0000 2017,,,,,,,,,,,,,,,,,,,"@Delta - Yesterday I had a fantastic experience on flight 1646. We left early, arrived very early and the crew was awesome. Thank you.","@1536 Hi, Tyler. Thank you for the shout out! It is our pleasure to serve you and we appreciate your loyalty with Delta. ✈ *AJL",,,,,,,,,,,,,,,,,,,2025-09-26T21:18:03.468Z,job_20250926_204453,2
68d7031cdf49affd617f04d7,427,68ce563252b33355379dfbef,Technical Support regarding Travel,Technical Support,Travel,Negative,,97718,97717,,,,,,,,,,,,,,,,,,,137398,Delta,,,,,,,,,,,,,,,,,,,Customer,Service Provider,,,,,,,,,,,,,,,,,,,true,false,,,,,,,,,,,,,,,,,,,Thu Nov 30 16:40:39 +0000 2017,Thu Nov 30 16:56:23 +0000 2017,,,,,,,,,,,,,,,,,,,@Delta best airline in the world! But I am a New Diamond with the worse first experience. Upgrade denied. Why? BC You change the flight code,"@137398 Oh no! Please DM your confirmation and I'll be happy to look into this for you, Marco.  *TJE https://t.co/6iDGBJAc2m",,,,,,,,,,,,,,,,,,,2025-09-26T21:18:20.794Z,job_20250926_204453,2
68d7032adf49affd617f04d8,430,68ce563252b33355379dfbf2,Feedback regarding General,Feedback,General,Positive,,97727,97726,,,,,,,,,,,,,,,,,,,137401,Delta,,,,,,,,,,,,,,,,,,,Customer,Service Provider,,,,,,,,,,,,,,,,,,,true,false,,,,,,,,,,,,,,,,,,,Thu Nov 30 16:50:35 +0000 2017,Thu Nov 30 16:54:25 +0000 2017,,,,,,,,,,,,,,,,,,,@Delta please know that Ken in Skymiles support could not have been nicer or more helpful today. It is so appreciated.,"@137401 Thank you for recognizing Ken, your kind words are greatly appreciated. *AMS",,,,,,,,,,,,,,,,,,,2025-09-26T21:18:34.402Z,job_20250926_204453,2
68d7033adf49affd617f04d9,439,68ce563252b33355379dfbfb,Feedback regarding General,Feedback,General,Positive,,97761,97760,,,,,,,,,,,,,,,,,,,137411,Delta,,,,,,,,,,,,,,,,,,,Customer,Service Provider,,,,,,,,,,,,,,,,,,,true,false,,,,,,,,,,,,,,,,,,,Thu Nov 30 16:35:45 +0000 2017,Thu Nov 30 16:40:20 +0000 2017,,,,,,,,,,,,,,,,,,,@Delta Flew from CLT to JFK this a.m. Great service and quick flight! Thank you!,@137411 Hi. Thank you for the shout out for this morning's flight. We appreciate you flying Delta. Have a great day!  *AJL,,,,,,,,,,,,,,,,,,,2025-09-26T21:18:50.421Z,job_20250926_204453,2
68d70351df49affd617f04da,440,68ce563252b33355379dfbfc,Feedback regarding General,Feedback,General,Positive,,97764,97762,97763,97765,,,,,,,,,,,,,,,,,137412,Delta,137412,Delta,,,,,,,,,,,,,,,,,Customer,Service Provider,Customer,Service Provider,,,,,,,,,,,,,,,,,true,false,true,false,,,,,,,,,,,,,,,,,Thu Nov 30 16:15:20 +0000 2017,Thu Nov 30 16:40:05 +0000 2017,Thu Nov 30 16:40:58 +0000 2017,Thu Nov 30 17:08:26 +0000 2017,,,,,,,,,,,,,,,,,@Delta Huge shoutout to Regina D. in the ATL Sky Lounge for making sure I didn't have a nervous breakdown ‼️She a rockstar forreal.,@137412 Hello! Thanks for the shout out! Which terminal SkyClub were you in? I'm happy to forward the kudos to her leadership team! *TSL,"@Delta Concourse E - Lounge near gate E15. Thanks guys! She and the rest of the staff, including Patrick the bartender, were all stars.",@137412 Thank you! I'm forwarding this now! Welcome Aboard! ✈ *TSL,,,,,,,,,,,,,,,,,2025-09-26T21:19:13.844Z,job_20250926_204453,2
68d70363df49affd617f04db,445,68ce563252b33355379dfc01,Technical Support regarding Technical,Technical Support,Technical,Neutral,,97780,97779,,,,,,,,,,,,,,,,,,,137417,Delta,,,,,,,,,,,,,,,,,,,Customer,Service Provider,,,,,,,,,,,,,,,,,,,true,false,,,,,,,,,,,,,,,,,,,Thu Nov 30 15:58:32 +0000 2017,Thu Nov 30 16:32:23 +0000 2017,,,,,,,,,,,,,,,,,,,@Delta Is your app having problems right now?  Doesn't seem to be working for checking in right now.,@137417 Apologies for the trouble. There seems to be a trend of trouble with the Fly Delta App right now. I've submitted your complaint to our IT/App Development team for review. Please standby and we will let you know if there is a confirmed problem. *ASK,,,,,,,,,,,,,,,,,,,2025-09-26T21:19:31.469Z,job_20250926_204453,2
68d70377df49affd617f04dc,447,68ce563252b33355379dfc03,Account/Billing regarding Technical,Account/Billing,Technical,Neutral,,97786,97785,,,,,,,,,,,,,,,,,,,137419,Delta,,,,,,,,,,,,,,,,,,,Customer,Service Provider,,,,,,,,,,,,,,,,,,,true,false,,,,,,,,,,,,,,,,,,,Thu Nov 30 16:00:43 +0000 2017,Thu Nov 30 16:30:52 +0000 2017,,,,,,,,,,,,,,,,,,,@Delta cancelled an award flight over 24 hours ago but miles haven’t been redeposited into my account. Could you check on that?,"@137419 Hi, Justin. I will be happy to take a look. Please share your SkyMiles Account Number via DM for further review.  *AJZ https://t.co/6iDGBJAc2m",,,,,,,,,,,,,,,,,,,2025-09-26T21:19:51.320Z,job_20250926_204453,2
68d70388df49affd617f04dd,450,68ce563252b33355379dfc06,Feedback regarding Account/Billing,Feedback,Account/Billing,Negative,,97859,,,,,,,,,,,,,,,,,,,,137448,,,,,,,,,,,,,,,,,,,,Customer,,,,,,,,,,,,,,,,,,,,true,,,,,,,,,,,,,,,,,,,,Tue Nov 28 22:04:24 +0000 2017,,,,,,,,,,,,,,,,,,,,"After 18 years of platinum status - I decided this the the last year. It’s just too complicated, @AmericanAir . Haven’t decided on @116450 or @Delta to get status next year yet. https://t.co/xmrhXd1MDR",,,,,,,,,,,,,,,,,,,,2025-09-26T21:20:08.559Z,job_20250926_204453,2
68d7039adf49affd617f04de,452,68ce563252b33355379dfc08,Product Inquiry regarding Technical,Product Inquiry,Technical,Neutral,,100253,100250,100251,,,,,,,,,,,,,,,,,,137968,Delta,137968,,,,,,,,,,,,,,,,,,Customer,Service Provider,Customer,,,,,,,,,,,,,,,,,,true,false,true,,,,,,,,,,,,,,,,,,Thu Nov 30 16:18:47 +0000 2017,Thu Nov 30 17:23:20 +0000 2017,Thu Nov 30 17:26:01 +0000 2017,,,,,,,,,,,,,,,,,,"@Delta. Storing bij digitale tv? Alleen NPO 1,2 en 3 doen het.","@137968 Hi Tenno, you are now tweeting with Delta Air Lines, can we assist with any travel needs? ^ASM","@Delta @5801. Storing bij digitale tv? Alleen NPO 1,2 en 3 doen het.",,,,,,,,,,,,,,,,,,2025-09-26T21:20:26.823Z,job_20250926_204453,2
68d703abdf49affd617f04df,457,68ce563252b33355379dfc0d,Feedback regarding General,Feedback,General,Positive,,100508,100507,,,,,,,,,,,,,,,,,,,137420,Delta,,,,,,,,,,,,,,,,,,,Customer,Service Provider,,,,,,,,,,,,,,,,,,,true,false,,,,,,,,,,,,,,,,,,,Thu Nov 30 17:07:46 +0000 2017,Thu Nov 30 17:17:22 +0000 2017,,,,,,,,,,,,,,,,,,,@Delta is an example of excellent customer service that many other companies should learn and copy ( @137973 ) #Delta is always there to quick answer for whatever you need. #thankyou #DeltaAirlines https://t.co/Wpp549mUxy,@137420 We are always here for you!  *ARD,,,,,,,,,,,,,,,,,,,2025-09-26T21:20:43.533Z,job_20250926_204453,2
68d703b6df49affd617f04e0,460,68ce563252b33355379dfc10,Technical Support regarding General,Technical Support,General,Neutral,,100524,100523,,,,,,,,,,,,,,,,,,,137978,Delta,,,,,,,,,,,,,,,,,,,Customer,Service Provider,,,,,,,,,,,,,,,,,,,true,false,,,,,,,,,,,,,,,,,,,Thu Nov 30 17:09:17 +0000 2017,Thu Nov 30 17:09:47 +0000 2017,,,,,,,,,,,,,,,,,,,@delta,"@137978 Hello, Tim. If you need assistance, please let us know how we can help.  *AJL",,,,,,,,,,,,,,,,,,,2025-09-26T21:20:54.521Z,job_20250926_204453,2
68d703c5df49affd617f04e1,464,68ce563252b33355379dfc14,Product Inquiry regarding Travel,Product Inquiry,Travel,Negative,,100602,,,,,,,,,,,,,,,,,,,,138003,,,,,,,,,,,,,,,,,,,,Customer,,,,,,,,,,,,,,,,,,,,true,,,,,,,,,,,,,,,,,,,,Thu Nov 30 17:10:26 +0000 2017,,,,,,,,,,,,,,,,,,,,"😭😭 what's a girl gotta do to get an affordable honeymoon flight around here! I can't book any of these $1,300 flights, I just got married! What's the secret @JetBlue @SouthwestAir @Delta @116450 @AmericanAir I'm desperate here!",,,,,,,,,,,,,,,,,,,,2025-09-26T21:21:09.678Z,job_20250926_204453,2
68d703dedf49affd617f04e2,469,68ce563252b33355379dfc19,Complaint regarding General,Complaint,General,Negative,,102272,102270,102271,,,,,,,,,,,,,,,,,,138436,Delta,138436,,,,,,,,,,,,,,,,,,Customer,Service Provider,Customer,,,,,,,,,,,,,,,,,,true,false,true,,,,,,,,,,,,,,,,,,Thu Nov 30 17:42:01 +0000 2017,Thu Nov 30 17:44:13 +0000 2017,Thu Nov 30 17:45:41 +0000 2017,,,,,,,,,,,,,,,,,,"@delta gate agent was zero help.  Asked to change my flight to the gate she is working and she handed me a card and said, ""call the number on the card.""  Has yet to smile or say sorry I cant help.  Only words spoken were the six above.  Where has customer service gone?","@138436 Hi, Dustin. I am very sorry to learn of the disappointing service you experienced. That is not what is expected by our employees at any time. If you need further assistance, please let us know how we can help.  *AJL",@Delta Thanks...the ship has sailed at this point.  Disappointed.,,,,,,,,,,,,,,,,,,2025-09-26T21:21:34.564Z,job_20250926_204453,2
68d703f1df49affd617f04e3,477,68ce563252b33355379dfc21,Order Status regarding Orders,Order Status,Orders,Neutral,,104205,104203,104204,104206,104207,,,,,,,,,,,,,,,,138978,Delta,138978,Delta,138978,,,,,,,,,,,,,,,,Customer,Service Provider,Customer,Service Provider,Customer,,,,,,,,,,,,,,,,true,false,true,false,true,,,,,,,,,,,,,,,,Thu Nov 30 18:13:50 +0000 2017,Thu Nov 30 18:22:27 +0000 2017,Thu Nov 30 18:27:06 +0000 2017,Thu Nov 30 18:28:47 +0000 2017,Thu Nov 30 18:43:57 +0000 2017,,,,,,,,,,,,,,,,@Delta I need help with a schedule change,"@138978 The change fee is $200, plus fare difference.  *ALS",@Delta That's as much as the purchased ticket....can it be waived 🤔🤔🤔🙏🙏🙏,"@138978 Unfortunately, I will not be able to waive the change fee. *ALS",@Delta Business as usual thanks,,,,,,,,,,,,,,,,2025-09-26T21:21:53.531Z,job_20250926_204453,2
68d70405df49affd617f04e4,481,68ce563252b33355379dfc25,Feedback regarding General,Feedback,General,Positive,,104239,104238,,,,,,,,,,,,,,,,,,,138984,Delta,,,,,,,,,,,,,,,,,,,Customer,Service Provider,,,,,,,,,,,,,,,,,,,true,false,,,,,,,,,,,,,,,,,,,Thu Nov 30 18:14:14 +0000 2017,Thu Nov 30 18:15:27 +0000 2017,,,,,,,,,,,,,,,,,,,Amazing service @Delta haven't had such a good flying experience ina a while. Uio-jfk last week and ewr-atl today were perfect in flight and at airport experience.,"@138984 HI Juan. Thank you so much for the wonderful compliment, and we are so happy you enjoyed our service. 😄 *TMS",,,,,,,,,,,,,,,,,,,2025-09-26T21:22:13.390Z,job_20250926_204453,2
68d70416df49affd617f04e5,482,68ce563252b33355379dfc26,Complaint regarding Travel,Complaint,Travel,Negative,,104242,104241,,,,,,,,,,,,,,,,,,,138985,Delta,,,,,,,,,,,,,,,,,,,Customer,Service Provider,,,,,,,,,,,,,,,,,,,true,false,,,,,,,,,,,,,,,,,,,Thu Nov 30 18:09:02 +0000 2017,Thu Nov 30 18:11:03 +0000 2017,,,,,,,,,,,,,,,,,,,I bet @JetBlue would have treated me the best but instead I am stuck with a $250 travel voucher from @Delta for missing my grandmother’s funeral after an electrical delay. #jetblue #delta #grief,@138985 Our sincere condolences for the loss of your grandmother. I do apologize for the delay. *TMS,,,,,,,,,,,,,,,,,,,2025-09-26T21:22:30.858Z,job_20250926_204453,2
68d70428df49affd617f04e6,485,68ce563252b33355379dfc29,Complaint regarding Technical Support,Complaint,Technical Support,Negative,,104252,104251,,,,,,,,,,,,,,,,,,,138989,Delta,,,,,,,,,,,,,,,,,,,Customer,Service Provider,,,,,,,,,,,,,,,,,,,true,false,,,,,,,,,,,,,,,,,,,Thu Nov 30 17:58:37 +0000 2017,Thu Nov 30 18:01:39 +0000 2017,,,,,,,,,,,,,,,,,,,Super rude customer service from @Delta today.   Sorry I interrupted your day with my stupid question.  😳. Time for a new airlines,@138989 A huge apology! Delta strives to give great customer service - from the beginning to the end of your flying experience. I hope you give us another opportunity to offer you the great customer service you need and deserve! *TAA,,,,,,,,,,,,,,,,,,,2025-09-26T21:22:48.921Z,job_20250926_204453,2
68d70437df49affd617f04e7,491,68ce563252b33355379dfc2f,Product Inquiry regarding Technical,Product Inquiry,Technical,Neutral,,106517,106516,,,,,,,,,,,,,,,,,,,131475,Delta,,,,,,,,,,,,,,,,,,,Customer,Service Provider,,,,,,,,,,,,,,,,,,,true,false,,,,,,,,,,,,,,,,,,,Thu Nov 30 18:50:36 +0000 2017,Thu Nov 30 18:51:43 +0000 2017,,,,,,,,,,,,,,,,,,,"@Delta Trying all day to book an international flight, only getting error messages! What is the problem? ?","@131475 I'm very sorry to hear that, Angelique. I apologize for the difficulty. What errors are you receiving and with what flight numbers and dates? *ASK",,,,,,,,,,,,,,,,,,,2025-09-26T21:23:03.683Z,job_20250926_204453,2
68d70445df49affd617f04e8,495,68ce563252b33355379dfc33,Other regarding General,Other,General,Positive,,106529,106528,,,,,,,,,,,,,,,,,,,139614,Delta,,,,,,,,,,,,,,,,,,,Customer,Service Provider,,,,,,,,,,,,,,,,,,,true,false,,,,,,,,,,,,,,,,,,,Thu Nov 30 17:18:39 +0000 2017,Thu Nov 30 18:38:57 +0000 2017,,,,,,,,,,,,,,,,,,,Happiness is going on a trip to NYC! Thanks @Delta for helping me feed my travel bug and your disability assistance! https://t.co/siE3CYLoGm,"@139614 Hello, Robin. We thank you for flying with us!  *ARD",,,,,,,,,,,,,,,,,,,2025-09-26T21:23:17.962Z,job_20250926_204453,2
68d7045fdf49affd617f04e9,499,68ce563252b33355379dfc37,Technical Support regarding Travel Planning,Technical Support,Travel Planning,Neutral,,108375,108374,108372,108371,,,,,,,,,,,,,,,,,126386,Delta,126386,Delta,,,,,,,,,,,,,,,,,Customer,Service Provider,Customer,Service Provider,,,,,,,,,,,,,,,,,true,false,true,false,,,,,,,,,,,,,,,,,Thu Nov 23 15:47:30 +0000 2017,Thu Nov 23 16:34:38 +0000 2017,Thu Nov 23 19:12:23 +0000 2017,Thu Nov 23 19:42:18 +0000 2017,,,,,,,,,,,,,,,,,"Happy 🦃 Day, @Delta! I have tight connection in AMS tomorrow (DL0138 to DL7532). Anything you can do to help out a #DiamondMedallion make his flight? Thanks for making this holiday week great for so many people!","@126386 After looking at your reservation, I am showing this is how the flight is sold, therefore, if any changes are made, it may be a charge. *HEM",@Delta Hi HEM - do you have the Porsche transfer available?,@126386 I will surely request it but unfortunately cannot guarantee it. One moment as I request it.  *HRO,,,,,,,,,,,,,,,,,2025-09-26T21:23:43.571Z,job_20250926_204453,2
68d7046edf49affd617f04ea,502,68ce563252b33355379dfc3a,Feedback regarding General,Feedback,General,Positive,,108390,108389,,,,,,,,,,,,,,,,,,,140058,Delta,,,,,,,,,,,,,,,,,,,Customer,Service Provider,,,,,,,,,,,,,,,,,,,true,false,,,,,,,,,,,,,,,,,,,Thu Nov 23 19:29:21 +0000 2017,Thu Nov 23 19:39:13 +0000 2017,,,,,,,,,,,,,,,,,,,The @delta sky lounge at B Terminal in Atlanta is the nicest I've been in. https://t.co/KwJhcUry85 https://t.co/TgnjGPtGFo,@140058 Thank you for the kind words. We truly appreciate your loyalty. *TKR,,,,,,,,,,,,,,,,,,,2025-09-26T21:23:58.493Z,job_20250926_204453,2
68d7047bdf49affd617f04eb,511,68ce563252b33355379dfc43,Feedback regarding General,Feedback,General,Positive,,110200,110199,,,,,,,,,,,,,,,,,,,140471,Delta,,,,,,,,,,,,,,,,,,,Customer,Service Provider,,,,,,,,,,,,,,,,,,,true,false,,,,,,,,,,,,,,,,,,,Thu Nov 23 19:55:11 +0000 2017,Thu Nov 23 19:57:27 +0000 2017,,,,,,,,,,,,,,,,,,,@Delta best float presentation of the Macy's #ThanksgivingDay parade. For so many reasons. Thank you!,@140471 Thanks for enjoying the Delta Experience! Have a Happy Thanksgiving.  *AJZ,,,,,,,,,,,,,,,,,,,2025-09-26T21:24:11.173Z,job_20250926_204453,2
68d7048edf49affd617f04ec,520,68ce563252b33355379dfc4c,Feedback regarding General,Feedback,General,Positive,,112171,112170,,,,,,,,,,,,,,,,,,,140902,Delta,,,,,,,,,,,,,,,,,,,Customer,Service Provider,,,,,,,,,,,,,,,,,,,true,false,,,,,,,,,,,,,,,,,,,Thu Nov 23 20:33:10 +0000 2017,Thu Nov 23 20:37:35 +0000 2017,,,,,,,,,,,,,,,,,,,I’m thankful for friends and family always. And in 2017 I’m also thankful for :\n\n@6448 \n@6449 \n@140903 \n@Delta \n@6450 \n\n🙏🏼,"@140902 Hi, Mike. I am happy to see we made the list! We are thankful for you as well. Happy Thanksgiving! *TJF",,,,,,,,,,,,,,,,,,,2025-09-26T21:24:30.160Z,job_20250926_204453,2
68d7049fdf49affd617f04ed,522,68ce563252b33355379dfc4e,Feedback regarding Customer Experience,Feedback,Customer Experience,Positive,,112179,112178,,,,,,,,,,,,,,,,,,,140905,Delta,,,,,,,,,,,,,,,,,,,Customer,Service Provider,,,,,,,,,,,,,,,,,,,true,false,,,,,,,,,,,,,,,,,,,Thu Nov 23 20:24:01 +0000 2017,Thu Nov 23 20:28:14 +0000 2017,,,,,,,,,,,,,,,,,,,I could get used to this #FirstClass life 😆 🥂 @Delta \n#ThanksgivingTravel https://t.co/qde0BlMCeN,@140905 Now that's what you call riding in style! Thanks for enjoying the Delta Experience. Have a Happy Thanksgiving. 😄🍸🍻✈ *AJZ,,,,,,,,,,,,,,,,,,,2025-09-26T21:24:47.156Z,job_20250926_204453,2
68d704aedf49affd617f04ee,535,68ce563252b33355379dfc5b,Technical Support regarding Travel/Flight,Technical Support,Travel/Flight,Neutral,,115389,115388,,,,,,,,,,,,,,,,,,,141647,Delta,,,,,,,,,,,,,,,,,,,Customer,Service Provider,,,,,,,,,,,,,,,,,,,true,false,,,,,,,,,,,,,,,,,,,Thu Nov 23 21:19:02 +0000 2017,Thu Nov 23 21:37:17 +0000 2017,,,,,,,,,,,,,,,,,,,"Hi @Delta ,  do luggage fees count towards medallion qualifying dollars?","@141647 Hi, Rusty. Thanks for choosing Delta or your travel needs. I'm sorry but Ancillary fees such as baggage fees do not qualify for Medallion Qualifying Dollars (MQDs). *HJH",,,,,,,,,,,,,,,,,,,2025-09-26T21:25:02.698Z,job_20250926_204453,2
68d704c0df49affd617f04ef,540,68ce563252b33355379dfc60,Other regarding General,Other,General,Positive,,115403,115402,,,,,,,,,,,,,,,,,,,141652,Delta,,,,,,,,,,,,,,,,,,,Customer,Service Provider,,,,,,,,,,,,,,,,,,,true,false,,,,,,,,,,,,,,,,,,,Thu Nov 23 21:26:00 +0000 2017,Thu Nov 23 21:29:44 +0000 2017,,,,,,,,,,,,,,,,,,,A @Delta B717 enjoys the early morning sun at @122828 on 11/19/17. #AvGeek #Atlanta https://t.co/NRrR9eZEJP,@141652 Nice picture! Thank you for sharing this with us!  *HYC,,,,,,,,,,,,,,,,,,,2025-09-26T21:25:20.497Z,job_20250926_204453,2
68d704d8df49affd617f04f0,542,68ce563252b33355379dfc62,Feedback regarding General,Feedback,General,Positive,,115408,115407,,,,,,,,,,,,,,,,,,,141654,Delta,,,,,,,,,,,,,,,,,,,Customer,Service Provider,,,,,,,,,,,,,,,,,,,true,false,,,,,,,,,,,,,,,,,,,Thu Nov 23 21:18:33 +0000 2017,Thu Nov 23 21:22:29 +0000 2017,,,,,,,,,,,,,,,,,,,Happy Thanksgiving to all! Thank you @Delta and Grand Jane for little Sloane's first upgrade! The whole crew on flight 0990 from SLC to SMF was amazing. Big shout out to Joshua for some of the best service we've had on a flight. Time for turkey! https://t.co/pkRT5ma3Mm,@141654 Hi Mateo. Thank you for letting us be your ride today! Have a wonderful holiday!  *TKR,,,,,,,,,,,,,,,,,,,2025-09-26T21:25:44.531Z,job_20250926_204453,2
68d704e1df49affd617f04f1,547,68ce563252b33355379dfc67, regarding ,,,,,116762,116761,,,,,,,,,,,,,,,,,,,142010,Delta,,,,,,,,,,,,,,,,,,,Customer,Service Provider,,,,,,,,,,,,,,,,,,,true,false,,,,,,,,,,,,,,,,,,,Thu Nov 23 21:54:15 +0000 2017,Thu Nov 23 21:55:06 +0000 2017,,,,,,,,,,,,,,,,,,,@140153 @Delta Nice singing Christmas tree-good to hear beautiful voices of real people!,"@142010 Hi, Beth. Thanks for the mention! Glad you enjoyed it.  *AST",,,,,,,,,,,,,,,,,,,2025-09-26T21:25:53.290Z,job_20250926_204453,2
68d704efdf49affd617f04f2,549,68ce563252b33355379dfc69,Feedback regarding General,Feedback,General,Positive,,116766,116765,,,,,,,,,,,,,,,,,,,142012,Delta,,,,,,,,,,,,,,,,,,,Customer,Service Provider,,,,,,,,,,,,,,,,,,,true,false,,,,,,,,,,,,,,,,,,,Thu Nov 23 21:45:58 +0000 2017,Thu Nov 23 21:47:39 +0000 2017,,,,,,,,,,,,,,,,,,,"Both @delta flights left on time and arrived atleast 15 mins early. I think they borrowed a @SouthwestAir pilot. If not, kudossss, aye you did great today",@142012 We look forward to you flying with us again very soon!  *HEC,,,,,,,,,,,,,,,,,,,2025-09-26T21:26:07.769Z,job_20250926_204453,2
68d704fedf49affd617f04f3,551,68ce563252b33355379dfc6b,Feedback regarding General,Feedback,General,Positive,,119134,119133,119132,,,,,,,,,,,,,,,,,,142404,142403,Delta,,,,,,,,,,,,,,,,,,Customer,Customer,Service Provider,,,,,,,,,,,,,,,,,,true,true,false,,,,,,,,,,,,,,,,,,Thu Nov 23 22:14:43 +0000 2017,Thu Nov 23 22:33:42 +0000 2017,Thu Nov 23 22:35:53 +0000 2017,,,,,,,,,,,,,,,,,,I am thankful to the @delta sky club bar tenders who are pouring generously this Thanksgiving,@142404 @Delta  https://t.co/wDE7eKPM0I,"@142403 Enjoy Randy, have a great Thanksgiving.  *TBT",,,,,,,,,,,,,,,,,,2025-09-26T21:26:22.368Z,job_20250926_204453,2
68d7050ddf49affd617f04f4,566,68ce563252b33355379dfc7a,Feedback regarding General,Feedback,General,Positive,,121190,121189,,,,,,,,,,,,,,,,,,,142982,Delta,,,,,,,,,,,,,,,,,,,Customer,Service Provider,,,,,,,,,,,,,,,,,,,true,false,,,,,,,,,,,,,,,,,,,Thu Nov 23 23:12:44 +0000 2017,Thu Nov 23 23:17:05 +0000 2017,,,,,,,,,,,,,,,,,,,A big shout out to @Delta's customer service rep Tom V. in Tampa for his help &amp; patience in booking my flights.,@142982 Thanks for recognizing our employee. We're proud of our crew too. Every day our team is working to make flying with us better!  *TCH,,,,,,,,,,,,,,,,,,,2025-09-26T21:26:37.357Z,job_20250926_204453,2
68d70536df49affd617f04f5,571,68ce563252b33355379dfc7f,Technical Support regarding Travel Issues,Technical Support,Travel Issues,Negative,,122125,122123,122124,122126,122127,122128,122129,,,,,,,,,,,,,,143223,Delta,143223,Delta,143223,143223,Delta,,,,,,,,,,,,,,Customer,Service Provider,Customer,Service Provider,Customer,Customer,Service Provider,,,,,,,,,,,,,,true,false,true,false,true,true,false,,,,,,,,,,,,,,Fri Nov 24 00:05:23 +0000 2017,Fri Nov 24 00:07:52 +0000 2017,Fri Nov 24 00:11:17 +0000 2017,Fri Nov 24 00:14:02 +0000 2017,Fri Nov 24 00:15:37 +0000 2017,Fri Nov 24 00:29:47 +0000 2017,Fri Nov 24 00:40:04 +0000 2017,,,,,,,,,,,,,,"Happy Thanksgiving @Delta. I’m thankful for a two hour delay, missing dinner, and for you losing the essential bag you made me gate check. What a holiday.","@143223 Sorry for the tough time you experienced traveling today, Jim. Please let me know if I can assist with re-booking flight options. *HEC",@Delta I don’t need to rebook. I need my essential carry on for work. I am grossly upset today.,@143223 Sorry for your frustration. Our baggage team will work as quickly as possible to have your baggage delivered. To check on the status please check the baggage tracker. https://t.co/cyUEpsNFyC *HEC,@Delta we were forced to gate check our bags in Detroit. An equipment malfunction forced us off the plane. We were assured our carry on bags would be transferred to the new plane. They were not. This is beyond unacceptable.,"@Delta that being said, the young lady that took care of us at customer service in Allentown was exemplary. I hope she has a great thanksgiving.","@143223 Jim, did you make a delayed baggage file with Allentown? What's your delayed bag file reference number? Please follow/DM. *HEC",,,,,,,,,,,,,,2025-09-26T21:27:18.350Z,job_20250926_204453,2
68d70561df49affd617f04f6,572,68ce563252b33355379dfc80,Complaint regarding Travel,Complaint,Travel,Negative,,122134,122132,122133,122135,122136,,,,,,,,,,,,,,,,143224,Delta,143224,Delta,143224,,,,,,,,,,,,,,,,Customer,Service Provider,Customer,Service Provider,Customer,,,,,,,,,,,,,,,,true,false,true,false,true,,,,,,,,,,,,,,,,Fri Nov 24 00:00:34 +0000 2017,Fri Nov 24 00:03:53 +0000 2017,Fri Nov 24 00:18:11 +0000 2017,Fri Nov 24 00:31:40 +0000 2017,Fri Nov 24 00:36:58 +0000 2017,,,,,,,,,,,,,,,,"10th anniversary going to Maui - 1st time to Hawaii! Decided to travel on thanksgiving anticipating easier travel.  Unfortunately @Delta Flt 1397 scheduled for 11:59am takeoff now delayed 2x and being told 5:30pm, maybe? Happy Thanksgiving @Delta, spent it all day at SeaTac","@143224 Oh no, I'm very sorry. Can you DM your confirmation # to the link provided? I will be glad to look into this. 😊 *TBT","@Delta No link, but HGSCY8","@143224 I'm very sorry for the delay, as a goodwill gesture I can offer a nonrefundable/nontransferable $100.00 Delta Travel Voucher each valid for 1 year.  *TBT","@Delta Wow, that sucks. Looks like I’ll be flying @AlaskaAir going forward. .@Delta delay is due to your lack of maintenance of your planes, I’ve been a loyal (platinum, gold) customer for years.",,,,,,,,,,,,,,,,2025-09-26T21:28:01.328Z,job_20250926_204453,2
68d70578df49affd617f04f7,575,68ce563252b33355379dfc83,Technical Support regarding Travel/Flight,Technical Support,Travel/Flight,Neutral,,122147,122146,122145,122144,,,,,,,,,,,,,,,,,143227,Delta,143227,Delta,,,,,,,,,,,,,,,,,Customer,Service Provider,Customer,Service Provider,,,,,,,,,,,,,,,,,true,false,true,false,,,,,,,,,,,,,,,,,Thu Nov 23 17:25:43 +0000 2017,Thu Nov 23 17:33:59 +0000 2017,Thu Nov 23 23:54:19 +0000 2017,Fri Nov 24 00:00:09 +0000 2017,,,,,,,,,,,,,,,,,So @Delta when I have to rip the zippers off the bag and I’m out a suitcase then what 😭 https://t.co/ufkIL2Xxhn,@143227 My apologies for that. Please stop our Baggage Team in the airport or call (800) 325 8224  to inquire on a claim please.  *HRO,"@Delta Thank you! But my father came to the rescue, Happy Thanksgiving!",@143227 Great! Enjoy the rest of your day. *AMC,,,,,,,,,,,,,,,,,2025-09-26T21:28:24.140Z,job_20250926_204453,2
68d7058ddf49affd617f04f8,581,68ce563252b33355379dfc89,Complaint regarding Travel,Complaint,Travel,Negative,,123520,123518,123517,,,,,,,,,,,,,,,,,,143601,143601,Delta,,,,,,,,,,,,,,,,,,Customer,Customer,Service Provider,,,,,,,,,,,,,,,,,,true,true,false,,,,,,,,,,,,,,,,,,Fri Nov 24 00:54:05 +0000 2017,Fri Nov 24 00:54:46 +0000 2017,Fri Nov 24 00:58:03 +0000 2017,,,,,,,,,,,,,,,,,,@Delta  SEA-OGG flight 1397 delayed for 6 hours and counting...  lost a whole day of long awaited vacation.  Mechanical issue and seems like mechanics are still ‘looking for the part’. That message keeps changing with every new update. 1/2,@Delta Frustrated and can’t even trust their next scheduled time anymore! @Delta,@143601 Our apologies. Please use the link to provide your confirmation #.  *ABN https://t.co/6iDGBJAc2m,,,,,,,,,,,,,,,,,,2025-09-26T21:28:45.581Z,job_20250926_204453,2
68d705a7df49affd617f04f9,583,68ce563252b33355379dfc8b,Complaint regarding Travel,Complaint,Travel,Negative,,124164,124162,124163,124165,,,,,,,,,,,,,,,,,143772,Delta,143772,Delta,,,,,,,,,,,,,,,,,Customer,Service Provider,Customer,Service Provider,,,,,,,,,,,,,,,,,true,false,true,false,,,,,,,,,,,,,,,,,Fri Nov 24 01:35:48 +0000 2017,Fri Nov 24 01:43:04 +0000 2017,Fri Nov 24 02:06:07 +0000 2017,Fri Nov 24 02:49:16 +0000 2017,,,,,,,,,,,,,,,,,@Delta we've been waiting 7 hours for a part to fly from Seattle. 150 nice people trying to see their families on Thanksgiving- just get us another plane! Your company is looking cruel and greedy. #delayeld,@143772 I'm sorry to hear that your trip isn't going as planned. We are diligently working to get you on your way. *AMC,@Delta Diligently means you don't strand people on Thanksgiving. It seems impossible @Delta doesn't have a plane for us. Delay after delay with not so much as an explanation why.,"@143772 Please understand our airport team is working to get everyone to their destination/family as quickly as possible. Our apologies for the frustration, Janet. *ABN",,,,,,,,,,,,,,,,,2025-09-26T21:29:11.667Z,job_20250926_204453,2
68d705bedf49affd617f04fa,588,68ce563252b33355379dfc90,Order Status regarding Travel,Order Status,Travel,Neutral,,124178,124177,,,,,,,,,,,,,,,,,,,143777,Delta,,,,,,,,,,,,,,,,,,,Customer,Service Provider,,,,,,,,,,,,,,,,,,,true,false,,,,,,,,,,,,,,,,,,,Fri Nov 24 01:21:26 +0000 2017,Fri Nov 24 01:22:21 +0000 2017,,,,,,,,,,,,,,,,,,,"@delta my December 25 flight was changed, is it possible to change this flight with out a fee? I am on Flight 5807 and Flight 4581 from PDX to BOI. Can we change to Flights 4790 and Flight 4490 on Dec 24 same airports?","@143777 Good evening, Adrian. I can look into this for you. Please use the link to provide your confirmation #.  *ABN https://t.co/6iDGBJAc2m",,,,,,,,,,,,,,,,,,,2025-09-26T21:29:34.653Z,job_20250926_204453,2
68d705ccdf49affd617f04fb,593,68ce563252b33355379dfc95,Feedback regarding General,Feedback,General,Positive,,124901,124900,,,,,,,,,,,,,,,,,,,143985,Delta,,,,,,,,,,,,,,,,,,,Customer,Service Provider,,,,,,,,,,,,,,,,,,,true,false,,,,,,,,,,,,,,,,,,,Fri Nov 24 01:48:00 +0000 2017,Fri Nov 24 01:53:53 +0000 2017,,,,,,,,,,,,,,,,,,,This Atlanta embrace will be so real tomorrow. I will be lít when I land. Thanks are in order in advance to @Delta for the libations.,"@143985 Hi, ALex. Thanks for choosing Delta for your travel needs. Enjoy the flight. *HJH",,,,,,,,,,,,,,,,,,,2025-09-26T21:29:48.969Z,job_20250926_204453,2
68d705d6df49affd617f04fc,603,68ce563252b33355379dfc9f,Other regarding General,Other,General,Neutral,,125463,125462,,,,,,,,,,,,,,,,,,,144134,Delta,,,,,,,,,,,,,,,,,,,Customer,Service Provider,,,,,,,,,,,,,,,,,,,true,false,,,,,,,,,,,,,,,,,,,Fri Nov 24 02:27:24 +0000 2017,Fri Nov 24 02:29:14 +0000 2017,,,,,,,,,,,,,,,,,,,yo @Delta,@144134 Good evening! *ABN,,,,,,,,,,,,,,,,,,,2025-09-26T21:29:58.314Z,job_20250926_204453,2
68d705e9df49affd617f04fd,610,68ce563252b33355379dfca6,Feedback regarding General,Feedback,General,Positive,,126199,126198,126197,,,,,,,,,,,,,,,,,,143774,143983,Delta,,,,,,,,,,,,,,,,,,Customer,Customer,Service Provider,,,,,,,,,,,,,,,,,,true,true,false,,,,,,,,,,,,,,,,,,Fri Nov 24 01:53:28 +0000 2017,Fri Nov 24 02:49:51 +0000 2017,Fri Nov 24 03:04:01 +0000 2017,,,,,,,,,,,,,,,,,,@Delta @143983 BEST PILOT https://t.co/gUhPSUkJh0,@143774 @Delta Thank you for your kind words. I work w/great people who love to serve. We hope to fly w/you soon. Safe travels.,@143983 #DeltaProud ❤ *ABN,,,,,,,,,,,,,,,,,,2025-09-26T21:30:17.208Z,job_20250926_204453,2
68d705f6df49affd617f04fe,611,68ce563252b33355379dfca7,Technical Support regarding Travel/Flight,Technical Support,Travel/Flight,Negative,,126201,126200,,,,,,,,,,,,,,,,,,,144314,Delta,,,,,,,,,,,,,,,,,,,Customer,Service Provider,,,,,,,,,,,,,,,,,,,true,false,,,,,,,,,,,,,,,,,,,Fri Nov 24 02:46:07 +0000 2017,Fri Nov 24 03:03:24 +0000 2017,,,,,,,,,,,,,,,,,,,Only two episodes of The Vietnam War on this flight how can you leave me hanging @Delta ???,@144314 Thanks! Same to you!  *HCA,,,,,,,,,,,,,,,,,,,2025-09-26T21:30:30.993Z,job_20250926_204453,2
68d70605df49affd617f04ff,619,68ce563252b33355379dfcaf,Feedback regarding General,Feedback,General,Positive,,126224,126223,,,,,,,,,,,,,,,,,,,144322,Delta,,,,,,,,,,,,,,,,,,,Customer,Service Provider,,,,,,,,,,,,,,,,,,,true,false,,,,,,,,,,,,,,,,,,,Fri Nov 24 02:06:21 +0000 2017,Fri Nov 24 02:51:15 +0000 2017,,,,,,,,,,,,,,,,,,,Thankful to @Delta for providing enough sky miles for me to be home with my family. Also thankful to @Delta for the surprise first class tickets all the way there! 🤗💺,@144322 Your satisfaction is a great compliment to us. *AFC,,,,,,,,,,,,,,,,,,,2025-09-26T21:30:45.391Z,job_20250926_204453,2
68d70611df49affd617f0500,620,68ce563252b33355379dfcb0,Product Info regarding Travel,Product Info,Travel,Neutral,,126226,126225,,,,,,,,,,,,,,,,,,,144323,Delta,,,,,,,,,,,,,,,,,,,Customer,Service Provider,,,,,,,,,,,,,,,,,,,true,false,,,,,,,,,,,,,,,,,,,Fri Nov 24 01:42:40 +0000 2017,Fri Nov 24 02:43:55 +0000 2017,,,,,,,,,,,,,,,,,,,@Delta what ur policy for dog travel??,@144323 Please check the following link:  https://t.co/6TjYFtfTy8 *AFC,,,,,,,,,,,,,,,,,,,2025-09-26T21:30:57.385Z,job_20250926_204453,2
68d70628df49affd617f0501,624,68ce563252b33355379dfcb4,Complaint regarding Technical Support,Complaint,Technical Support,Negative,,126943,126942,126939,126940,,,,,,,,,,,,,,,,,144491,144491,Delta,144491,,,,,,,,,,,,,,,,,Customer,Customer,Service Provider,Customer,,,,,,,,,,,,,,,,,true,true,false,true,,,,,,,,,,,,,,,,,Fri Nov 24 03:18:51 +0000 2017,Fri Nov 24 03:19:19 +0000 2017,Fri Nov 24 03:33:38 +0000 2017,Fri Nov 24 03:39:06 +0000 2017,,,,,,,,,,,,,,,,,@Delta had a very negative encpounter with a fellow passenger. Who can I file a complaint with?,"@Delta Flight crew pulled me aside and are probably filing on my behalf, but I'd like to follow up as a paying customer.",@144491 Very sorry that you experienced this on your flight. You may wish to file a formal complaint with local law enforcement officers.  *HCA,@Delta Per flight crew he is a million miler. So I feel like that gets me nowhere. I paid for first class and got less than first class service.,,,,,,,,,,,,,,,,,2025-09-26T21:31:20.482Z,job_20250926_204453,2
68d70635df49affd617f0502,628,68ce563252b33355379dfcb8,Feedback regarding Product Info,Feedback,Product Info,Positive,,127495,127494,,,,,,,,,,,,,,,,,,,144631,Delta,,,,,,,,,,,,,,,,,,,Customer,Service Provider,,,,,,,,,,,,,,,,,,,true,false,,,,,,,,,,,,,,,,,,,Fri Nov 24 04:00:17 +0000 2017,Fri Nov 24 04:01:21 +0000 2017,,,,,,,,,,,,,,,,,,,@Delta has the most comfortable seats I’ve been on on a plane in years. Soft and a descent size. https://t.co/e7xLEli8Zf,"@144631 Enjoy, Laurie! *ABN",,,,,,,,,,,,,,,,,,,2025-09-26T21:31:33.612Z,job_20250926_204453,2
68d70643df49affd617f0503,630,68ce563252b33355379dfcba,Complaint regarding General,Complaint,General,Negative,,127499,127498,,,,,,,,,,,,,,,,,,,144633,Delta,,,,,,,,,,,,,,,,,,,Customer,Service Provider,,,,,,,,,,,,,,,,,,,true,false,,,,,,,,,,,,,,,,,,,Fri Nov 24 03:46:17 +0000 2017,Fri Nov 24 03:58:04 +0000 2017,,,,,,,,,,,,,,,,,,,@Delta (cont) needless to say it is still not booked properly and on phone with third associate now,"@144633 Hi Rachel, I am so sorry for the inconvenience. I hope the agent that you're talking to is able to make things right.  *HSD",,,,,,,,,,,,,,,,,,,2025-09-26T21:31:47.750Z,job_20250926_204453,2
68d70650df49affd617f0504,632,68ce563252b33355379dfcbc,Cancel Order regarding Orders,Cancel Order,Orders,Neutral,,128213,128212,,,,,,,,,,,,,,,,,,,144807,Delta,,,,,,,,,,,,,,,,,,,Customer,Service Provider,,,,,,,,,,,,,,,,,,,true,false,,,,,,,,,,,,,,,,,,,Fri Nov 24 04:28:25 +0000 2017,Fri Nov 24 04:33:41 +0000 2017,,,,,,,,,,,,,,,,,,,"@Delta hi i need info on how to cancel an upcoming return flight, and request a refund for my return flight.",@144807 Hi there. Please DM your confirmation code for review.  *HSD,,,,,,,,,,,,,,,,,,,2025-09-26T21:32:00.828Z,job_20250926_204453,2
68d70662df49affd617f0505,633,68ce563252b33355379dfcbd,Order Status regarding Travel,Order Status,Travel,Negative,,128215,128214,,,,,,,,,,,,,,,,,,,144808,Delta,,,,,,,,,,,,,,,,,,,Customer,Service Provider,,,,,,,,,,,,,,,,,,,true,false,,,,,,,,,,,,,,,,,,,Fri Nov 24 04:26:49 +0000 2017,Fri Nov 24 04:28:12 +0000 2017,,,,,,,,,,,,,,,,,,,"@Delta DL1397 where is it??! Waiting on my husband to arrive in Maui on a holiday, he missed his rental car pick up, and Thanksgiving with our family. It is insane that this is possible","@144808 If you need any assistance, please follow/DM the details including the confirmation number. *AMV https://t.co/6iDGBJAc2m",,,,,,,,,,,,,,,,,,,2025-09-26T21:32:18.882Z,job_20250926_204453,2
68d7067bdf49affd617f0506,636,68ce563252b33355379dfcc0,Technical Support regarding General,Technical Support,General,Neutral,,128883,128882,,,,,,,,,,,,,,,,,,,144995,Delta,,,,,,,,,,,,,,,,,,,Customer,Service Provider,,,,,,,,,,,,,,,,,,,true,false,,,,,,,,,,,,,,,,,,,Fri Nov 24 04:41:19 +0000 2017,Fri Nov 24 04:45:03 +0000 2017,,,,,,,,,,,,,,,,,,,@Delta https://t.co/HFE8ksQgeN and https://t.co/plQafj2rla have been crashing for weeks and I can't use my SkyMiles. Can I book with someone directly? https://t.co/lCRoJJPatG,"@144995 Hi Christine, I am terribly sorry for the inconvenience. Please reach out to our reservations desk by dialing 800 221 1212 for further assistance. They should definitely be able to help.  *HSD",,,,,,,,,,,,,,,,,,,2025-09-26T21:32:43.027Z,job_20250926_204453,2
68d70698df49affd617f0507,643,68ce563252b33355379dfcc7,Complaint regarding Technical Support,Complaint,Technical Support,Negative,,130950,130943,130944,130951,,,,,,,,,,,,,,,,,145562,Delta,145563,145564,,,,,,,,,,,,,,,,,Customer,Service Provider,Customer,Customer,,,,,,,,,,,,,,,,,true,false,true,true,,,,,,,,,,,,,,,,,Fri Nov 24 06:37:21 +0000 2017,Fri Nov 24 06:48:42 +0000 2017,Fri Nov 24 07:05:02 +0000 2017,Fri Nov 24 10:10:20 +0000 2017,,,,,,,,,,,,,,,,,@Delta - platinum here. Just received the WORST customer service I've ever had. Eli - online supervisor in Dallas TX had zero clue about any of Delta's policies. I had to show him your own policies on the website! Wasted an hour of my life. Beyond frustrated.,@145562 Hi there Max. I am so very sorry to hear about your recent experience. That kind of behavior isn't tolerated by any Delta employee. Thanks so much for bringing this to our attention. Your continued loyalty is appreciated.  *HSD,@Delta @145562 I’d hate to have wasted an hour my life too,"@145563 @Delta @145562 Lol yep, I or Max could have done a lot in an hour, while waiting at the airport or during my flight. Bad thing I'm not Platinum so I can't get frustrated.",,,,,,,,,,,,,,,,,2025-09-26T21:33:12.497Z,job_20250926_204453,2
68d706a7df49affd617f0508,646,68ce563252b33355379dfcca,Feedback regarding General,Feedback,General,Positive,,131909,131908,,,,,,,,,,,,,,,,,,,145743,Delta,,,,,,,,,,,,,,,,,,,Customer,Service Provider,,,,,,,,,,,,,,,,,,,true,false,,,,,,,,,,,,,,,,,,,Fri Nov 24 07:14:53 +0000 2017,Fri Nov 24 07:16:06 +0000 2017,,,,,,,,,,,,,,,,,,,"@Delta Outstanding service from every member of the Delta One team on flight 16 today. Efficient, friendly, attentive.",@145743 Happy to hear that. Thanks for sharing the lovely feedback. We hope you see you back soon. 😊 *AMV,,,,,,,,,,,,,,,,,,,2025-09-26T21:33:27.083Z,job_20250926_204453,2
68d706c1df49affd617f0509,647,68ce563252b33355379dfccb,Complaint regarding Travel/Transportation,Complaint,Travel/Transportation,Negative,,132690,132689,132688,132687,,,,,,,,,,,,,,,,,145935,Delta,145935,Delta,,,,,,,,,,,,,,,,,Customer,Service Provider,Customer,Service Provider,,,,,,,,,,,,,,,,,true,false,true,false,,,,,,,,,,,,,,,,,Fri Nov 24 07:53:57 +0000 2017,Fri Nov 24 08:00:10 +0000 2017,Fri Nov 24 08:03:02 +0000 2017,Fri Nov 24 08:10:22 +0000 2017,,,,,,,,,,,,,,,,,@Delta #EpicFail on #CarryOn.  Today leaving #CDG we were boarding #SkyPriority and amongst… https://t.co/pmhYWVStGS,"@145935 Hi Russel, so sorry for the inconvenience. Thanks so much for bringing this to our attention.  *HSD",@Delta So much room left and yet gate agent was rude to me and my family as others slowed through with more than 2 carry ons. We took care to pack according to rules and were only with 2 each.,@145935 Rude behavior is tolerated by any of our employees. We must do better. I really am sorry about this.  *HSD,,,,,,,,,,,,,,,,,2025-09-26T21:33:53.026Z,job_20250926_204453,2
68d706d4df49affd617f050a,654,68ce563252b33355379dfcd2,Complaint regarding Customer Service,Complaint,Customer Service,Negative,,139220,139219,,,,,,,,,,,,,,,,,,,147375,Delta,,,,,,,,,,,,,,,,,,,Customer,Service Provider,,,,,,,,,,,,,,,,,,,true,false,,,,,,,,,,,,,,,,,,,Fri Nov 24 09:59:22 +0000 2017,Fri Nov 24 11:05:38 +0000 2017,,,,,,,,,,,,,,,,,,,"Hey @Delta , the baggage check at the buffalo airport line right now. About 100 ppl.  Only 3 workers one of which told ppl if they miss their flight, ""too bad."" #goodwork https://t.co/OhdvbMMQk4",@147375 Please accept our apology for the unfavorable impression you received in this instance. We appreciate your selection of Delta and will always consider it a privilege to be of service. *ATJ,,,,,,,,,,,,,,,,,,,2025-09-26T21:34:12.835Z,job_20250926_204453,2
68d706e9df49affd617f050b,658,68ce563252b33355379dfcd6,Product Inquiry regarding Travel/Flight,Product Inquiry,Travel/Flight,Neutral,,140218,140216,140217,140219,,,,,,,,,,,,,,,,,147642,Delta,147642,Delta,,,,,,,,,,,,,,,,,Customer,Service Provider,Customer,Service Provider,,,,,,,,,,,,,,,,,true,false,true,false,,,,,,,,,,,,,,,,,Fri Nov 24 11:40:17 +0000 2017,Fri Nov 24 11:41:21 +0000 2017,Fri Nov 24 11:44:16 +0000 2017,Fri Nov 24 11:45:29 +0000 2017,,,,,,,,,,,,,,,,,@delta flying back home from Milan and having trouble locating a number for your MXP desk. \nCan you assist?,"@147642 Hello, How may I assist you? *TCC","@Delta My have a confirmation number for our flight home out of MXP  tomorrow but when I go to check in it only lists me, and does not include my wife's ticket under the confirmation.",@147642 Please DM your confirmation# and I will check this for you. *TCC,,,,,,,,,,,,,,,,,2025-09-26T21:34:33.987Z,job_20250926_204453,2
68d706f9df49affd617f050c,665,68ce563252b33355379dfcdd,Product Upgrade regarding Travel/Flight,Product Upgrade,Travel/Flight,Positive,,141363,141361,141362,,,,,,,,,,,,,,,,,,147883,Delta,147883,,,,,,,,,,,,,,,,,,Customer,Service Provider,Customer,,,,,,,,,,,,,,,,,,true,false,true,,,,,,,,,,,,,,,,,,Fri Nov 24 11:46:46 +0000 2017,Fri Nov 24 11:48:25 +0000 2017,Fri Nov 24 11:49:14 +0000 2017,,,,,,,,,,,,,,,,,,"@Delta Morning! Is it possible to upgrade a economy ticket (Delta Metal, VS Codeshare) to Comfort +?","@147883 Hello, Ryan ! Please DM your confirmation# and I will try to assist. *TCC","@Delta Wow, that was quick! Thanks!! :D :D",,,,,,,,,,,,,,,,,,2025-09-26T21:34:49.555Z,job_20250926_204453,2
68d70711df49affd617f050d,670,68ce563252b33355379dfce2,Technical Support regarding Travel/Transportation,Technical Support,Travel/Transportation,Neutral,,143154,143152,143153,143155,143156,143157,,,,,,,,,,,,,,,148333,Delta,148333,Delta,148333,Delta,,,,,,,,,,,,,,,Customer,Service Provider,Customer,Service Provider,Customer,Service Provider,,,,,,,,,,,,,,,true,false,true,false,true,false,,,,,,,,,,,,,,,Fri Nov 24 13:06:34 +0000 2017,Fri Nov 24 13:10:16 +0000 2017,Fri Nov 24 13:12:51 +0000 2017,Fri Nov 24 13:15:32 +0000 2017,Fri Nov 24 13:21:54 +0000 2017,Fri Nov 24 13:33:31 +0000 2017,,,,,,,,,,,,,,,@Delta morning! Just landed in seattle and still on plane... next flight already boarding yikes!,"@148333 Hi Kerry, sorry to hear this! I'll take a look at your connection. Please share your confirmation code here. Thanks!  *HEA https://t.co/6iDGBJAc2m",@Delta Thanks running to tram I might make it guams3,@148333 I hope so!  We are here if you need any assistance.  *HEA,@Delta I made it! Thank you!,@148333 You are welcome! *AMS,,,,,,,,,,,,,,,2025-09-26T21:35:13.226Z,job_20250926_204453,2
68d70721df49affd617f050e,671,68ce563252b33355379dfce3,Feedback regarding General,Feedback,General,Positive,,143159,143158,,,,,,,,,,,,,,,,,,,148334,Delta,,,,,,,,,,,,,,,,,,,Customer,Service Provider,,,,,,,,,,,,,,,,,,,true,false,,,,,,,,,,,,,,,,,,,Fri Nov 24 13:08:25 +0000 2017,Fri Nov 24 13:09:46 +0000 2017,,,,,,,,,,,,,,,,,,,@Delta agent Kavetta at DFW E12 was a refreshingly fantastic start to our morning. And I'm sorry for getting her name terribly wrong.,"@148334 Thank you! If you can DM your confirmation#, I will be glad to forward this compliment to her Supervisor.  *TCC",,,,,,,,,,,,,,,,,,,2025-09-26T21:35:29.452Z,job_20250926_204453,2
68d70738df49affd617f050f,675,68ce563252b33355379dfce7,Technical Support regarding Travel/Transportation,Technical Support,Travel/Transportation,Negative,,143206,143205,143204,143203,,,,,,,,,,,,,,,,,148338,Delta,148338,Delta,,,,,,,,,,,,,,,,,Customer,Service Provider,Customer,Service Provider,,,,,,,,,,,,,,,,,true,false,true,false,,,,,,,,,,,,,,,,,Fri Nov 24 12:57:55 +0000 2017,Fri Nov 24 13:00:11 +0000 2017,Fri Nov 24 13:01:21 +0000 2017,Fri Nov 24 13:01:44 +0000 2017,,,,,,,,,,,,,,,,,Getting really sick of the broken seats in #delta's first class. Two trips in a row @Delta @824 step up your game,"@148338 Francine, I am terribly sorry that you have had such an inconvenience on your flight. Can you please DM me the details of this so that I may submit this to our maintenance team? *TBW",@Delta Yes I will DM you a copy of what I DM'd to deltasist a few minutes ago. Thank you for your prompt reply,@148338 It's my pleasure! *TBW,,,,,,,,,,,,,,,,,2025-09-26T21:35:52.681Z,job_20250926_204453,2
68d7074bdf49affd617f0510,676,68ce563252b33355379dfce8,Feedback regarding General,Feedback,General,Positive,,143208,143207,,,,,,,,,,,,,,,,,,,148339,Delta,,,,,,,,,,,,,,,,,,,Customer,Service Provider,,,,,,,,,,,,,,,,,,,true,false,,,,,,,,,,,,,,,,,,,Fri Nov 24 12:56:41 +0000 2017,Fri Nov 24 12:58:42 +0000 2017,,,,,,,,,,,,,,,,,,,Got lil balla to the gate and seated. Thanks @Delta for the great service. The gentleman gate agent at B34 ATL. 👏🏽👏🏽👏🏽,@148339 Hi. We're happy to hear that! We'll make sure to pass along your praises. *TJH,,,,,,,,,,,,,,,,,,,2025-09-26T21:36:11.424Z,job_20250926_204453,2
68d7075adf49affd617f0511,677,68ce563252b33355379dfce9,Feedback regarding General,Feedback,General,Positive,,143210,143209,,,,,,,,,,,,,,,,,,,148340,Delta,,,,,,,,,,,,,,,,,,,Customer,Service Provider,,,,,,,,,,,,,,,,,,,true,false,,,,,,,,,,,,,,,,,,,Fri Nov 24 12:54:39 +0000 2017,Fri Nov 24 12:56:24 +0000 2017,,,,,,,,,,,,,,,,,,,I have been super impressed with @Delta agents at bag drop off &amp; at gate b43 making my trip so much easier to YYZ DL4067.,@148340 Glad to hear that we made this an easy process for you! Enjoy your trip! *TBW,,,,,,,,,,,,,,,,,,,2025-09-26T21:36:26.454Z,job_20250926_204453,2
68d7076cdf49affd617f0512,678,68ce563252b33355379dfcea,Product Inquiry regarding Technical,Product Inquiry,Technical,Neutral,,143214,143213,143212,143211,,,,,,,,,,,,,,,,,148341,Delta,148341,Delta,,,,,,,,,,,,,,,,,Customer,Service Provider,Customer,Service Provider,,,,,,,,,,,,,,,,,true,false,true,false,,,,,,,,,,,,,,,,,Fri Nov 24 12:46:09 +0000 2017,Fri Nov 24 12:47:59 +0000 2017,Fri Nov 24 12:49:44 +0000 2017,Fri Nov 24 12:50:38 +0000 2017,,,,,,,,,,,,,,,,,@Delta what does this mean and why can I not change my seat? https://t.co/HMKx1n4T0x,"@148341 Hmm, quite strange. I will be happy to take a look. Please share your confirmation number via DM for review.  *AJZ",@Delta Just sent!,@148341 Received. Please allow me a few moments to review.  *AJZ,,,,,,,,,,,,,,,,,2025-09-26T21:36:44.554Z,job_20250926_204453,2
68d70789df49affd617f0513,680,68ce563252b33355379dfcec,Technical Support regarding Travel,Technical Support,Travel,Neutral,,144539,144538,144536,144534,144535,144537,,,,,,,,,,,,,,,148689,Delta,148689,Delta,148689,Delta,,,,,,,,,,,,,,,Customer,Service Provider,Customer,Service Provider,Customer,Service Provider,,,,,,,,,,,,,,,true,false,true,false,true,false,,,,,,,,,,,,,,,Fri Nov 24 13:22:10 +0000 2017,Fri Nov 24 13:27:30 +0000 2017,Fri Nov 24 13:33:51 +0000 2017,Fri Nov 24 13:41:17 +0000 2017,Fri Nov 24 13:43:09 +0000 2017,Fri Nov 24 13:45:29 +0000 2017,,,,,,,,,,,,,,,@Delta nice armrests you got here https://t.co/vClAKkgY5V,@148689 Oh no!  My apology for the armrest.    *TCC,@Delta It’s also v cold on this plane. just closed cabin door &amp; attendant said it’s warmer outside than in. What‘s going on w Delta Connection??,@148689 The pilot will start heating the cabin as soon as the plane pulls away from the gate. I apologize for all these inconveniences.  *TCC,"@Delta no gate, we boarded on the tarmac after riding a bus to the plane. Last time I took this flight it had a gate but was delayed 4.5hrs.",@148689 That is understandable. No air conditioning or heating commences until the pilot starts the engines.  *TCC,,,,,,,,,,,,,,,2025-09-26T21:37:13.952Z,job_20250926_204453,2
68d707b4df49affd617f0514,694,68ce563252b33355379dfcfa,Technical Support regarding Account/Billing,Technical Support,Account/Billing,Neutral,,147555,147553,147554,147556,147557,147558,,,,,,,,,,,,,,,149538,Delta,149538,Delta,149538,Delta,,,,,,,,,,,,,,,Customer,Service Provider,Customer,Service Provider,Customer,Service Provider,,,,,,,,,,,,,,,true,false,true,false,true,false,,,,,,,,,,,,,,,Fri Nov 24 14:33:57 +0000 2017,Fri Nov 24 14:36:28 +0000 2017,Fri Nov 24 15:38:23 +0000 2017,Fri Nov 24 15:40:22 +0000 2017,Fri Nov 24 16:02:23 +0000 2017,Fri Nov 24 16:47:53 +0000 2017,,,,,,,,,,,,,,,@Delta I’m trying to call you on your UK support number and I’m getting an error message and cut off the call. Is this a known issue?,"@149538 Hi, John. Thank you for reporting this. Please see the following link for local numbers https://t.co/BAAgEvncU0. Is there anything that I may assist you with via this channel? *ATJ","@Delta Thanks, I’ve tried the UK number and I get an error message and the line cuts off. I’d like to talk to someone about changing seats for myself and my girlfriend. We are booked on the same Delta flight with different booking references.","@149538 Hmm, I apologize for this. Please provide both confirmation numbers so that I may look ingo this matter for you. Thank you.  *ATJ","@Delta Thank you, my booking ref is JKW6VB and my girlfriend’s booking is JLGRQD. It’s the return flight from NYC to LHR I’d like to change the seats. Ideally to seat her next to my 22F seat.","@149538 Thank you for this information. Unfortunately, this seating option is not yet available on her reservation. Please check again closer to departure. I apologize for any inconveniences caused by this. Thank you for tweeting us.  *ATJ",,,,,,,,,,,,,,,2025-09-26T21:37:56.969Z,job_20250926_204453,2
68d707d2df49affd617f0515,697,68ce563252b33355379dfcfd,Complaint regarding Travel,Complaint,Travel,Negative,,147569,147568,147567,147566,,,,,,,,,,,,,,,,,149542,Delta,149542,Delta,,,,,,,,,,,,,,,,,Customer,Service Provider,Customer,Service Provider,,,,,,,,,,,,,,,,,true,false,true,false,,,,,,,,,,,,,,,,,Fri Nov 24 14:11:43 +0000 2017,Fri Nov 24 14:14:34 +0000 2017,Fri Nov 24 14:22:58 +0000 2017,Fri Nov 24 14:23:36 +0000 2017,,,,,,,,,,,,,,,,,.@Delta my flight from Hong Kong was delayed and I missed my flight home to NYC. Support here is very poor and staff is not helping. Please assist!,"@149542 Joe, I am very sorry to hear this. Can you please DM your confirmation number to me so that I may see how we can help? *TBW https://t.co/6iDGBJAc2m",@Delta I have sent you DMs can you please help?,@149542 Thank you for all of your DMs please allow me a few moments to read through them and look at your reservation. *TBW,,,,,,,,,,,,,,,,,2025-09-26T21:38:26.980Z,job_20250926_204453,2
68d707dfdf49affd617f0516,700,68ce563252b33355379dfd00,Feedback regarding General,Feedback,General,Positive,,149642,149641,,,,,,,,,,,,,,,,,,,150099,Delta,,,,,,,,,,,,,,,,,,,Customer,Service Provider,,,,,,,,,,,,,,,,,,,true,false,,,,,,,,,,,,,,,,,,,Fri Nov 24 15:02:48 +0000 2017,Fri Nov 24 15:03:55 +0000 2017,,,,,,,,,,,,,,,,,,,@Delta kudos a to Case Keating TLH for best customer service ever! #delta,@150099 I'm happy to hear that we were able to give you a great experience today! *TBW,,,,,,,,,,,,,,,,,,,2025-09-26T21:38:39.755Z,job_20250926_204453,2
68d707fbdf49affd617f0517,703,68ce563252b33355379dfd03,Order Status regarding Orders,Order Status,Orders,Neutral,,149657,149655,149656,149658,,,,,,,,,,,,,,,,,150103,Delta,150103,Delta,,,,,,,,,,,,,,,,,Customer,Service Provider,Customer,Service Provider,,,,,,,,,,,,,,,,,true,false,true,false,,,,,,,,,,,,,,,,,Fri Nov 24 14:51:57 +0000 2017,Fri Nov 24 14:56:22 +0000 2017,Fri Nov 24 15:05:57 +0000 2017,Fri Nov 24 15:15:43 +0000 2017,,,,,,,,,,,,,,,,,"@Delta I submitted an email request on your website on Oct. 18, 2017, Case Number, 25612729, and did not receive a reply after 30 days. Please respond. Thanks.","@150103 Hello Stand! I apologize for the delayed response. Currently, our Customer Care team's response time is 60 business days.  *HKS","@Delta Your email autoreply says ""Usually you'll hear from us long before 30 days have passed.  Sometimes though, it can take almost that long.""","@150103 Stan, I'm sorry for the late response from our Customer Care team. However, they're closed for the Holidays and will re-open Monday morning at 8a. If you like, you can reach back out to us at that time. *HYC",,,,,,,,,,,,,,,,,2025-09-26T21:39:07.301Z,job_20250926_204453,2
68d7081ddf49affd617f0518,707,68ce563252b33355379dfd07,Technical Support regarding Travel,Technical Support,Travel,Neutral,,150811,150809,150810,150812,,,,,,,,,,,,,,,,,150405,Delta,150405,Delta,,,,,,,,,,,,,,,,,Customer,Service Provider,Customer,Service Provider,,,,,,,,,,,,,,,,,true,false,true,false,,,,,,,,,,,,,,,,,Fri Nov 24 15:35:09 +0000 2017,Fri Nov 24 15:36:24 +0000 2017,Fri Nov 24 17:34:57 +0000 2017,Fri Nov 24 17:38:27 +0000 2017,,,,,,,,,,,,,,,,,@Delta I left an iPad on a flight from honolulu to lax.  Is there a number that I can call to help find the item.,"@150405 Hey there Dan! I am sorry to hear you left your iPad behind. While we do not have a number to give you, we kindly ask that you fill out this form on our website to help locate the item. https://t.co/dzIn0uxDAW *TBW",@Delta I turned on the find my device app and I think it is still on the plane.  Is there any way for you to contact someone close to the plane?  It was flight 1212,"@150405 Please report your lost item via the following link https://t.co/PFXvMptCcO. Also, please follow/DM your confirmation number and I will sent a message to the airport.  *HKS",,,,,,,,,,,,,,,,,2025-09-26T21:39:41.262Z,job_20250926_204453,2
68d7082adf49affd617f0519,715,68ce563252b33355379dfd0f,Feedback regarding General,Feedback,General,Positive,,152358,152357,,,,,,,,,,,,,,,,,,,150823,Delta,,,,,,,,,,,,,,,,,,,Customer,Service Provider,,,,,,,,,,,,,,,,,,,true,false,,,,,,,,,,,,,,,,,,,Fri Nov 24 16:09:14 +0000 2017,Fri Nov 24 16:10:19 +0000 2017,,,,,,,,,,,,,,,,,,,I just booked my Christmas flight with @delta for under $200 and honestly idk why people fly with other airlines tbh😌,@150823 Great! We are glad that Delta will be your ride! *TCC,,,,,,,,,,,,,,,,,,,2025-09-26T21:39:54.078Z,job_20250926_204453,2
68d7088cdf49affd617f051a,719,68ce563252b33355379dfd13,Technical Support regarding Loyalty Programs,Technical Support,Loyalty Programs,Negative,,153938,153937,153918,153916,153917,153919,153920,153921,153922,153923,153924,153925,153927,153928,153929,153930,153931,153932,153933,153934,151251,Delta,151251,Delta,151251,Delta,151251,Delta,151251,Delta,151251,Delta,151251,Delta,151251,Delta,151251,Delta,151251,Delta,Customer,Service Provider,Customer,Service Provider,Customer,Service Provider,Customer,Service Provider,Customer,Service Provider,Customer,Service Provider,Customer,Service Provider,Customer,Service Provider,Customer,Service Provider,Customer,Service Provider,true,false,true,false,true,false,true,false,true,false,true,false,true,false,true,false,true,false,true,false,Fri Nov 24 16:25:35 +0000 2017,Fri Nov 24 16:27:29 +0000 2017,Fri Nov 24 16:31:04 +0000 2017,Fri Nov 24 16:42:41 +0000 2017,Fri Nov 24 16:50:40 +0000 2017,Fri Nov 24 16:52:25 +0000 2017,Fri Nov 24 16:56:02 +0000 2017,Fri Nov 24 16:59:49 +0000 2017,Fri Nov 24 17:14:50 +0000 2017,Fri Nov 24 17:22:00 +0000 2017,Fri Nov 24 17:44:05 +0000 2017,Fri Nov 24 17:51:08 +0000 2017,Fri Nov 24 18:11:03 +0000 2017,Fri Nov 24 19:00:25 +0000 2017,Fri Nov 24 19:19:34 +0000 2017,Fri Nov 24 19:44:35 +0000 2017,Fri Nov 24 19:53:38 +0000 2017,Fri Nov 24 20:22:10 +0000 2017,Fri Nov 24 21:23:55 +0000 2017,Fri Nov 24 21:34:25 +0000 2017,@Delta can you clarify why my latest Delta flight purchase didn’t qualify for MQDs just because I bought the flight for another family member?,@151251 Hello please forward ticket #. *AMS,@Delta 0062302406077,@151251 Did you use your Delta American Express Skymiles card? *AMS,"@Delta I did. I also tried inputting my Skymiles account at the time of purchase, but it wouldn’t let me.",@151251 Since the ticket is not in your name it will only count for your AMEX dollar spend. *AMS,"@Delta That’s not clear on your site. I’m still spending MY money on a Delta flight. \n\nI could’ve bought this flight with another airline at a much cheaper price, and chose to do it with Delta so I could achieve Silver for 2018. https://t.co/UmqPum1AMN",@151251 I do apologize this would only be on tickets you purchase for yourself. *AMS,"@Delta This makes no sense. I’m still spending money on YOUR airline.\n\nAnd if we go by that logic, my company pays for my work trips. How come I get MQDs then?",@151251 I'm sorry for the confusion that you have with our program. You can also visit here for more information which elaborates in the area that says Who earns what? https://t.co/smoDv7kjCZ *TBW,@Delta I’m not confused. I’m going off of your vague language and then you send me to read the fine print? This is great customer service.\n\nI’m just gonna use the miles I have and consider that my last piece of biz with you (esp for biz trips). Cancelling my @AskAmex delta card too.,@151251 You earn MQD's from your company purchased tickets because the tickets are in your name. Just as Luz would earn because the ticket is in her name. *TBW,"@Delta So I don’t get the MQDs because I spent my money on a ticket for another person, but I can transfer my Skymiles to another person from tickets purchased under my name. See, that’s confusing.",@151251 Thank you for your understanding.   *AFC,@Delta So much for a program that is supposed to cultivate loyalt among consumers.\n\nGood riddance.,@151251 We are sorry to learn you feel this way. We always strive to create a positive customer experience. *AFC,"@Delta Well, you missed your mark this time. And if you were truly sorry, you’d qualify my last purchase and not give me the corporate run around.","@151251 As we understand your point of view, the program  works under certain guidelines. Here is a link with details on how the program works,  https://t.co/PBzybkjwc9. *AST","@Delta I’m assuming these asterisk signatures are different reps tweeting, so do me a favor and at least read the thread. Two times linking me over to read fine print that doesn’t remedy the ask.\n\nYou even ignored my question about how this is different than transferring Skymiles.",@151251 I apologize for the dissatisfaction with our Frequent Flyer program. Know that we are here for you if any travel assistance is needed. Thanks for Tweeting us!  *AST,2025-09-26T21:41:32.780Z,job_20250926_204453,2
68d708b3df49affd617f051b,720,68ce563252b33355379dfd14,Technical Support regarding Travel Planning,Technical Support,Travel Planning,Neutral,,153941,153939,153940,153942,153943,,,,,,,,,,,,,,,,151252,Delta,151252,Delta,151252,,,,,,,,,,,,,,,,Customer,Service Provider,Customer,Service Provider,Customer,,,,,,,,,,,,,,,,true,false,true,false,true,,,,,,,,,,,,,,,,Fri Nov 24 16:36:25 +0000 2017,Fri Nov 24 16:40:15 +0000 2017,Fri Nov 24 16:43:47 +0000 2017,Fri Nov 24 16:47:10 +0000 2017,Fri Nov 24 16:49:24 +0000 2017,,,,,,,,,,,,,,,,@Delta hello.  Have a trip on dec 1. Says I can make adjustments for free due to schedule change.  Want to move to flights 2092 and and 1125. Won’t let me process online,"@151252 Hello, Christopher. I'm not showing DL 2092 on your December 1st trip. I'm also, showing minor schedule changes under 90 minutes.  *HYC",@Delta Correct but I want to change flights and take advantage of the flat bed seats on the flight to lax that leaves at 11 am from atl.  Shows two seats together on mco atl fight at 720 am and atl lax flight at 11am. Would like to change to those since Changes are waived,@151252 Christopher the change fee is only waived if the schedule change was changed by 90 minutes or more. I'm sorry.  *HYC,@Delta No exception can be made?,,,,,,,,,,,,,,,,2025-09-26T21:42:11.802Z,job_20250926_204453,2
68d708c9df49affd617f051c,725,68ce563252b33355379dfd19,Complaint regarding Travel/Transportation,Complaint,Travel/Transportation,Negative,,153960,153958,153959,,,,,,,,,,,,,,,,,,151257,Delta,151257,,,,,,,,,,,,,,,,,,Customer,Service Provider,Customer,,,,,,,,,,,,,,,,,,true,false,true,,,,,,,,,,,,,,,,,,Fri Nov 24 16:24:57 +0000 2017,Fri Nov 24 16:28:54 +0000 2017,Fri Nov 24 16:41:21 +0000 2017,,,,,,,,,,,,,,,,,,"Just when I thought the wounds from forgetting something on my @Delta flight were healing, here I am again, waiting to board the plane and reminded of how screwed a passenger is if they forget something on a plane.","@151257 Hi Joey, we do apologize you feel this way it is never our goal to let you down. *AMS","@Delta Be with the angels now, Kindle. https://t.co/U6N1RPUmSf",,,,,,,,,,,,,,,,,,2025-09-26T21:42:33.219Z,job_20250926_204453,2
68d708d4df49affd617f051d,731,68ce563252b33355379dfd1f,Other regarding General,Other,General,Neutral,,155427,155425,155426,,,,,,,,,,,,,,,,,,151657,Delta,151657,,,,,,,,,,,,,,,,,,Customer,Service Provider,Customer,,,,,,,,,,,,,,,,,,true,false,true,,,,,,,,,,,,,,,,,,Fri Nov 24 17:01:17 +0000 2017,Fri Nov 24 17:11:18 +0000 2017,Fri Nov 24 17:13:09 +0000 2017,,,,,,,,,,,,,,,,,,@DELTA HMU WITH A FOLLOW BACK,@151657 Sure! Following you now! *TBW,@Delta THANKS B,,,,,,,,,,,,,,,,,,2025-09-26T21:42:44.628Z,job_20250926_204453,2
68d708e3df49affd617f051e,733,68ce563252b33355379dfd21,Feedback regarding Account/Billing,Feedback,Account/Billing,Positive,,155442,155441,,,,,,,,,,,,,,,,,,,92623,Delta,,,,,,,,,,,,,,,,,,,Customer,Service Provider,,,,,,,,,,,,,,,,,,,true,false,,,,,,,,,,,,,,,,,,,Fri Nov 24 16:52:04 +0000 2017,Fri Nov 24 17:03:40 +0000 2017,,,,,,,,,,,,,,,,,,,my new @delta diamond status is already paying off… got first class upgrades on both legs home five days out!,@92623 Hello Randal! Congratulations on your Diamond status. Thank you for your loyalty. We look forward to serving you on your next Delta flight.  *HKS,,,,,,,,,,,,,,,,,,,2025-09-26T21:42:59.986Z,job_20250926_204453,2
68d708f1df49affd617f051f,737,68ce563252b33355379dfd25,Feedback regarding General,Feedback,General,Positive,,155455,155454,,,,,,,,,,,,,,,,,,,151662,Delta,,,,,,,,,,,,,,,,,,,Customer,Service Provider,,,,,,,,,,,,,,,,,,,true,false,,,,,,,,,,,,,,,,,,,Fri Nov 24 16:45:41 +0000 2017,Fri Nov 24 16:53:05 +0000 2017,,,,,,,,,,,,,,,,,,,@Delta Today is my second time flying with Captain George (callsign Hollywood). This guy is hilarious and deserves a raise!,@151662 We love to hear this! We hope the rest of your travels are just as enjoyable. Thanks for sharing.  *TJE,,,,,,,,,,,,,,,,,,,2025-09-26T21:43:13.970Z,job_20250926_204453,2
68d70907df49affd617f0520,739,68ce563252b33355379dfd27,Technical Support regarding Travel,Technical Support,Travel,Neutral,,155459,155458,,,,,,,,,,,,,,,,,,,151664,Delta,,,,,,,,,,,,,,,,,,,Customer,Service Provider,,,,,,,,,,,,,,,,,,,true,false,,,,,,,,,,,,,,,,,,,Fri Nov 24 16:47:45 +0000 2017,Fri Nov 24 16:51:58 +0000 2017,,,,,,,,,,,,,,,,,,,#Deltakindness @Delta our flight leaving SRQ has been delayed about an hr. The employees have been wonderful. Snacks! https://t.co/WzsOVfKUxX,@151664 I apologize for your delay and any inconveniences that it may have caused. We are here if rebooking assistance is needed. Thank you for tweeting us.  *ATJ,,,,,,,,,,,,,,,,,,,2025-09-26T21:43:35.389Z,job_20250926_204453,2
68d70923df49affd617f0521,743,68ce563252b33355379dfd2b,Technical Support regarding Travel/Flight,Technical Support,Travel/Flight,Neutral,,155470,155468,155469,155471,155472,155473,,,,,,,,,,,,,,,151668,Delta,151668,Delta,151668,Delta,,,,,,,,,,,,,,,Customer,Service Provider,Customer,Service Provider,Customer,Service Provider,,,,,,,,,,,,,,,true,false,true,false,true,false,,,,,,,,,,,,,,,Fri Nov 24 16:34:56 +0000 2017,Fri Nov 24 16:47:32 +0000 2017,Fri Nov 24 17:22:40 +0000 2017,Fri Nov 24 17:24:55 +0000 2017,Fri Nov 24 18:02:50 +0000 2017,Fri Nov 24 18:35:42 +0000 2017,,,,,,,,,,,,,,,"@Delta Hi, I was wondering if there is a way I can be added to the upgrade list for an upcoming flight? Sorry, I’m not really sure how it all works. Thank you!","@151668 Hi, Robert. Thanks for flying with us. However, only Starwood Platinum Elite Members can be added unto Complimentary Upgrade List.  *AJZ","@Delta So, there isn’t a way I could be put even at the bottom of the list, meaning I wouldn’t necessarily be upgraded?","@151668 I'm sorry, Robert. The system wouldn't allow us to list you on the upgrade list.  *HYC","@Delta Okay, thank you.","@151668 You are most welcome, Robert. Thank you so much for tweeting us today.  *AOS",,,,,,,,,,,,,,,2025-09-26T21:44:03.919Z,job_20250926_204453,2
68d70941df49affd617f0522,746,68ce563252b33355379dfd2e,Complaint regarding Travel/Transportation,Complaint,Travel/Transportation,Negative,,157105,157101,157099,157097,157098,157100,,,,,,,,,,,,,,,152084,Delta,152084,Delta,152084,Delta,,,,,,,,,,,,,,,Customer,Service Provider,Customer,Service Provider,Customer,Service Provider,,,,,,,,,,,,,,,true,false,true,false,true,false,,,,,,,,,,,,,,,Fri Nov 24 17:27:30 +0000 2017,Fri Nov 24 17:27:54 +0000 2017,Fri Nov 24 17:33:53 +0000 2017,Fri Nov 24 17:38:13 +0000 2017,Fri Nov 24 17:41:12 +0000 2017,Fri Nov 24 17:45:21 +0000 2017,,,,,,,,,,,,,,,@Delta... the worst flying experience (again) second time they have completely disregarded my military circumstances and I’ve had to book flights with another airline,@152084 Oh no! What happened? *HWG,@Delta A check in clerk said the puppy was too big to fly on the plane,"@152084 If your wife had a confirmation code for a Delta trip, please send it to this link, so I can take a look. *HWG https://t.co/6iDGBJAc2m",@Delta JL3DKG,"@152084 Got it. Did Mrs Lomick have the needed paperwork for traveling with an emotional support animal, as outlined under the Special Concerns section of https://t.co/wMGJpFlIBb ? *HWG",,,,,,,,,,,,,,,2025-09-26T21:44:33.660Z,job_20250926_204453,2
68d7095bdf49affd617f0523,747,68ce563252b33355379dfd2f,Technical Support regarding Account/Billing,Technical Support,Account/Billing,Positive,,157108,157106,157107,157109,,,,,,,,,,,,,,,,,152085,Delta,152085,Delta,,,,,,,,,,,,,,,,,Customer,Service Provider,Customer,Service Provider,,,,,,,,,,,,,,,,,true,false,true,false,,,,,,,,,,,,,,,,,Fri Nov 24 17:25:03 +0000 2017,Fri Nov 24 17:37:00 +0000 2017,Fri Nov 24 18:26:21 +0000 2017,Fri Nov 24 22:03:33 +0000 2017,,,,,,,,,,,,,,,,,@Delta can you spot me $2? Would like to have at least a shred of status next year :) https://t.co/zdYOKWKxXF,"@152085 You are so close! Regretfully we cannot gift MQD's. I did, however, see that your flight from MUC to CDG did not credit. I put that through. Hopefully that will credit the extra MQD's that you need. *TBW","@Delta perfect! thanks for sorting me out.. social media CS ftw,","@152085 Hey Josh, if you haven't looked yet, I just saw the credit has already posted! You're all set for Silver Status next year! *TBW",,,,,,,,,,,,,,,,,2025-09-26T21:44:59.745Z,job_20250926_204453,2
68d70983df49affd617f0524,749,68ce563252b33355379dfd31,Cancel Order regarding Orders,Cancel Order,Orders,Neutral,,157118,157117,157116,157115,157114,157113,,,,,,,,,,,,,,,152087,Delta,152087,Delta,152087,Delta,,,,,,,,,,,,,,,Customer,Service Provider,Customer,Service Provider,Customer,Service Provider,,,,,,,,,,,,,,,true,false,true,false,true,false,,,,,,,,,,,,,,,Fri Nov 24 17:20:52 +0000 2017,Fri Nov 24 17:24:25 +0000 2017,Fri Nov 24 17:25:34 +0000 2017,Fri Nov 24 17:26:17 +0000 2017,Fri Nov 24 17:27:18 +0000 2017,Fri Nov 24 17:31:32 +0000 2017,,,,,,,,,,,,,,,@Delta Hi! Can you please check this booking number GFJNMK ? Can I request a refund? Urgent. Thanks,"@152087 Thank you for your patience. Your ticket is non-refundable. However, you can cancel your ticket. It will turn into a credit that you can use toward a future booking. The credit is good for one year and is non-transferable. (cont...) *HKS",@Delta Can I use the credits it for domestic flight instead? Thanks!,"@152087 Yes, that is possible. *AJY","@Delta My original flight is international destination. So if I request a refund, I can use the credits for domestic destination? Thanks","@152087 Vanessa, your ticket is non-refundable. Since you have not started traveling yet, you need to reach out to travel agency and see if they can assist with a possible refund. I'm sorry.  *HYC",,,,,,,,,,,,,,,2025-09-26T21:45:39.591Z,job_20250926_204453,2
68d70992df49affd617f0525,751,68ce563252b33355379dfd33,Feedback regarding General,Feedback,General,Positive,,157140,157139,,,,,,,,,,,,,,,,,,,152094,Delta,,,,,,,,,,,,,,,,,,,Customer,Service Provider,,,,,,,,,,,,,,,,,,,true,false,,,,,,,,,,,,,,,,,,,Fri Nov 24 17:04:43 +0000 2017,Fri Nov 24 17:17:02 +0000 2017,,,,,,,,,,,,,,,,,,,"I imagine booking a flight through @Delta is what Christmas Morning felt like as a kid\n\nExcept I get to have the Cookie, Sorry Santa","@152094 Always glad to be your ride, may not be 🎅 sleigh; but we're happy to get you there! ✈ *TJP",,,,,,,,,,,,,,,,,,,2025-09-26T21:45:54.419Z,job_20250926_204453,2
68d709a0df49affd617f0526,752,68ce563252b33355379dfd34,Technical Support regarding Travel,Technical Support,Travel,Negative,,157142,157141,,,,,,,,,,,,,,,,,,,152095,Delta,,,,,,,,,,,,,,,,,,,Customer,Service Provider,,,,,,,,,,,,,,,,,,,true,false,,,,,,,,,,,,,,,,,,,Fri Nov 24 17:04:58 +0000 2017,Fri Nov 24 17:16:58 +0000 2017,,,,,,,,,,,,,,,,,,,@Delta another flight not boarding on time. Connections will be affected.,@152095 So sorry to hear this. Please let us know if assistance is needed via DM. *AJY https://t.co/6iDGBJAc2m,,,,,,,,,,,,,,,,,,,2025-09-26T21:46:08.292Z,job_20250926_204453,2
68d709b3df49affd617f0527,755,68ce563252b33355379dfd37,Complaint regarding Travel/Transportation,Complaint,Travel/Transportation,Negative,,158993,158992,,,,,,,,,,,,,,,,,,,152558,Delta,,,,,,,,,,,,,,,,,,,Customer,Service Provider,,,,,,,,,,,,,,,,,,,true,false,,,,,,,,,,,,,,,,,,,Fri Nov 24 17:51:55 +0000 2017,Fri Nov 24 17:53:12 +0000 2017,,,,,,,,,,,,,,,,,,,"@AmericanAir I really want to like you. I really do. No video screens, no plugs, no snacks on our flight, no pillows for the red eye and this plane is cold. @Delta wins.",@152558 Thanks for the shout out Michelle! We look forward to welcoming you on board soon. 😉 *TJE,,,,,,,,,,,,,,,,,,,2025-09-26T21:46:27.244Z,job_20250926_204453,2
68d709c4df49affd617f0528,756,68ce563252b33355379dfd38,Complaint regarding Technical Support,Complaint,Technical Support,Negative,,158995,158994,,,,,,,,,,,,,,,,,,,152559,Delta,,,,,,,,,,,,,,,,,,,Customer,Service Provider,,,,,,,,,,,,,,,,,,,true,false,,,,,,,,,,,,,,,,,,,Fri Nov 24 17:47:34 +0000 2017,Fri Nov 24 17:50:37 +0000 2017,,,,,,,,,,,,,,,,,,,@Delta sucks The employees are horrible! don’t respect the customers. soon as you ask for a number to corporate they treat you worse!,@152559 Hello Paris! I'm sorry to hear we disappointed you. Please follow/DM the details of your experience.  *HKS https://t.co/6iDGBJAc2m,,,,,,,,,,,,,,,,,,,2025-09-26T21:46:44.070Z,job_20250926_204453,2
68d709d6df49affd617f0529,759,68ce563252b33355379dfd3b,Technical Support regarding Travel/Transportation,Technical Support,Travel/Transportation,Negative,,159003,159002,,,,,,,,,,,,,,,,,,,152562,Delta,,,,,,,,,,,,,,,,,,,Customer,Service Provider,,,,,,,,,,,,,,,,,,,true,false,,,,,,,,,,,,,,,,,,,Fri Nov 24 17:44:25 +0000 2017,Fri Nov 24 17:46:44 +0000 2017,,,,,,,,,,,,,,,,,,,"How does @Delta still have flights with no WiFi? Nevermind the obscene cost, it’s not even an option on half the flights I take to OKC...",@152562 Hello Travis! I apologize for the inconvenience. Here is a helpful link regarding the amenities on our aircrafts https://t.co/hNiKQdPm34.  *HKS,,,,,,,,,,,,,,,,,,,2025-09-26T21:47:02.320Z,job_20250926_204453,2
68d709e6df49affd617f052a,760,68ce563252b33355379dfd3c,Complaint regarding Technical Support,Complaint,Technical Support,Negative,,159054,,,,,,,,,,,,,,,,,,,,152577,,,,,,,,,,,,,,,,,,,,Customer,,,,,,,,,,,,,,,,,,,,true,,,,,,,,,,,,,,,,,,,,Fri Nov 24 17:43:25 +0000 2017,,,,,,,,,,,,,,,,,,,,"@AmericanAir is disappointing! This is why i rather fly @Delta i simply want to change the name of the passenger, not change my flight. They rather i lose my money &amp; have an open set than be helpful &amp;change the person name. That’s bad business! Thought the customer was important!",,,,,,,,,,,,,,,,,,,,2025-09-26T21:47:18.735Z,job_20250926_204453,2
68d709fadf49affd617f052b,762,68ce563252b33355379dfd3e,Technical Support regarding Account/Billing,Technical Support,Account/Billing,Neutral,,160628,160627,,,,,,,,,,,,,,,,,,,153014,Delta,,,,,,,,,,,,,,,,,,,Customer,Service Provider,,,,,,,,,,,,,,,,,,,true,false,,,,,,,,,,,,,,,,,,,Fri Nov 24 18:04:28 +0000 2017,Fri Nov 24 18:37:38 +0000 2017,,,,,,,,,,,,,,,,,,,@Delta - had to fly *some other airline* on my last work trip - now I'm $250 short for status! Can I buy a ticket now and fly next year? Or do the dollars only count once flown? Other ideas?,"@153014 Hello, Amy. Unfortunately, for any MQM's or MQD's, to qualify for next years calendar year, you will need to fly your itinerary before December 31.  *AOS",,,,,,,,,,,,,,,,,,,2025-09-26T21:47:38.825Z,job_20250926_204453,2
68d70a0adf49affd617f052c,764,68ce563252b33355379dfd40,Technical Support regarding General,Technical Support,General,Neutral,,160632,160631,,,,,,,,,,,,,,,,,,,153016,Delta,,,,,,,,,,,,,,,,,,,Customer,Service Provider,,,,,,,,,,,,,,,,,,,true,false,,,,,,,,,,,,,,,,,,,Fri Nov 24 18:18:19 +0000 2017,Fri Nov 24 18:29:13 +0000 2017,,,,,,,,,,,,,,,,,,,@delta HOME GIRL JUST WANNA STAY WITH FAMILY FOR ONE MORE DAY ☹️ https://t.co/I6DUoLI0ui,@153016 Hey home girl! 😉 DM your confirmation # here so we can take a look. https://t.co/6iDGBJAc2m,,,,,,,,,,,,,,,,,,,2025-09-26T21:47:54.323Z,job_20250926_204453,2
68d70a28df49affd617f052d,765,68ce563252b33355379dfd41,Account/Billing regarding Fares/Pricing,Account/Billing,Fares/Pricing,Negative,,160636,160633,160634,160637,160638,,,,,,,,,,,,,,,,153017,Delta,153017,Delta,153017,,,,,,,,,,,,,,,,Customer,Service Provider,Customer,Service Provider,Customer,,,,,,,,,,,,,,,,true,false,true,false,true,,,,,,,,,,,,,,,,Fri Nov 24 17:58:47 +0000 2017,Fri Nov 24 18:23:48 +0000 2017,Fri Nov 24 18:27:08 +0000 2017,Fri Nov 24 19:22:58 +0000 2017,Fri Nov 24 19:44:10 +0000 2017,,,,,,,,,,,,,,,,"@Delta do you offer a price guarantee?  The seat I bought on one of your flights is now cheaper, a lot cheaper.  All bought on https://t.co/bl7ns6db5n.","@153017 Hello, unfortunately, we do not offer a price match. *AJY",@Delta Now a seat I bought on your site is now being offered at $150 less then when I booked it a week ago.,"@153017 We are sorry for the disappointment. Fares are subject to availability, in a matter time, lower fares can be exhausted. Or available in our system when a passenger canceled their reservation.  *AFC","@Delta This is very disappointing.  This is our first time flying with you, I will keep this little tidbit in mind when considering my future travel needs.  Thanks for the response.",,,,,,,,,,,,,,,,2025-09-26T21:48:24.762Z,job_20250926_204453,2
68d70a36df49affd617f052e,769,68ce563252b33355379dfd45,Product Inquiry regarding Travel/Transportation,Product Inquiry,Travel/Transportation,Neutral,,162307,162306,,,,,,,,,,,,,,,,,,,153477,Delta,,,,,,,,,,,,,,,,,,,Customer,Service Provider,,,,,,,,,,,,,,,,,,,true,false,,,,,,,,,,,,,,,,,,,Fri Nov 24 18:20:36 +0000 2017,Fri Nov 24 19:11:44 +0000 2017,,,,,,,,,,,,,,,,,,,"@Delta if our flight leaves at 6am from LGA, what time does the check in gate open to get tickets in the morning.",@153477 Hello Adam! Please give me a moment to review.  *HKS,,,,,,,,,,,,,,,,,,,2025-09-26T21:48:38.865Z,job_20250926_204453,2
68d70a45df49affd617f052f,770,68ce563252b33355379dfd46,Account/Billing regarding Orders,Account/Billing,Orders,Neutral,,162310,162309,,,,,,,,,,,,,,,,,,,153478,Delta,,,,,,,,,,,,,,,,,,,Customer,Service Provider,,,,,,,,,,,,,,,,,,,true,false,,,,,,,,,,,,,,,,,,,Fri Nov 24 18:18:52 +0000 2017,Fri Nov 24 19:08:58 +0000 2017,,,,,,,,,,,,,,,,,,,@Delta how do get a copy of my baggage recipt for my employer?,@153478 Hello Jason! I will be happy to assist. Please follow/DM your confirmation number.  *HKS https://t.co/6iDGBJAc2m,,,,,,,,,,,,,,,,,,,2025-09-26T21:48:53.255Z,job_20250926_204453,2
68d70a59df49affd617f0530,775,68ce563252b33355379dfd4b,Technical Support regarding Customer Service,Technical Support,Customer Service,Neutral,,162320,162319,,,,,,,,,,,,,,,,,,,153484,Delta,,,,,,,,,,,,,,,,,,,Customer,Service Provider,,,,,,,,,,,,,,,,,,,true,false,,,,,,,,,,,,,,,,,,,Fri Nov 24 18:07:04 +0000 2017,Fri Nov 24 18:47:37 +0000 2017,,,,,,,,,,,,,,,,,,,@Delta @153485 I think I may have left something on the plane after my flight Tuesday. What are my chances of tracking that down...? 🙈🤦🏻‍♀️😬,"@153484 @153485 That is not good to hear, Kelsi. We will make every effort to locate your item asap. To assist us, pls complete our Lost Item Report here:  https://t.co/PFXvMptCcO *AOS",,,,,,,,,,,,,,,,,,,2025-09-26T21:49:13.434Z,job_20250926_204453,2
68d70a69df49affd617f0531,776,68ce563252b33355379dfd4c,Technical Support regarding General,Technical Support,General,Neutral,,163812,163811,,,,,,,,,,,,,,,,,,,153906,Delta,,,,,,,,,,,,,,,,,,,Customer,Service Provider,,,,,,,,,,,,,,,,,,,true,false,,,,,,,,,,,,,,,,,,,Fri Nov 24 19:05:05 +0000 2017,Fri Nov 24 19:43:16 +0000 2017,,,,,,,,,,,,,,,,,,,@DELTA what number do I call to contact you from Cabo San Lucas,@153906 Hi April. The contact number when calling from Cabo San Lucas is 1-800-266-0046 from 4am-11pm. *HSL,,,,,,,,,,,,,,,,,,,2025-09-26T21:49:29.263Z,job_20250926_204453,2
68d70a7ddf49affd617f0532,787,68ce563252b33355379dfd57,Complaint regarding Technical,Complaint,Technical,Negative,,165172,165171,,,,,,,,,,,,,,,,,,,151665,Delta,,,,,,,,,,,,,,,,,,,Customer,Service Provider,,,,,,,,,,,,,,,,,,,true,false,,,,,,,,,,,,,,,,,,,Fri Nov 24 19:43:54 +0000 2017,Fri Nov 24 20:07:53 +0000 2017,,,,,,,,,,,,,,,,,,,#PaxEx #GoGo @Delta So I paid for a day pass.  Shoulda taken a pass... https://t.co/bHA8Q6Mg1j,"@151665 Oh no, Tom. Sorry to hear about your troubles with your WiFi connection during your flight, please contact our good friend @116462 further assistance with this inconvenience. *AOS",,,,,,,,,,,,,,,,,,,2025-09-26T21:49:49.313Z,job_20250926_204453,2
68d70a8adf49affd617f0533,789,68ce563252b33355379dfd59,Feedback regarding Travel/Airline,Feedback,Travel/Airline,Positive,,165179,165178,,,,,,,,,,,,,,,,,,,154291,Delta,,,,,,,,,,,,,,,,,,,Customer,Service Provider,,,,,,,,,,,,,,,,,,,true,false,,,,,,,,,,,,,,,,,,,Fri Nov 24 19:42:46 +0000 2017,Fri Nov 24 20:01:05 +0000 2017,,,,,,,,,,,,,,,,,,,@delta is my new favorite airline https://t.co/7hPhaNYcYN,"@154291 Hey Johann, thanks for shout out! We're glad you're traveling with us. *AJY",,,,,,,,,,,,,,,,,,,2025-09-26T21:50:02.579Z,job_20250926_204453,2
68d70aa0df49affd617f0534,795,68ce563252b33355379dfd5f,Technical Support regarding General,Technical Support,General,Neutral,,165197,165196,,,,,,,,,,,,,,,,,,,154297,Delta,,,,,,,,,,,,,,,,,,,Customer,Service Provider,,,,,,,,,,,,,,,,,,,true,false,,,,,,,,,,,,,,,,,,,Fri Nov 24 19:47:12 +0000 2017,Fri Nov 24 19:52:57 +0000 2017,,,,,,,,,,,,,,,,,,,@Delta leg one of three from TPA to ANC thru ATL and SEA done. Crew on flight were awesome! Looking forward to another couple nice flights until I land in Alaska and promptly freeze my Florida butt off. Can you make it warmer in Alaska?🤡,"@154297 Hi Graydon! That is great to hear, I'm glad the crew made it an awesome flight. Now on to the weather in Alaska, I think the weather from Florida missed the flight. Stay warm out there. 😉  *HSL",,,,,,,,,,,,,,,,,,,2025-09-26T21:50:24.264Z,job_20250926_204453,2
68d70ab2df49affd617f0535,796,68ce563252b33355379dfd60,Feedback regarding Travel,Feedback,Travel,Positive,,165203,165202,,,,,,,,,,,,,,,,,,,154298,Delta,,,,,,,,,,,,,,,,,,,Customer,Service Provider,,,,,,,,,,,,,,,,,,,true,false,,,,,,,,,,,,,,,,,,,Fri Nov 24 19:20:35 +0000 2017,Fri Nov 24 19:50:47 +0000 2017,,,,,,,,,,,,,,,,,,,Another Productive 📱 Day In The Sky With #2Ku Gate-to-gate @116462 📶 WiFi on ✈️ @Delta from SMF-SLC. \n\n#tech #travel #DomeSpotting #FastestinFlight $gogo #AvGeek https://t.co/eRgaseNqoq,@154298 Your satisfaction is a great compliment to us. *AFC,,,,,,,,,,,,,,,,,,,2025-09-26T21:50:42.187Z,job_20250926_204453,2
68d70ac3df49affd617f0536,806,68ce563252b33355379dfd6a,Technical Support regarding Travel,Technical Support,Travel,Negative,,166797,166796,,,,,,,,,,,,,,,,,,,144555,Delta,,,,,,,,,,,,,,,,,,,Customer,Service Provider,,,,,,,,,,,,,,,,,,,true,false,,,,,,,,,,,,,,,,,,,Fri Nov 24 20:07:10 +0000 2017,Fri Nov 24 20:24:53 +0000 2017,,,,,,,,,,,,,,,,,,,I️ have yet to experience an ontime @Delta flight😡,"@144555 This isn't good to hear. We always try to provide an on-time experience, however, I see we let you down. Please share your confirmation number through DM for further assistance. *HSL https://t.co/6iDGBJAc2m",,,,,,,,,,,,,,,,,,,2025-09-26T21:50:59.038Z,job_20250926_204453,2
68d70ad3df49affd617f0537,812,68ce563252b33355379dfd70,Technical Support regarding In-Flight Entertainment,Technical Support,In-Flight Entertainment,Neutral,,166811,166810,166809,,,,,,,,,,,,,,,,,,154757,154757,Delta,,,,,,,,,,,,,,,,,,Customer,Customer,Service Provider,,,,,,,,,,,,,,,,,,true,true,false,,,,,,,,,,,,,,,,,,Fri Nov 24 20:00:53 +0000 2017,Fri Nov 24 20:02:48 +0000 2017,Fri Nov 24 20:19:22 +0000 2017,,,,,,,,,,,,,,,,,,@Delta on DL2635. IFE is broken on the back of 20C. FYI for repairs,@Delta And headphone jack for 20B (jack on 21B),@154757 Thank  you Kyle. Please also alert the Inflight Crew of the issues. *ACJ,,,,,,,,,,,,,,,,,,2025-09-26T21:51:15.172Z,job_20250926_204453,2
68d70ae3df49affd617f0538,814,68ce563252b33355379dfd72,Feedback regarding General,Feedback,General,Positive,,166816,166815,,,,,,,,,,,,,,,,,,,154759,Delta,,,,,,,,,,,,,,,,,,,Customer,Service Provider,,,,,,,,,,,,,,,,,,,true,false,,,,,,,,,,,,,,,,,,,Fri Nov 24 19:59:49 +0000 2017,Fri Nov 24 20:18:27 +0000 2017,,,,,,,,,,,,,,,,,,,Shout out to @Delta gate agent John T at A33 in ATL.  What a wonderful refreshing attitude making travel that much better this busy Friday.,"@154759 Customer Service is in our DNA, Kris! Thank you for sharing the love and flying Delta!  *AOS",,,,,,,,,,,,,,,,,,,2025-09-26T21:51:31.059Z,job_20250926_204453,2
68d70aeddf49affd617f0539,815,68ce563252b33355379dfd73,Other regarding General,Other,General,Neutral,,166818,166817,,,,,,,,,,,,,,,,,,,154760,Delta,,,,,,,,,,,,,,,,,,,Customer,Service Provider,,,,,,,,,,,,,,,,,,,true,false,,,,,,,,,,,,,,,,,,,Fri Nov 24 19:46:39 +0000 2017,Fri Nov 24 20:17:14 +0000 2017,,,,,,,,,,,,,,,,,,,joined @delta as flight attendant,@154760 Welcome to the family. ✈ *AMC,,,,,,,,,,,,,,,,,,,2025-09-26T21:51:41.233Z,job_20250926_204453,2
68d70afddf49affd617f053a,818,68ce563252b33355379dfd76,Complaint regarding Technical Support,Complaint,Technical Support,Negative,,168237,168236,,,,,,,,,,,,,,,,,,,155144,Delta,,,,,,,,,,,,,,,,,,,Customer,Service Provider,,,,,,,,,,,,,,,,,,,true,false,,,,,,,,,,,,,,,,,,,Fri Nov 24 20:55:20 +0000 2017,Fri Nov 24 21:00:04 +0000 2017,,,,,,,,,,,,,,,,,,,@delta i will be emailing a detailed experience about your poor customer service and profiling from your employee!,@155144 Please accept our sincere apologies once again for this terrible incident. You can submit your formal complaint to our Customer Care Team through the following link: https://t.co/fPLXqv8KGq *AOS,,,,,,,,,,,,,,,,,,,2025-09-26T21:51:57.796Z,job_20250926_204453,2
68d70b0ddf49affd617f053b,825,68ce563252b33355379dfd7d,Product Inquiry regarding Promotions,Product Inquiry,Promotions,Positive,,168261,168260,,,,,,,,,,,,,,,,,,,155149,Delta,,,,,,,,,,,,,,,,,,,Customer,Service Provider,,,,,,,,,,,,,,,,,,,true,false,,,,,,,,,,,,,,,,,,,Fri Nov 24 20:33:57 +0000 2017,Fri Nov 24 20:46:45 +0000 2017,,,,,,,,,,,,,,,,,,,Yo @Delta please start participating in Black Friday by selling discounted Europe flights. Please and thank you.,"@155149 Please proceed to our website, by entering the words Black Friday in the top right corner search box, available deals are stored on this link. Thank you for your suggestion.   *AFC",,,,,,,,,,,,,,,,,,,2025-09-26T21:52:13.624Z,job_20250926_204453,2
68d70b1edf49affd617f053c,829,68ce563252b33355379dfd81,Technical Support regarding General,Technical Support,General,Neutral,,169773,169772,,,,,,,,,,,,,,,,,,,155544,Delta,,,,,,,,,,,,,,,,,,,Customer,Service Provider,,,,,,,,,,,,,,,,,,,true,false,,,,,,,,,,,,,,,,,,,Fri Nov 24 21:24:10 +0000 2017,Fri Nov 24 21:42:32 +0000 2017,,,,,,,,,,,,,,,,,,,"@Delta I'm having a problem changing flights online, is there a problem?","@155544 Hi, Jason. No problem has been reported on our website. Please reach out to our Online Support Team for assistance.  *AST",,,,,,,,,,,,,,,,,,,2025-09-26T21:52:30.111Z,job_20250926_204453,2
68d70b2cdf49affd617f053d,831,68ce563252b33355379dfd83,Other regarding General,Other,General,Neutral,,169779,169778,169777,169776,,,,,,,,,,,,,,,,,155546,Delta,155546,Delta,,,,,,,,,,,,,,,,,Customer,Service Provider,Customer,Service Provider,,,,,,,,,,,,,,,,,true,false,true,false,,,,,,,,,,,,,,,,,Fri Nov 24 21:31:59 +0000 2017,Fri Nov 24 21:33:51 +0000 2017,Fri Nov 24 21:35:15 +0000 2017,Fri Nov 24 21:40:23 +0000 2017,,,,,,,,,,,,,,,,,"@Delta hi, i have a small question !",@155546 Thanks for reaching out to us. How can we help? *AMC,"@Delta i forgot what to ask but, have a nice day &lt;3",@155546 Enjoy your day as well. *AMC,,,,,,,,,,,,,,,,,2025-09-26T21:52:44.955Z,job_20250926_204453,2
68d70b38df49affd617f053e,832,68ce563252b33355379dfd84,Other regarding General,Other,General,Neutral,,169781,169780,,,,,,,,,,,,,,,,,,,155547,Delta,,,,,,,,,,,,,,,,,,,Customer,Service Provider,,,,,,,,,,,,,,,,,,,true,false,,,,,,,,,,,,,,,,,,,Fri Nov 24 21:26:37 +0000 2017,Fri Nov 24 21:29:03 +0000 2017,,,,,,,,,,,,,,,,,,,Fly @Delta Jets https://t.co/fZ9OecqsR6,@155547 Great shot! Thanks for sharing. ✈ *AMC,,,,,,,,,,,,,,,,,,,2025-09-26T21:52:56.662Z,job_20250926_204453,2
68d70b49df49affd617f053f,835,68ce563252b33355379dfd87,Feedback regarding Travel/Airline,Feedback,Travel/Airline,Positive,,169792,169791,,,,,,,,,,,,,,,,,,,155549,Delta,,,,,,,,,,,,,,,,,,,Customer,Service Provider,,,,,,,,,,,,,,,,,,,true,false,,,,,,,,,,,,,,,,,,,Fri Nov 24 21:16:34 +0000 2017,Fri Nov 24 21:23:20 +0000 2017,,,,,,,,,,,,,,,,,,,Not in a hundred years did I think I would see @155550 today. Thank you @Delta for making my dreams come true and getting me the heck out of Florida. https://t.co/qab9tMqypk,@155549 @155550 You are very welcome. Thanks for fly with us. ✈ *AMC,,,,,,,,,,,,,,,,,,,2025-09-26T21:53:13.853Z,job_20250926_204453,2
68d70b57df49affd617f0540,838,68ce563252b33355379dfd8a,Product Inquiry regarding Travel,Product Inquiry,Travel,Neutral,,171220,171219,,,,,,,,,,,,,,,,,,,155952,Delta,,,,,,,,,,,,,,,,,,,Customer,Service Provider,,,,,,,,,,,,,,,,,,,true,false,,,,,,,,,,,,,,,,,,,Fri Nov 24 21:49:26 +0000 2017,Fri Nov 24 21:58:48 +0000 2017,,,,,,,,,,,,,,,,,,,Roundtrip deals to Bermuda from NYC on @Delta! https://t.co/CMB1Rd9PT0 https://t.co/dAb4KA557q,@155952 Majestic! *AFC,,,,,,,,,,,,,,,,,,,2025-09-26T21:53:27.927Z,job_20250926_204453,2
68d70b73df49affd617f0541,839,68ce563252b33355379dfd8b,Technical Support regarding In-Flight Experience,Technical Support,In-Flight Experience,Neutral,,171225,171224,171223,171222,,,,,,,,,,,,,,,,,155953,Delta,155953,Delta,,,,,,,,,,,,,,,,,Customer,Service Provider,Customer,Service Provider,,,,,,,,,,,,,,,,,true,false,true,false,,,,,,,,,,,,,,,,,Fri Nov 24 21:45:18 +0000 2017,Fri Nov 24 22:08:10 +0000 2017,Fri Nov 24 22:09:31 +0000 2017,Fri Nov 24 22:13:33 +0000 2017,,,,,,,,,,,,,,,,,"@delta paid $27on your flight to do some work &amp; live stream the D6 MHSAA football state title game and the connection isn't strong enough, even though I selected the one that could handle streaming. Feel free to reimburse me.","@155953 Oh my, Tony. That is not good to hear. For questions or comments regarding the wifi service pls tweet @116462. A team member will be glad to work with you regarding any issues. My apologies for the service. *HJH",@Delta @116462 It's alright. I appreciate the response -- will try to work it out. Love flying delta in general.,"@155953 Thanks for the love, Tony. We appreciate your loyalty!  *AST",,,,,,,,,,,,,,,,,2025-09-26T21:53:55.836Z,job_20250926_204453,2
68d70b86df49affd617f0542,846,68ce563252b33355379dfd92,Technical Support regarding Travel/Aviation,Technical Support,Travel/Aviation,Neutral,,171242,171241,,,,,,,,,,,,,,,,,,,154751,Delta,,,,,,,,,,,,,,,,,,,Customer,Service Provider,,,,,,,,,,,,,,,,,,,true,false,,,,,,,,,,,,,,,,,,,Fri Nov 24 22:05:01 +0000 2017,Fri Nov 24 22:06:04 +0000 2017,,,,,,,,,,,,,,,,,,,A @Delta @155960 175 🛬 Landing https://t.co/EMAq1B3xfm at Los Angeles International Airport @116147 LAX from McCarran International Airport Las Vegas @141317 LAS 11-8-17\n#travel #flight #aviation,@154751 @155960 @116147 @141317 Thank you for choosing Delta! *AFC,,,,,,,,,,,,,,,,,,,2025-09-26T21:54:14.359Z,job_20250926_204453,2
68d70b96df49affd617f0543,852,68ce563252b33355379dfd98,Technical Support regarding Shipping/Delivery,Technical Support,Shipping/Delivery,Negative,,171261,171260,,,,,,,,,,,,,,,,,,,155969,Delta,,,,,,,,,,,,,,,,,,,Customer,Service Provider,,,,,,,,,,,,,,,,,,,true,false,,,,,,,,,,,,,,,,,,,Fri Nov 24 21:44:37 +0000 2017,Fri Nov 24 21:54:18 +0000 2017,,,,,,,,,,,,,,,,,,,@Delta Luggage damaged in transit and important items lost. DL553. What do I do?,@155969 Oh no! So sorry to hear this. Please feel free to fill out the provided attachment for reimbursement purposes. https://t.co/cmso4esnEb *AJY,,,,,,,,,,,,,,,,,,,2025-09-26T21:54:30.782Z,job_20250926_204453,2
68d70baadf49affd617f0544,860,68ce563252b33355379dfda0,Technical Support regarding Travel/Transportation,Technical Support,Travel/Transportation,Negative,,172570,172569,,,,,,,,,,,,,,,,,,,151665,Delta,,,,,,,,,,,,,,,,,,,Customer,Service Provider,,,,,,,,,,,,,,,,,,,true,false,,,,,,,,,,,,,,,,,,,Fri Nov 24 22:03:23 +0000 2017,Fri Nov 24 22:33:42 +0000 2017,,,,,,,,,,,,,,,,,,,"Wow! @116462 so bad on this next flight @Delta, not even Twitter will load. 😢#PaxEx https://t.co/v9mDOnYGtS","@151665 Please accept our sincere apologies for this inconvenience, Tom. Please reach out to @116462 to seek further assistance with this issued.  *AOS",,,,,,,,,,,,,,,,,,,2025-09-26T21:54:50.931Z,job_20250926_204453,2
68d70bc3df49affd617f0545,862,68ce563252b33355379dfda2,Complaint regarding Technical Support,Complaint,Technical Support,Negative,,172576,172575,172574,172573,,,,,,,,,,,,,,,,,156335,Delta,156335,Delta,,,,,,,,,,,,,,,,,Customer,Service Provider,Customer,Service Provider,,,,,,,,,,,,,,,,,true,false,true,false,,,,,,,,,,,,,,,,,Fri Nov 24 22:28:42 +0000 2017,Fri Nov 24 22:29:08 +0000 2017,Fri Nov 24 22:30:37 +0000 2017,Fri Nov 24 22:31:24 +0000 2017,,,,,,,,,,,,,,,,,"Dear @Delta you are the worst, don’t ever expect another penny from me ever again","@156335 Jeremy, I am very sorry to hear this. What can we do to be better? *TBW",@Delta Not randomly assigning me a seat on my flight and giving me no clear idea what gate my flight is at and then being met by clueless employees when I inquire where I need to go,@156335 That's odd to have happened. Can you please provide your confirmation number via DM so that I can look into this? *TBW https://t.co/6iDGBJAc2m,,,,,,,,,,,,,,,,,2025-09-26T21:55:15.531Z,job_20250926_204453,2
68d70bd2df49affd617f0546,863,68ce563252b33355379dfda3,Product Information regarding General,Product Information,General,Neutral,,172578,172577,,,,,,,,,,,,,,,,,,,156336,Delta,,,,,,,,,,,,,,,,,,,Customer,Service Provider,,,,,,,,,,,,,,,,,,,true,false,,,,,,,,,,,,,,,,,,,Fri Nov 24 22:29:06 +0000 2017,Fri Nov 24 22:31:01 +0000 2017,,,,,,,,,,,,,,,,,,,"Is the song that people sang on the @Delta ""Christmas tree"" float during the Macy's Parade available for download on iTunes?","@156336 Ken, I am not sure if it is available. Let me see if I can find some information for you. *ACJ",,,,,,,,,,,,,,,,,,,2025-09-26T21:55:30.876Z,job_20250926_204453,2
68d70bebdf49affd617f0547,868,68ce563252b33355379dfda8,Technical Support regarding Account/Billing,Technical Support,Account/Billing,Neutral,,173673,173672,,,,,,,,,,,,,,,,,,,156662,Delta,,,,,,,,,,,,,,,,,,,Customer,Service Provider,,,,,,,,,,,,,,,,,,,true,false,,,,,,,,,,,,,,,,,,,Fri Nov 24 23:07:20 +0000 2017,Fri Nov 24 23:11:50 +0000 2017,,,,,,,,,,,,,,,,,,,"@Delta \nHi Have a question re FF, conf GOX9GN.\nFF # is on tomm ret, wasn’t on orig, Plus paid $25 for 2 bags $50 to,,can u assist? Thx Kray","@156662 Hi, Keith yes I show everyone has a SkyMiles number attach to their reservation for the 25th of November. I can retro credit the outbound flight to the accounts for each person.  *TDH",,,,,,,,,,,,,,,,,,,2025-09-26T21:55:55.373Z,job_20250926_204453,2
68d70bfddf49affd617f0548,878,68ce563252b33355379dfdb2,Technical Support regarding Travel/Transportation,Technical Support,Travel/Transportation,Negative,,174694,174693,,,,,,,,,,,,,,,,,,,156967,Delta,,,,,,,,,,,,,,,,,,,Customer,Service Provider,,,,,,,,,,,,,,,,,,,true,false,,,,,,,,,,,,,,,,,,,Fri Nov 24 23:28:15 +0000 2017,Fri Nov 24 23:30:43 +0000 2017,,,,,,,,,,,,,,,,,,,@Delta fly twice a week on delta and every time i go into lounge in LGA and JFK the food is inedible...,@156967 Oh no! I'm sorry about that Ian. I'll make sure to pass this information along so someone can look into this.  *TCH,,,,,,,,,,,,,,,,,,,2025-09-26T21:56:13.872Z,job_20250926_204453,2
68d70c09df49affd617f0549,880,68ce563252b33355379dfdb4,Technical Support regarding General,Technical Support,General,Neutral,,175514,175513,,,,,,,,,,,,,,,,,,,157227,Delta,,,,,,,,,,,,,,,,,,,Customer,Service Provider,,,,,,,,,,,,,,,,,,,true,false,,,,,,,,,,,,,,,,,,,Sat Nov 25 00:09:28 +0000 2017,Sat Nov 25 00:10:56 +0000 2017,,,,,,,,,,,,,,,,,,,@Delta i have a very important question,"@157227 Hello, Abby. How can I assist you today? *AFM",,,,,,,,,,,,,,,,,,,2025-09-26T21:56:25.223Z,job_20250926_204453,2
68d70c17df49affd617f054a,881,68ce563252b33355379dfdb5,Other regarding General,Other,General,Neutral,,175518,175517,175516,175515,,,,,,,,,,,,,,,,,157228,Delta,157228,Delta,,,,,,,,,,,,,,,,,Customer,Service Provider,Customer,Service Provider,,,,,,,,,,,,,,,,,true,false,true,false,,,,,,,,,,,,,,,,,Sat Nov 25 00:03:27 +0000 2017,Sat Nov 25 00:06:50 +0000 2017,Sat Nov 25 00:08:09 +0000 2017,Sat Nov 25 00:08:51 +0000 2017,,,,,,,,,,,,,,,,,Hey guys I have a question @Delta,"@157228 Hello, there. How can I assist you today? *AFM",@Delta Can u follow me please you're my favorite airline,@157228 Sure thing. Thank you for choosing us.  *AFM,,,,,,,,,,,,,,,,,2025-09-26T21:56:39.899Z,job_20250926_204453,2
68d70c22df49affd617f054b,884,68ce563252b33355379dfdb8,Feedback regarding General,Feedback,General,Positive,,175534,175533,,,,,,,,,,,,,,,,,,,157234,Delta,,,,,,,,,,,,,,,,,,,Customer,Service Provider,,,,,,,,,,,,,,,,,,,true,false,,,,,,,,,,,,,,,,,,,Sat Nov 25 00:00:41 +0000 2017,Sat Nov 25 00:01:17 +0000 2017,,,,,,,,,,,,,,,,,,,Thank you so much @Delta for the follow 🤘😳🖤,@157234 You're welcome.  *AFM,,,,,,,,,,,,,,,,,,,2025-09-26T21:56:50.927Z,job_20250926_204453,2
68d70c34df49affd617f054c,888,68ce563252b33355379dfdbc,Technical Support regarding In-flight Entertainment,Technical Support,In-flight Entertainment,Neutral,,175546,175545,,,,,,,,,,,,,,,,,,,157237,Delta,,,,,,,,,,,,,,,,,,,Customer,Service Provider,,,,,,,,,,,,,,,,,,,true,false,,,,,,,,,,,,,,,,,,,Fri Nov 24 23:55:46 +0000 2017,Fri Nov 24 23:57:11 +0000 2017,,,,,,,,,,,,,,,,,,,"Dear @Delta - can you please make it so that when we are wearing headphones, watching a movie, and the flight attendant pics up the mic and starts talking, it isn’t always 20 times louder than the movie and we blow our ear drums out? Rock on D-Dog!",@157237 I will surely forward your concerns to our Leadership team for consideration.  *HCA,,,,,,,,,,,,,,,,,,,2025-09-26T21:57:08.125Z,job_20250926_204453,2
68d70c42df49affd617f054d,889,68ce563252b33355379dfdbd,Product Information regarding Product Info,Product Information,Product Info,Neutral,,175549,175547,175548,,,,,,,,,,,,,,,,,,136421,Delta,136421,,,,,,,,,,,,,,,,,,Customer,Service Provider,Customer,,,,,,,,,,,,,,,,,,true,false,true,,,,,,,,,,,,,,,,,,Fri Nov 24 23:54:18 +0000 2017,Fri Nov 24 23:56:50 +0000 2017,Fri Nov 24 23:57:52 +0000 2017,,,,,,,,,,,,,,,,,,hey :) @Delta,@136421 Hello Seb. How can I assist you today? *ACJ,@Delta have you ever heard of bofa by any chance?,,,,,,,,,,,,,,,,,,2025-09-26T21:57:22.557Z,job_20250926_204453,2
68d70c4fdf49affd617f054e,893,68ce563252b33355379dfdc1,Technical Support regarding Product Info,Technical Support,Product Info,Neutral,,175569,175567,175568,,,,,,,,,,,,,,,,,,157243,Delta,157243,,,,,,,,,,,,,,,,,,Customer,Service Provider,Customer,,,,,,,,,,,,,,,,,,true,false,true,,,,,,,,,,,,,,,,,,Fri Nov 24 23:52:34 +0000 2017,Fri Nov 24 23:52:56 +0000 2017,Fri Nov 24 23:53:26 +0000 2017,,,,,,,,,,,,,,,,,,I have a questions @delta,"@157243 Hi, how can we help?  *AOS",@Delta are traps gay,,,,,,,,,,,,,,,,,,2025-09-26T21:57:35.443Z,job_20250926_204453,2
68d70c5ddf49affd617f054f,894,68ce563252b33355379dfdc2,Other regarding General,Other,General,Neutral,,175572,175570,175571,175573,,,,,,,,,,,,,,,,,157244,Delta,157244,157245,,,,,,,,,,,,,,,,,Customer,Service Provider,Customer,Customer,,,,,,,,,,,,,,,,,true,false,true,true,,,,,,,,,,,,,,,,,Fri Nov 24 23:50:31 +0000 2017,Fri Nov 24 23:50:51 +0000 2017,Fri Nov 24 23:51:11 +0000 2017,Fri Nov 24 23:53:04 +0000 2017,,,,,,,,,,,,,,,,,Hey @delta i have a question,@157244 How can I help?  *HCA,@Delta How are babies made?,@157244 @Delta I don't regret following you,,,,,,,,,,,,,,,,,2025-09-26T21:57:49.312Z,job_20250926_204453,2
68d70c6fdf49affd617f0550,898,68ce563252b33355379dfdc6,Order Status regarding Travel,Order Status,Travel,Neutral,,176579,176578,,,,,,,,,,,,,,,,,,,157547,Delta,,,,,,,,,,,,,,,,,,,Customer,Service Provider,,,,,,,,,,,,,,,,,,,true,false,,,,,,,,,,,,,,,,,,,Sat Nov 25 00:35:02 +0000 2017,Sat Nov 25 00:35:45 +0000 2017,,,,,,,,,,,,,,,,,,,"@Delta Just checked in online for a flight tomorrow and it says seats will be assigned at the gate! Is this because I'm basic economy, a regional jet or me and mom getting bumped?","@157547 Hello, there. I'll be happy to check on this for you. Can you please share your confirmation number via DM?  *AOS https://t.co/6iDGBJAc2m",,,,,,,,,,,,,,,,,,,2025-09-26T21:58:07.415Z,job_20250926_204453,2
68d70c81df49affd617f0551,903,68ce563252b33355379dfdcb,Product Inquiry regarding Travel,Product Inquiry,Travel,Positive,,176606,176605,,,,,,,,,,,,,,,,,,,157552,Delta,,,,,,,,,,,,,,,,,,,Customer,Service Provider,,,,,,,,,,,,,,,,,,,true,false,,,,,,,,,,,,,,,,,,,Sat Nov 25 00:19:34 +0000 2017,Sat Nov 25 00:21:26 +0000 2017,,,,,,,,,,,,,,,,,,,"I’ve just made it a goal to take my wife to the 2020 Olympics in Tokyo, all on @Delta miles. Someone wanna hold me accountable here?",@157552 We can't wait to have you on board! Thank you so much for choosing Delta for this special occasion!  *AOS,,,,,,,,,,,,,,,,,,,2025-09-26T21:58:25.784Z,job_20250926_204453,2
68d70c8cdf49affd617f0552,905,68ce563252b33355379dfdcd,Complaint regarding General,Complaint,General,Negative,,176613,176611,176612,,,,,,,,,,,,,,,,,,157241,Delta,157241,,,,,,,,,,,,,,,,,,Customer,Service Provider,Customer,,,,,,,,,,,,,,,,,,true,false,true,,,,,,,,,,,,,,,,,,Sat Nov 25 00:17:45 +0000 2017,Sat Nov 25 00:18:23 +0000 2017,Sat Nov 25 00:19:05 +0000 2017,,,,,,,,,,,,,,,,,,Hey @Delta i love you,@157241 ❤ *ACJ,@Delta Can i eat YoUr aSS?,,,,,,,,,,,,,,,,,,2025-09-26T21:58:36.932Z,job_20250926_204453,2
68d70ca2df49affd617f0553,907,68ce563252b33355379dfdcf,Technical Support regarding Travel,Technical Support,Travel,Neutral,,178522,178521,178519,178518,,,,,,,,,,,,,,,,,158091,VirginAtlantic,158091,VirginAtlantic,,,,,,,,,,,,,,,,,Customer,Service Provider,Customer,Service Provider,,,,,,,,,,,,,,,,,true,false,true,false,,,,,,,,,,,,,,,,,Tue Oct 03 10:21:59 +0000 2017,Tue Oct 03 10:28:57 +0000 2017,Tue Oct 03 10:30:01 +0000 2017,Tue Oct 03 10:31:55 +0000 2017,,,,,,,,,,,,,,,,,@Delta @VirginAtlantic I love flying with you but we've been waiting for paperwork for 30mins and I'm worried about making my connection :(,"@158091 @Delta Hi Debbie, what flight are you on? ^SR",@VirginAtlantic @Delta DL209 Edinburgh to JFK then I'm transferring for a flight to MCO. I'd ask cabin crew but I presume they're busy at the moment.,"@158091 @Delta If it's not a Virgin Atlantic operated flight Debbie we can't help. Ask the cabin crew, they won't mind. ^SR",,,,,,,,,,,,,,,,,2025-09-26T21:58:58.994Z,job_20250926_204453,2
68d70cb9df49affd617f0554,909,68ce563252b33355379dfdd1,Complaint regarding Travel/Transportation,Complaint,Travel/Transportation,Negative,,178717,178715,178716,178718,,,,,,,,,,,,,,,,,158117,Delta,158117,Delta,,,,,,,,,,,,,,,,,Customer,Service Provider,Customer,Service Provider,,,,,,,,,,,,,,,,,true,false,true,false,,,,,,,,,,,,,,,,,Wed Oct 04 15:12:30 +0000 2017,Wed Oct 04 16:15:01 +0000 2017,Sun Oct 08 11:55:28 +0000 2017,Sun Oct 08 12:12:11 +0000 2017,,,,,,,,,,,,,,,,,@Delta we thought the hour flight delay was bad enough until we got to baggage claim and we are over an hour waiting for bags...3894,"@158117 Hi Debra, I'm very sorry your bags took so long to arrive at the belt. That is unacceptable. 1/2 *TJW",@Delta Customer service was very pleasant ... they tried finding someone to get them an answer ....definitely unusual,"@158117 Hi, Debra! Thanks for sharing this. We appreciate your feedback!  *AFN",,,,,,,,,,,,,,,,,2025-09-26T21:59:21.827Z,job_20250926_204453,2
68d70cd0df49affd617f0555,910,68ce563252b33355379dfdd2,Complaint regarding Technical Support,Complaint,Technical Support,Negative,,178722,178720,178721,178723,,,,,,,,,,,,,,,,,158118,Delta,158118,Delta,,,,,,,,,,,,,,,,,Customer,Service Provider,Customer,Service Provider,,,,,,,,,,,,,,,,,true,false,true,false,,,,,,,,,,,,,,,,,Wed Oct 04 15:16:12 +0000 2017,Wed Oct 04 16:14:48 +0000 2017,Wed Oct 04 17:18:37 +0000 2017,Wed Oct 04 17:34:03 +0000 2017,,,,,,,,,,,,,,,,,"Whatever you do, do not Travel with @Delta I have just experienced the Most unhelpful and disrespectful person on the Phone! #Disgraceful","@158118 Hi, Adam, I regret to hear this, I'm so sorry. Is there something that I can assist you with? *TRR","@Delta Yes for the CEO to call me, Ive never felt so mad! I Will never fly with Delta again. You Can contact me via cell",@158118 ...assist you. *TRR 2/2,,,,,,,,,,,,,,,,,2025-09-26T21:59:44.271Z,job_20250926_204453,2
68d70cdfdf49affd617f0556,911,68ce563252b33355379dfdd3,Feedback regarding General,Feedback,General,Positive,,178726,178725,,,,,,,,,,,,,,,,,,,158119,Delta,,,,,,,,,,,,,,,,,,,Customer,Service Provider,,,,,,,,,,,,,,,,,,,true,false,,,,,,,,,,,,,,,,,,,Wed Oct 04 15:03:42 +0000 2017,Wed Oct 04 15:56:37 +0000 2017,,,,,,,,,,,,,,,,,,,"Best early morning flight to Seattle this morning. Thank you, @Delta, for the special treatment + kind service Can't wait to fly again.",@158119 Great to hear you enjoyed our service and the flight! Hope to see you again soon. Tweet us anytime! *TJM,,,,,,,,,,,,,,,,,,,2025-09-26T21:59:59.403Z,job_20250926_204453,2
68d70cefdf49affd617f0557,912,68ce563252b33355379dfdd4,Feedback regarding General,Feedback,General,Positive,,178728,178727,,,,,,,,,,,,,,,,,,,158120,Delta,,,,,,,,,,,,,,,,,,,Customer,Service Provider,,,,,,,,,,,,,,,,,,,true,false,,,,,,,,,,,,,,,,,,,Wed Oct 04 15:03:22 +0000 2017,Wed Oct 04 15:56:05 +0000 2017,,,,,,,,,,,,,,,,,,,Thank you DaniJ @Delta Gate C1 for getting me on the next flight out @158121 ! I knew you could do it b/c my daughter is @12384 too!,"@158120 Hi, Chris, so happy to hear we had your back today. We appreciate you and hope you have a great day! *TRR",,,,,,,,,,,,,,,,,,,2025-09-26T22:00:15.102Z,job_20250926_204453,2
68d70cfedf49affd617f0558,914,68ce563252b33355379dfdd6,Feedback regarding General,Feedback,General,Positive,,178732,178731,,,,,,,,,,,,,,,,,,,158123,Delta,,,,,,,,,,,,,,,,,,,Customer,Service Provider,,,,,,,,,,,,,,,,,,,true,false,,,,,,,,,,,,,,,,,,,Wed Oct 04 14:58:00 +0000 2017,Wed Oct 04 15:51:02 +0000 2017,,,,,,,,,,,,,,,,,,,@135156 - worst customer service ever. @Delta forever has by business! Top-tier customer service and understanding.,"@158123 Hi, Sarina, thank you so much for the kind words, we appreciate you so much. I hope you have a wonderful day. *TRR",,,,,,,,,,,,,,,,,,,2025-09-26T22:00:30.572Z,job_20250926_204453,2
68d70d0fdf49affd617f0559,919,68ce563252b33355379dfddb,Order Status regarding Travel/Transportation,Order Status,Travel/Transportation,Neutral,,178744,178743,,,,,,,,,,,,,,,,,,,158128,Delta,,,,,,,,,,,,,,,,,,,Customer,Service Provider,,,,,,,,,,,,,,,,,,,true,false,,,,,,,,,,,,,,,,,,,Wed Oct 04 14:34:23 +0000 2017,Wed Oct 04 15:29:06 +0000 2017,,,,,,,,,,,,,,,,,,,"@Delta Told diverted flight rescheduled 1010 today. Arrived early! 2 year old and carseat in tow, told we left early sorry!#DeltaAirlines",@158128 Oh no! I am so sorry. Have you been rebooked? How can I assist can you DM me your confirmation number? *TJM,,,,,,,,,,,,,,,,,,,2025-09-26T22:00:47.846Z,job_20250926_204453,2
68d70d33df49affd617f055a,920,68ce563252b33355379dfddc,Complaint regarding Technical Support,Complaint,Technical Support,Negative,,178760,178759,178758,178757,178747,178745,178746,178748,,,,,,,,,,,,,158129,Delta,158129,Delta,158129,Delta,158129,Delta,,,,,,,,,,,,,Customer,Service Provider,Customer,Service Provider,Customer,Service Provider,Customer,Service Provider,,,,,,,,,,,,,true,false,true,false,true,false,true,false,,,,,,,,,,,,,Sun Oct 01 18:10:31 +0000 2017,Sun Oct 01 19:46:29 +0000 2017,Mon Oct 02 14:41:12 +0000 2017,Mon Oct 02 16:52:14 +0000 2017,Wed Oct 04 14:27:47 +0000 2017,Wed Oct 04 15:27:40 +0000 2017,Thu Oct 05 08:02:57 +0000 2017,Thu Oct 05 08:21:19 +0000 2017,,,,,,,,,,,,,"Injured by a TV at 35,000 feet--when your @Delta flight goes massively wrong. #flying #Delta #flight https://t.co/gu9glklnqt",@158129 Oh my! Are you alright? What happened?  *TAC,"@Delta On top of the injury, haven't heard back from @delta","@158129 Hello, Rebecca. Sorry to hear. Was a report filed concerning this experience?  *ARD","@Delta .@delta still hasn't returned my call. After waiting at the gate I was told the flight crew was filing a report, but they had 24 hours. 👎🏻","@158129 Hi Rebecca, how may I assist you? I am so sorry no one has responded. *TJM","@Delta It would help if someone from @Delta called me back. If you somehow can't find a record of the accident, dm for my mobile.",@158129 Thanks for reaching out to Twitter for assistance.  *HCK,,,,,,,,,,,,,2025-09-26T22:01:23.486Z,job_20250926_204453,2
68d70d46df49affd617f055b,922,68ce563252b33355379dfdde,Technical Support regarding Product Info,Technical Support,Product Info,Neutral,,178770,178768,178769,178771,,,,,,,,,,,,,,,,,158131,Delta,158131,Delta,,,,,,,,,,,,,,,,,Customer,Service Provider,Customer,Service Provider,,,,,,,,,,,,,,,,,true,false,true,false,,,,,,,,,,,,,,,,,Wed Oct 04 15:16:12 +0000 2017,Wed Oct 04 15:20:16 +0000 2017,Wed Oct 04 15:20:41 +0000 2017,Wed Oct 04 15:30:58 +0000 2017,,,,,,,,,,,,,,,,,@Delta I'm an Executive Member of Sky Club. May I use a lounge at a domestic airport if I'm not flying Delta that day?,@158131 Hi John. Delta Sky Club Members can only use the Club in conjunction with same-day ticketed air travel.  *ALS,@Delta Rats. Thanks!,"@158131 On behalf of *ALS, you are very welcome. Have a wonderful day! *HDV",,,,,,,,,,,,,,,,,2025-09-26T22:01:42.260Z,job_20250926_204453,2
68d70d5cdf49affd617f055c,923,68ce563252b33355379dfddf,Feedback regarding General,Feedback,General,Positive,,178774,178772,178773,178775,,,,,,,,,,,,,,,,,158132,Delta,158132,Delta,,,,,,,,,,,,,,,,,Customer,Service Provider,Customer,Service Provider,,,,,,,,,,,,,,,,,true,false,true,false,,,,,,,,,,,,,,,,,Wed Oct 04 14:20:27 +0000 2017,Wed Oct 04 15:11:29 +0000 2017,Thu Oct 05 00:55:23 +0000 2017,Thu Oct 05 01:10:26 +0000 2017,,,,,,,,,,,,,,,,,shoutout to @delta cdg agent williams who deserves a raise for his kindness and extraordinary service in making sure i caught my flight!,@158132 Please provide your Delta confirmation number and I will pass this along to our Airport Leadership team.    *HML,"@Delta it's GWJ816, flight 405 from cdg. and the stewardess in red on the plane was delightful too and cracked jokes the whole time.",@158132 Thank you for sharing this. I will be sure to pass your compliment along.  *HDG,,,,,,,,,,,,,,,,,2025-09-26T22:02:04.209Z,job_20250926_204453,2
68d70d6ddf49affd617f055d,926,68ce563252b33355379dfde2,Order Status regarding Shipping/Delivery,Order Status,Shipping/Delivery,Neutral,,178788,178786,178787,178789,,,,,,,,,,,,,,,,,158135,Delta,158135,Delta,,,,,,,,,,,,,,,,,Customer,Service Provider,Customer,Service Provider,,,,,,,,,,,,,,,,,true,false,true,false,,,,,,,,,,,,,,,,,Wed Oct 04 14:05:16 +0000 2017,Wed Oct 04 14:40:25 +0000 2017,Wed Oct 04 14:54:04 +0000 2017,Wed Oct 04 15:05:16 +0000 2017,,,,,,,,,,,,,,,,,@Delta hi reached over DM for some support,"@158135 Hi Harry, thanks for contacting us today.  How may I assist you?  *HML",@Delta Regards to my flights yesterday,"@158135 I see there was a delay; however, it looks like your flight still arrived ahead of schedule.  *HML",,,,,,,,,,,,,,,,,2025-09-26T22:02:21.742Z,job_20250926_204453,2
68d70d7ddf49affd617f055e,927,68ce563252b33355379dfde3,Feedback regarding General,Feedback,General,Positive,,178792,178791,,,,,,,,,,,,,,,,,,,158136,Delta,,,,,,,,,,,,,,,,,,,Customer,Service Provider,,,,,,,,,,,,,,,,,,,true,false,,,,,,,,,,,,,,,,,,,Wed Oct 04 13:48:22 +0000 2017,Wed Oct 04 14:27:33 +0000 2017,,,,,,,,,,,,,,,,,,,Big Texas-sized thanks to @134211 @Delta gate agent Bruce Cochran for helping me snag a #standby seat on 2 flights(!) #giddyup #ona17,@158136 We love to hear about the awesome customer service our Gate Agents offer!    *HML,,,,,,,,,,,,,,,,,,,2025-09-26T22:02:37.274Z,job_20250926_204453,2
68d70d90df49affd617f055f,931,68ce563252b33355379dfde7,Technical Support regarding Travel,Technical Support,Travel,Negative,,178804,178803,,,,,,,,,,,,,,,,,,,158140,Delta,,,,,,,,,,,,,,,,,,,Customer,Service Provider,,,,,,,,,,,,,,,,,,,true,false,,,,,,,,,,,,,,,,,,,Wed Oct 04 13:34:54 +0000 2017,Wed Oct 04 14:13:22 +0000 2017,,,,,,,,,,,,,,,,,,,@Delta is there anything you can do for my husband? He's @ DTW and about to miss his mom's funeral in CMH bc one of your planes is messed up,"@158140 Hello, Hannah. Very sorry to hear. Pls follow/DM the confirm # for assistance.  *ARD",,,,,,,,,,,,,,,,,,,2025-09-26T22:02:56.177Z,job_20250926_204453,2
68d70d9edf49affd617f0560,935,68ce563252b33355379dfdeb,Complaint regarding Technical Support,Complaint,Technical Support,Negative,,178837,178836,,,,,,,,,,,,,,,,,,,158152,Delta,,,,,,,,,,,,,,,,,,,Customer,Service Provider,,,,,,,,,,,,,,,,,,,true,false,,,,,,,,,,,,,,,,,,,Wed Oct 04 13:28:46 +0000 2017,Wed Oct 04 13:50:23 +0000 2017,,,,,,,,,,,,,,,,,,,Was stuck in the airport for 3 days. @Delta cancelled my flight 4 times and didn't accommodate me. Terrible airline. @Delta,@158152 What is your confirmation number so I can look into this? Please follow/DM *ALS,,,,,,,,,,,,,,,,,,,2025-09-26T22:03:10.938Z,job_20250926_204453,2
68d70db2df49affd617f0561,938,68ce563252b33355379dfdee,Technical Support regarding General,Technical Support,General,Neutral,,178847,178846,178845,178844,,,,,,,,,,,,,,,,,158155,Delta,158155,Delta,,,,,,,,,,,,,,,,,Customer,Service Provider,Customer,Service Provider,,,,,,,,,,,,,,,,,true,false,true,false,,,,,,,,,,,,,,,,,Tue Oct 03 21:07:37 +0000 2017,Tue Oct 03 21:32:26 +0000 2017,Wed Oct 04 13:23:03 +0000 2017,Wed Oct 04 13:43:02 +0000 2017,,,,,,,,,,,,,,,,,@DELTA I left my iPad on flight 3541 from Harrisburg to Detroit; Seat 2A.  Any chance you could help me get that back?,"@158155 To assist us with our search, please complete the Lost Item report using this link:  https://t.co/PFXvMptCcO *HRS",@Delta Thank you! Done.,@158155 Great' thank you! *ALS,,,,,,,,,,,,,,,,,2025-09-26T22:03:30.553Z,job_20250926_204453,2
68d70dbfdf49affd617f0562,954,68ce563252b33355379dfdfe,Feedback regarding General,Feedback,General,Positive,,181367,181366,,,,,,,,,,,,,,,,,,,158598,Delta,,,,,,,,,,,,,,,,,,,Customer,Service Provider,,,,,,,,,,,,,,,,,,,true,false,,,,,,,,,,,,,,,,,,,Wed Oct 04 12:12:20 +0000 2017,Wed Oct 04 12:17:47 +0000 2017,,,,,,,,,,,,,,,,,,,Joni at @Delta worked her magic and made this happen! Great people in our country and city https://t.co/82kQGsA1pQ,@158598 Glad we could assist you Michael. *ALS,,,,,,,,,,,,,,,,,,,2025-09-26T22:03:43.470Z,job_20250926_204453,2
68d70dcbdf49affd617f0563,955,68ce563252b33355379dfdff,Other regarding General,Other,General,Positive,,181370,181369,,,,,,,,,,,,,,,,,,,158599,Delta,,,,,,,,,,,,,,,,,,,Customer,Service Provider,,,,,,,,,,,,,,,,,,,true,false,,,,,,,,,,,,,,,,,,,Wed Oct 04 12:10:04 +0000 2017,Wed Oct 04 12:10:36 +0000 2017,,,,,,,,,,,,,,,,,,,Whooop! There it is @Delta #keepclimbing 😊 https://t.co/HwZH5GrPJ3,@158599 Yeah!! Congratulations Jaded! *ALS,,,,,,,,,,,,,,,,,,,2025-09-26T22:03:55.866Z,job_20250926_204453,2
68d70de6df49affd617f0564,958,68ce563252b33355379dfe02,Complaint regarding Travel/Transportation,Complaint,Travel/Transportation,Negative,,181470,181469,181467,181466,181465,181464,,,,,,,,,,,,,,,158631,Delta,158631,Delta,158631,Delta,,,,,,,,,,,,,,,Customer,Service Provider,Customer,Service Provider,Customer,Service Provider,,,,,,,,,,,,,,,true,false,true,false,true,false,,,,,,,,,,,,,,,Wed Oct 04 10:28:27 +0000 2017,Wed Oct 04 10:38:18 +0000 2017,Wed Oct 04 11:01:59 +0000 2017,Wed Oct 04 11:13:18 +0000 2017,Wed Oct 04 11:50:17 +0000 2017,Wed Oct 04 11:55:51 +0000 2017,,,,,,,,,,,,,,,@delta #DeltaAirlines Left briefcase on plane. Told to fill out form. They’re NOT looking 4 it.,"@158631 James, sorry to hear about your briefcase! Can you DM your Lost &amp; Found Claim number? *HKM",@Delta I recd 2-1314238 &amp; 1314237,"@158631 Thanks. Also, can you send the flt # and date the case was left and a good phone contact for yourself for today? *HKM",@Delta Sept 28 2017,@158631 Thanks so much. I'll get this info over right away.  *HKM,,,,,,,,,,,,,,,2025-09-26T22:04:22.279Z,job_20250926_204453,2
68d70df5df49affd617f0565,959,68ce563252b33355379dfe03,Technical Support regarding Travel/Transportation,Technical Support,Travel/Transportation,Negative,,181472,181471,,,,,,,,,,,,,,,,,,,158632,Delta,,,,,,,,,,,,,,,,,,,Customer,Service Provider,,,,,,,,,,,,,,,,,,,true,false,,,,,,,,,,,,,,,,,,,Wed Oct 04 11:50:45 +0000 2017,Wed Oct 04 11:54:24 +0000 2017,,,,,,,,,,,,,,,,,,,"@Delta Your  pilot is a  No-show ?! Plane full of passengers and no captain ! Delays are tolerable, being unprofessional Not! #DL4102",@158632 Our records show you will be departing momentarily. My apology for any inconvenience. *ALS,,,,,,,,,,,,,,,,,,,2025-09-26T22:04:37.595Z,job_20250926_204453,2
68d70e03df49affd617f0566,962,68ce563252b33355379dfe06,Feedback regarding General,Feedback,General,Positive,,181497,181496,,,,,,,,,,,,,,,,,,,158641,Delta,,,,,,,,,,,,,,,,,,,Customer,Service Provider,,,,,,,,,,,,,,,,,,,true,false,,,,,,,,,,,,,,,,,,,Wed Oct 04 11:17:55 +0000 2017,Wed Oct 04 11:20:28 +0000 2017,,,,,,,,,,,,,,,,,,,Something about being on a @Delta flight just makes me so happy... :) https://t.co/piA3LkDzVG,@158641 Hi Austin! We are so happy to have you flying with Delta. Have a wonderful flight! *TJW,,,,,,,,,,,,,,,,,,,2025-09-26T22:04:51.427Z,job_20250926_204453,2
68d70e10df49affd617f0567,966,68ce563252b33355379dfe0a,Feedback regarding General,Feedback,General,Positive,,181513,181512,,,,,,,,,,,,,,,,,,,158646,Delta,,,,,,,,,,,,,,,,,,,Customer,Service Provider,,,,,,,,,,,,,,,,,,,true,false,,,,,,,,,,,,,,,,,,,Wed Oct 04 10:43:11 +0000 2017,Wed Oct 04 10:45:11 +0000 2017,,,,,,,,,,,,,,,,,,,Amazing from @Delta in DTW and Rachael Woo (sky club) who chased down a lost item for me!!! Customer service at its absolute finest!,@158646 Have a wonderful day! *AMR,,,,,,,,,,,,,,,,,,,2025-09-26T22:05:04.356Z,job_20250926_204453,2
68d70e26df49affd617f0568,967,68ce563252b33355379dfe0b,Technical Support regarding Travel/Booking,Technical Support,Travel/Booking,Neutral,,181517,181515,181516,181518,,,,,,,,,,,,,,,,,158647,Delta,158647,Delta,,,,,,,,,,,,,,,,,Customer,Service Provider,Customer,Service Provider,,,,,,,,,,,,,,,,,true,false,true,false,,,,,,,,,,,,,,,,,Wed Oct 04 10:41:46 +0000 2017,Wed Oct 04 10:43:24 +0000 2017,Fri Oct 06 17:29:27 +0000 2017,Fri Oct 06 19:17:03 +0000 2017,,,,,,,,,,,,,,,,,@Delta you have my ktn for precheck. Why don't you put it on my e-boarding pass?,"@158647 Hi, Stephanie. Please DM your confirmation # to the attached link so I may assist.  *ALY https://t.co/6iDGBJAc2m",@Delta Thanks but the gate agent was able to add it for return. Just annoying to go thru reg TSA instead. Happy Friday 🙂,@158647 Happy Friday to you Stephanie! *ACJ,,,,,,,,,,,,,,,,,2025-09-26T22:05:26.852Z,job_20250926_204453,2
68d70e41df49affd617f0569,969,68ce563252b33355379dfe0d,Order Status regarding Shipping/Delivery,Order Status,Shipping/Delivery,Negative,,181564,181563,181562,181561,181559,181558,,,,,,,,,,,,,,,158655,Delta,158655,Delta,158655,Delta,,,,,,,,,,,,,,,Customer,Service Provider,Customer,Service Provider,Customer,Service Provider,,,,,,,,,,,,,,,true,false,true,false,true,false,,,,,,,,,,,,,,,Wed Oct 04 10:08:40 +0000 2017,Wed Oct 04 10:10:00 +0000 2017,Wed Oct 04 10:10:47 +0000 2017,Wed Oct 04 10:14:48 +0000 2017,Wed Oct 04 10:16:40 +0000 2017,Wed Oct 04 10:24:21 +0000 2017,,,,,,,,,,,,,,,"@Delta my brother came to watch the eclipse but his suitcase never arrived in atlanta, what do we do","@158655 Hi, Claire. I'm sorry for this baggage delay. He  need to conact baggage sevice AND file a claim. *ALY",@Delta He was told that his suitcase never left Manchester but can't be traced,@158655 Please advice to file a claim at the Baggage Office. The office assist with tracking the luggage.  *AMR,@Delta How do we do that if he doesn't know where it is,"@158655 If you can DM that claim number, I will be happy to reach out to our Baggage Office.  *AMR",,,,,,,,,,,,,,,2025-09-26T22:05:53.250Z,job_20250926_204453,2
68d70e4fdf49affd617f056a,977,68ce563252b33355379dfe15,Technical Support regarding Travel,Technical Support,Travel,Neutral,,181718,181717,,,,,,,,,,,,,,,,,,,158696,Delta,,,,,,,,,,,,,,,,,,,Customer,Service Provider,,,,,,,,,,,,,,,,,,,true,false,,,,,,,,,,,,,,,,,,,Sat Nov 25 01:56:52 +0000 2017,Sat Nov 25 01:57:49 +0000 2017,,,,,,,,,,,,,,,,,,,@Delta I have a flight in ATL tomorrow that lands at the same time my connecting flight will start boarding. Should I be worried?,"@158696 Hello, Amanda. Pls follow/DM your confirmation or ticket number to take a look. *AFM",,,,,,,,,,,,,,,,,,,2025-09-26T22:06:07.128Z,job_20250926_204453,2
68d70e68df49affd617f056b,979,68ce563252b33355379dfe17,Feedback regarding General,Feedback,General,Positive,,181723,181721,181722,181724,,,,,,,,,,,,,,,,,158698,Delta,158698,Delta,,,,,,,,,,,,,,,,,Customer,Service Provider,Customer,Service Provider,,,,,,,,,,,,,,,,,true,false,true,false,,,,,,,,,,,,,,,,,Sat Nov 25 01:46:54 +0000 2017,Sat Nov 25 01:50:30 +0000 2017,Sat Nov 25 02:17:59 +0000 2017,Sat Nov 25 02:19:11 +0000 2017,,,,,,,,,,,,,,,,,@Delta is there a way to send a compliment for an employee at CRW? An employee went well above and beyond for us and I’d like to make sure the entire management staff knows it.,"@158698 Hi yes, you can share a compliment on https://t.co/yQj0bzerMw under the comment/complaint heading under the category for a compliment.  https://t.co/fPLXqv8KGq *TDH",@Delta I’d like to make sure the entire management of the staff meneber Who helped us can be looped in. Should I just put that on the comment?,@158698 That is correct.  *AFM,,,,,,,,,,,,,,,,,2025-09-26T22:06:32.833Z,job_20250926_204453,2
68d70e7cdf49affd617f056c,981,68ce563252b33355379dfe19,Product Inquiry regarding General,Product Inquiry,General,Neutral,,181742,181741,181740,181739,181738,181737,,,,,,,,,,,,,,,158704,Delta,158704,Delta,158704,Delta,,,,,,,,,,,,,,,Customer,Service Provider,Customer,Service Provider,Customer,Service Provider,,,,,,,,,,,,,,,true,false,true,false,true,false,,,,,,,,,,,,,,,Sat Nov 25 01:39:15 +0000 2017,Sat Nov 25 01:41:03 +0000 2017,Sat Nov 25 01:41:44 +0000 2017,Sat Nov 25 01:43:00 +0000 2017,Sat Nov 25 01:44:10 +0000 2017,Sat Nov 25 01:49:05 +0000 2017,,,,,,,,,,,,,,,They don't have Grenadine on @Delta  D: I wanted a Shirley Temple,"@158704 Oh no, that's a bummer. They are so yummy though... 😊 *AST",@Delta I'll have to bring some on next time!,@158704 Yikes! I'm sorry.  *AST,@Delta No it's not a problem!,"@158704 Phew, thanks for your understanding!  *AST",,,,,,,,,,,,,,,2025-09-26T22:06:52.478Z,job_20250926_204453,2
68d70e92df49affd617f056d,982,68ce563252b33355379dfe1a,Feedback regarding General,Feedback,General,Positive,,181747,181746,181745,181744,,,,,,,,,,,,,,,,,158705,Delta,158705,Delta,,,,,,,,,,,,,,,,,Customer,Service Provider,Customer,Service Provider,,,,,,,,,,,,,,,,,true,false,true,false,,,,,,,,,,,,,,,,,Sat Nov 25 01:37:03 +0000 2017,Sat Nov 25 01:43:03 +0000 2017,Sat Nov 25 01:46:26 +0000 2017,Sat Nov 25 01:48:09 +0000 2017,,,,,,,,,,,,,,,,,@Delta AWSOME flights both going to Florida and coming home! Beautiful view https://t.co/RxcECmgjzi,"@158705 Hello, Lorie. What a beautiful picture! Thank you for sharing and for choosing us.😊 *AFM",@Delta Your welcome. The flights from Little Rock to Atlanta then from Atlanta to Melbourne Fl and back were the best I've ever been on. Couldn't have been any more perfect.,@158705 Thanks Lorie! Happy to hear that you enjoyed traveling with us! Hope to see you again soon. *ACJ,,,,,,,,,,,,,,,,,2025-09-26T22:07:14.630Z,job_20250926_204453,2
68d70ea0df49affd617f056e,985,68ce563252b33355379dfe1d,Feedback regarding General,Feedback,General,Positive,,181759,181758,,,,,,,,,,,,,,,,,,,158708,Delta,,,,,,,,,,,,,,,,,,,Customer,Service Provider,,,,,,,,,,,,,,,,,,,true,false,,,,,,,,,,,,,,,,,,,Sat Nov 25 01:37:50 +0000 2017,Sat Nov 25 01:40:08 +0000 2017,,,,,,,,,,,,,,,,,,,Heading back home from a wonderful Thanksgiving! Thank you @Delta for wonderful service! https://t.co/NwUdpMN0Gh,"@158708 Thats awesome, love those smiles. Have a great weekend.😊 *TBT",,,,,,,,,,,,,,,,,,,2025-09-26T22:07:28.772Z,job_20250926_204453,2
68d70eb2df49affd617f056f,991,68ce563252b33355379dfe23,Product Inquiry regarding Account/Billing,Product Inquiry,Account/Billing,Neutral,,181782,181781,,,,,,,,,,,,,,,,,,,158714,Delta,,,,,,,,,,,,,,,,,,,Customer,Service Provider,,,,,,,,,,,,,,,,,,,true,false,,,,,,,,,,,,,,,,,,,Wed Oct 04 22:22:36 +0000 2017,Wed Oct 04 22:23:47 +0000 2017,,,,,,,,,,,,,,,,,,,"@Delta Been on hold for help over 20 minutes - no thank you Delta, Admired for WHAT?","@158714 Hi. What can I help with regarding your SkyMiles? Please DM, and I'll do my best to help.  *TMS https://t.co/6iDGBJAc2m",,,,,,,,,,,,,,,,,,,2025-09-26T22:07:46.458Z,job_20250926_204453,2
68d70ec9df49affd617f0570,1000,68ce563252b33355379dfe2c,Feedback regarding General,Feedback,General,Positive,,182486,182485,182484,182483,,,,,,,,,,,,,,,,,158914,Delta,158914,Delta,,,,,,,,,,,,,,,,,Customer,Service Provider,Customer,Service Provider,,,,,,,,,,,,,,,,,true,false,true,false,,,,,,,,,,,,,,,,,Wed Oct 04 21:49:35 +0000 2017,Wed Oct 04 21:51:15 +0000 2017,Wed Oct 04 21:52:20 +0000 2017,Wed Oct 04 21:54:15 +0000 2017,,,,,,,,,,,,,,,,,Hey @Delta your crew on the Monday 6:00 flight from GRR to MSP was amazing. They were patient and kind even with a long delay. https://t.co/CUjDkNajrH,@158914 Hi Kelly. Thank you so much for the shout out for our crew. Glad they brought positive to a negative situation. 😄 *TMS,@Delta Hard to complain when you get a row to yourself!,"@158914 Hi, Kelly. Glad you were able to stretch out and enjoy the flight. Have a great evening! *TJF",,,,,,,,,,,,,,,,,2025-09-26T22:08:09.215Z,job_20250926_204453,2
68d70eefdf49affd617f0571,682,68ce563252b33355379dfcee,Complaint regarding Travel/Vacation,Complaint,Travel/Vacation,Negative,,144544,144542,144543,144545,144546,,,,,,,,,,,,,,,,148691,Delta,148691,Delta,148691,,,,,,,,,,,,,,,,Customer,Service Provider,Customer,Service Provider,Customer,,,,,,,,,,,,,,,,true,false,true,false,true,,,,,,,,,,,,,,,,Fri Nov 24 13:35:05 +0000 2017,Fri Nov 24 13:38:38 +0000 2017,Fri Nov 24 13:50:03 +0000 2017,Fri Nov 24 13:51:01 +0000 2017,Fri Nov 24 13:54:20 +0000 2017,,,,,,,,,,,,,,,,Hi @Delta! My NYC-LON flight was delayed 3.5 hours due to your airline error (I have this signed and confirmed by delta rep at airport). Your airline has offered me compensation of $100 in travel vouchers. Does that sounds reasonable to you?,"@148691 Uri, can you please elaborate on this? I am not sure as to which day or flight you were flying on. Regarding the compensation, it is something that looks to be standard for a 3-4 hour delay. *TBW","@Delta It's funny you say that, because in previous conversations with Delta staff I was advised that $800 in cash (not travel vouchers) would be an appropriate amount to request for a delay of that length caused by airline error.",@148691 I'm sorry but that is not an offer that we are able to extend.  *TBW,"@Delta It's absolutely an offer that you're ABLE to extend -- perhaps you don't wish to, but you're certainly able. Is $100 in travel vouchers the maximum compensation you have ever offered any customer for a 3-4 hour delay caused by airline error?",,,,,,,,,,,,,,,,2025-09-26T22:08:47.608Z,job_20250926_204453,2
68d70f2ddf49affd617f0572,689,68ce563252b33355379dfcf5,Complaint regarding Technical Support,Complaint,Technical Support,Negative,,145668,145662,145660,145661,145663,145664,145665,145666,145667,,,,,,,,,,,,148691,148691,Delta,148691,148691,VirginAtlantic,148691,VirginAtlantic,148691,,,,,,,,,,,,Customer,Customer,Service Provider,Customer,Customer,Service Provider,Customer,Service Provider,Customer,,,,,,,,,,,,true,true,false,true,true,false,true,false,true,,,,,,,,,,,,Fri Nov 24 13:37:50 +0000 2017,Fri Nov 24 13:45:38 +0000 2017,Fri Nov 24 13:48:05 +0000 2017,Fri Nov 24 13:56:26 +0000 2017,Fri Nov 24 13:57:31 +0000 2017,Fri Nov 24 14:30:24 +0000 2017,Fri Nov 24 14:41:29 +0000 2017,Fri Nov 24 14:52:49 +0000 2017,Fri Nov 24 15:47:12 +0000 2017,,,,,,,,,,,,"Hi @VirginAtlantic! I booked a ticket with you NYC-LON because of your sterling reputation. A week before the flight, you involuntarily switched me to a @Delta flight which was then delayed 3.5 hours due to airline error (I have this signed and confirmed by Delta rep)","@VirginAtlantic @Delta I believe that if this had been a Virgin Atlantic flight, as I originally booked, I would have received above $700 in compensation under EC 261/2004. However, @Delta has offered me $100 in travel vouchers. Please could you speak with your airline partner about this?","@148691 As this flight had departed from the US, this flight does not qualify for EU compensation. I am terribly sorry for your delay. *TBW","@Delta I am aware that Delta is not *obliged* to offer EU compensation, since it is not an EU-based airline; my point is that I booked a @VirginAtlantic flight, and in the same situation Virgin would have compensated me appropriately, while @Delta has not","@Delta @VirginAtlantic @VirginAtlantic, you have an excellent reputation for flight timeliness and customer service. Are you happy with how your partner @Delta is dealing with this issue?","@148691 @Delta Hi Uri, I would recommend emailing __email__ about this and they will look into this further and get back to you within 14 days ^BM","@VirginAtlantic @Delta Sure, happy to email them. How do you feel about @Delta's handing of this issue though? Do you think it enhances or harms Virgin's standing with customers?",@148691 @Delta This would be something that Customer Relations would need to get back to you on Uri but I do understand your disappointment in the whole situation ^BM,"@VirginAtlantic @Delta Thanks BM, I have emailed Customer Relations, but would love to get your own view of the situation: how do you feel about Delta's handling of this issue? What would Virgin do if one of its flights was delayed by 3.5 hours on the airline's responsibility?",,,,,,,,,,,,2025-09-26T22:09:49.520Z,job_20250926_204453,2
68d70f3ddf49affd617f0573,693,68ce563252b33355379dfcf9,Complaint regarding Technical Support,Complaint,Technical Support,Negative,,147552,147551,147550,147549,,,,,,,,,,,,,,,,,149537,Delta,149537,Delta,,,,,,,,,,,,,,,,,Customer,Service Provider,Customer,Service Provider,,,,,,,,,,,,,,,,,true,false,true,false,,,,,,,,,,,,,,,,,Wed Nov 22 17:28:59 +0000 2017,Wed Nov 22 18:08:33 +0000 2017,Fri Nov 24 14:36:00 +0000 2017,Fri Nov 24 14:38:24 +0000 2017,,,,,,,,,,,,,,,,,@Delta my 56 min flight yesterday from RDU to Durham was likely my worst airline experience ever.,@149537 I'm sorry to hear that Deshawn.  *AMR,@Delta AMR?,@149537 AMR is our agent identifier. *TJP,,,,,,,,,,,,,,,,,2025-09-26T22:10:05.440Z,job_20250926_204453,2
68d70f50df49affd617f0574,702,68ce563252b33355379dfd02,Product Inquiry regarding Travel,Product Inquiry,Travel,Neutral,,149654,149653,,,,,,,,,,,,,,,,,,,150102,Delta,,,,,,,,,,,,,,,,,,,Customer,Service Provider,,,,,,,,,,,,,,,,,,,true,false,,,,,,,,,,,,,,,,,,,Fri Nov 24 14:54:56 +0000 2017,Fri Nov 24 14:56:24 +0000 2017,,,,,,,,,,,,,,,,,,,Hi @Delta what is the fee for changing to an earlier flight on the same day? Tia!,"@150102 Hi there, I'll be happy to take a look for you. Please DM your confirmation or ticket number. *TJP https://t.co/6iDGBJAc2m",,,,,,,,,,,,,,,,,,,2025-09-26T22:10:24.949Z,job_20250926_204453,2
68d70f62df49affd617f0575,705,68ce563252b33355379dfd05,Product Inquiry regarding Travel/Air Travel,Product Inquiry,Travel/Air Travel,Positive,,149714,149712,,,,,,,,,,,,,,,,,,,150123,150123,,,,,,,,,,,,,,,,,,,Customer,Customer,,,,,,,,,,,,,,,,,,,true,true,,,,,,,,,,,,,,,,,,,Fri Nov 24 14:15:10 +0000 2017,Fri Nov 24 14:21:25 +0000 2017,,,,,,,,,,,,,,,,,,,Last week I flew @Delta like a peasant and now I’m on a @JetBlue flight and I’m back to feeling like the KWEEN I am.,@Delta @JetBlue Reasons why JetBlue is the best airline:\n\n1) Free WiFi. I am tweeting this FROM THE SKY. This could honestly be the only reason. But it is not.,,,,,,,,,,,,,,,,,,,2025-09-26T22:10:42.200Z,job_20250926_204453,2
68d70f79df49affd617f0576,708,68ce563252b33355379dfd08,Order Status regarding Technical,Order Status,Technical,Neutral,,150814,150813,,,,,,,,,,,,,,,,,,,150406,Delta,,,,,,,,,,,,,,,,,,,Customer,Service Provider,,,,,,,,,,,,,,,,,,,true,false,,,,,,,,,,,,,,,,,,,Fri Nov 24 15:28:02 +0000 2017,Fri Nov 24 15:30:36 +0000 2017,,,,,,,,,,,,,,,,,,,"@Delta I’m on the same itinerary as my wife, and both the Delta website and iPhone app are refusing to let me check in. Her boarding pass is showing in the app. Mine should be “automatically” checked in now, correct?","@150406 Hi Chris, I apologize for the check in error.  Please DM your confirmation or ticket number, I'll be happy to take a look.  *TJP https://t.co/6iDGBJAc2m",,,,,,,,,,,,,,,,,,,2025-09-26T22:11:05.782Z,job_20250926_204453,2
68d70f8fdf49affd617f0577,709,68ce563252b33355379dfd09,Feedback regarding Travel,Feedback,Travel,Positive,,150816,150815,,,,,,,,,,,,,,,,,,,150407,Delta,,,,,,,,,,,,,,,,,,,Customer,Service Provider,,,,,,,,,,,,,,,,,,,true,false,,,,,,,,,,,,,,,,,,,Fri Nov 24 15:13:59 +0000 2017,Fri Nov 24 15:27:55 +0000 2017,,,,,,,,,,,,,,,,,,,It's a big world...time to see even more of it! Have a great weekend! #aruba #firsttime #beach #sun #sand #smilinvacationcam #deltaproud #737-900 @Delta @122828 https://t.co/gimc6kEDGm,"@150407 Enjoy Aruba, Mark! Thank you for flying with us! 😍 *HYC",,,,,,,,,,,,,,,,,,,2025-09-26T22:11:27.842Z,job_20250926_204453,2
68d70facdf49affd617f0578,713,68ce563252b33355379dfd0d,Complaint regarding Technical Support,Complaint,Technical Support,Negative,,152351,152350,,,,,,,,,,,,,,,,,,,150821,Delta,,,,,,,,,,,,,,,,,,,Customer,Service Provider,,,,,,,,,,,,,,,,,,,true,false,,,,,,,,,,,,,,,,,,,Fri Nov 24 16:07:11 +0000 2017,Fri Nov 24 16:13:32 +0000 2017,,,,,,,,,,,,,,,,,,,I have been waiting at the @Delta baggage drop in an unmoving line for 15 minutes. There are eight stations available and there is only ONE woman working the Sky Priority line. I’ve missed flights before bc of this.,"@150821 Hello, Hannah. Sorry to hear about your disappointment. We try our very best to attend all of our passengers as fast as we can. We recommend to all of our passengers to be at the airport at least 2 hours for domestic flights and 3 hours for international trips. Please... 1/2",,,,,,,,,,,,,,,,,,,2025-09-26T22:11:56.643Z,job_20250926_204453,2
68d70fc7df49affd617f0579,714,68ce563252b33355379dfd0e,Technical Support regarding Travel/Flight,Technical Support,Travel/Flight,Negative,,152355,152353,152354,,,,,,,,,,,,,,,,,,150822,Delta,150822,,,,,,,,,,,,,,,,,,Customer,Service Provider,Customer,,,,,,,,,,,,,,,,,,true,false,true,,,,,,,,,,,,,,,,,,Fri Nov 24 16:06:18 +0000 2017,Fri Nov 24 16:11:18 +0000 2017,Fri Nov 24 16:13:57 +0000 2017,,,,,,,,,,,,,,,,,,"@Delta I’m on flight 5557 HPN to Atlanta. I’m on the upgrade list but not upgraded - there are THREE seats open in the first class cabin. Why wasn’t I (or anyone) upgraded to those seats? I asked the flight attendants, they told me to contact Delta.","@150822 Hi, Tony. Please DM your confirmation code, so I may be of assistance. Thanks. *TMA",@Delta HT4K68,,,,,,,,,,,,,,,,,,2025-09-26T22:12:23.762Z,job_20250926_204453,2
68d70fd8df49affd617f057a,718,68ce563252b33355379dfd12,Feedback regarding General,Feedback,General,Positive,,152365,152364,,,,,,,,,,,,,,,,,,,150826,Delta,,,,,,,,,,,,,,,,,,,Customer,Service Provider,,,,,,,,,,,,,,,,,,,true,false,,,,,,,,,,,,,,,,,,,Fri Nov 24 15:39:45 +0000 2017,Fri Nov 24 15:49:06 +0000 2017,,,,,,,,,,,,,,,,,,,"Impeccable service on @Delta, round trip. It's making me rethink my executive platinum status on a competing airline! #waytogo",@150826 Hello Christine! We look forward to serving you on your next Delta flight. Thank you for choosing Delta.  *HKS,,,,,,,,,,,,,,,,,,,2025-09-26T22:12:40.245Z,job_20250926_204453,2
68d70feadf49affd617f057b,721,68ce563252b33355379dfd15,Product Inquiry regarding Travel/Flight,Product Inquiry,Travel/Flight,Neutral,,153946,153944,153945,153947,,,,,,,,,,,,,,,,,151253,Delta,151253,Delta,,,,,,,,,,,,,,,,,Customer,Service Provider,Customer,Service Provider,,,,,,,,,,,,,,,,,true,false,true,false,,,,,,,,,,,,,,,,,Fri Nov 24 16:31:06 +0000 2017,Fri Nov 24 16:33:37 +0000 2017,Fri Nov 24 16:36:23 +0000 2017,Fri Nov 24 16:58:12 +0000 2017,,,,,,,,,,,,,,,,,The only negative experience we’ve had on this trip with @Delta has been our lap infant ticketing - he keeps disappearing from our reservation! En route to our 12:15 from ORD and customer service hold times are insane. Help?,"@151253 Hello Sara, please forward your confirmation#. *AMS",@Delta Sent DM,@151253 Please forward his name and DOB. *AMS,,,,,,,,,,,,,,,,,2025-09-26T22:12:58.448Z,job_20250926_204453,2
68d70ffddf49affd617f057c,726,68ce563252b33355379dfd1a,Feedback regarding General,Feedback,General,Positive,,153963,153961,153962,153964,,,,,,,,,,,,,,,,,149543,Delta,149543,Delta,,,,,,,,,,,,,,,,,Customer,Service Provider,Customer,Service Provider,,,,,,,,,,,,,,,,,true,false,true,false,,,,,,,,,,,,,,,,,Fri Nov 24 16:12:21 +0000 2017,Fri Nov 24 16:17:54 +0000 2017,Fri Nov 24 17:24:12 +0000 2017,Fri Nov 24 17:25:41 +0000 2017,,,,,,,,,,,,,,,,,Who knew we could finish 4 bottles of champagne before leaving the gate? At least @Delta also stocks prosecco!,"@149543 Glad to hear that we are serving you well, Jon. Thank you for flying Delta! 😊✈ *AOS",@Delta Karen on DL531 ATL-CUN is awesome,@149543 Thank you for recognizing Karen's awesome customer service.  *HKS,,,,,,,,,,,,,,,,,2025-09-26T22:13:17.263Z,job_20250926_204453,2
68d71013df49affd617f057d,729,68ce563252b33355379dfd1d,Order Status regarding Travel,Order Status,Travel,Negative,,154199,154200,,,,,,,,,,,,,,,,,,,151319,Delta,,,,,,,,,,,,,,,,,,,Customer,Service Provider,,,,,,,,,,,,,,,,,,,true,false,,,,,,,,,,,,,,,,,,,Fri Nov 24 16:39:16 +0000 2017,Fri Nov 24 16:48:26 +0000 2017,,,,,,,,,,,,,,,,,,,I don’t know what possessed me to book this flight with @Delta. I should have stuck with my first love @SouthwestAir where fees don’t exist 😩,@151319 @SouthwestAir Sorry to hear about your disappointment. We will need to contact you over the phone to be able to quote the flight change for you. What would be the best phone number where you can be reached at this time? *AOS,,,,,,,,,,,,,,,,,,,2025-09-26T22:13:39.192Z,job_20250926_204453,2
68d71022df49affd617f057e,730,68ce563252b33355379dfd1e,Order Status regarding Shipping/Delivery,Order Status,Shipping/Delivery,Negative,,155424,155423,,,,,,,,,,,,,,,,,,,151656,Delta,,,,,,,,,,,,,,,,,,,Customer,Service Provider,,,,,,,,,,,,,,,,,,,true,false,,,,,,,,,,,,,,,,,,,Fri Nov 24 17:02:41 +0000 2017,Fri Nov 24 17:12:48 +0000 2017,,,,,,,,,,,,,,,,,,,@Delta come on get it together flt 064 is delayed because Delta can not get the inbound international flight cleared. #deltaneedstogetittogether,"@151656 Michael, I am sorry for this delay. We are working to have your flight out soon.  *TBW",,,,,,,,,,,,,,,,,,,2025-09-26T22:13:54.602Z,job_20250926_204453,2
68d71036df49affd617f057f,734,68ce563252b33355379dfd22,Complaint regarding Technical Support,Complaint,Technical Support,Negative,,155445,155444,155443,,,,,,,,,,,,,,,,,,151659,151659,Delta,,,,,,,,,,,,,,,,,,Customer,Customer,Service Provider,,,,,,,,,,,,,,,,,,true,true,false,,,,,,,,,,,,,,,,,,Mon Aug 14 22:19:42 +0000 2017,Fri Nov 24 16:49:56 +0000 2017,Fri Nov 24 16:59:09 +0000 2017,,,,,,,,,,,,,,,,,,@Delta disgraceful that you change a flight from round trip to layover  should be 1.5 hour trip home from thanksgiving will be 6 #norespect,@Delta @delta starting an 8 hour trip home because you changed a direct flight to a connection!! Hopefully no delays.  #lostadaywithfamily,"@151659 Ellen, I am sorry for the schedule change. I hope that you have a smooth transition home and no delays as well! *TBW",,,,,,,,,,,,,,,,,,2025-09-26T22:14:14.709Z,job_20250926_204453,2
68d7104bdf49affd617f0580,736,68ce563252b33355379dfd24,Product Inquiry regarding Account,Product Inquiry,Account,Neutral,,155453,155452,155451,155450,,,,,,,,,,,,,,,,,151661,Delta,151661,Delta,,,,,,,,,,,,,,,,,Customer,Service Provider,Customer,Service Provider,,,,,,,,,,,,,,,,,true,false,true,false,,,,,,,,,,,,,,,,,Fri Nov 24 16:42:23 +0000 2017,Fri Nov 24 16:43:38 +0000 2017,Fri Nov 24 16:44:56 +0000 2017,Fri Nov 24 16:53:35 +0000 2017,,,,,,,,,,,,,,,,,@delta I've registered for my SkyMiles in the UK but since then moved to the US. Is there a way to make my account a US acount to qualify for MQDs?,"@151661 Hi Jakub, you can create a new account online at https://t.co/lVlOjYwO0A. *AMS",@Delta Can you then transfer my miles to the new account?,@151661 We can then merge the accounts. *AMS,,,,,,,,,,,,,,,,,2025-09-26T22:14:35.599Z,job_20250926_204453,2
68d7105edf49affd617f0581,745,68ce563252b33355379dfd2d,Product Inquiry regarding Travel,Product Inquiry,Travel,Neutral,,157095,157093,157094,157096,,,,,,,,,,,,,,,,,152083,Delta,152083,Delta,,,,,,,,,,,,,,,,,Customer,Service Provider,Customer,Service Provider,,,,,,,,,,,,,,,,,true,false,true,false,,,,,,,,,,,,,,,,,Fri Nov 24 17:36:21 +0000 2017,Fri Nov 24 17:39:49 +0000 2017,Fri Nov 24 17:44:40 +0000 2017,Fri Nov 24 17:45:25 +0000 2017,,,,,,,,,,,,,,,,,Are there Black Friday deals on flights? @Delta need a couple please.,@152083 Our current fare deals can be found here: https://t.co/EjHlCgMMVl *TJE,@Delta Thanks,@152083 You are very welcome! *TJP,,,,,,,,,,,,,,,,,2025-09-26T22:14:54.239Z,job_20250926_204453,2
68d7106bdf49affd617f0582,763,68ce563252b33355379dfd3f,Feedback regarding Account/Billing,Feedback,Account/Billing,Positive,,160630,160629,,,,,,,,,,,,,,,,,,,153015,Delta,,,,,,,,,,,,,,,,,,,Customer,Service Provider,,,,,,,,,,,,,,,,,,,true,false,,,,,,,,,,,,,,,,,,,Fri Nov 24 18:28:30 +0000 2017,Fri Nov 24 18:36:45 +0000 2017,,,,,,,,,,,,,,,,,,,@Delta #DeltaMedallion #DiamondMedallion #MillionMiler\n\n:-) https://t.co/kDQLJFsLpv,@153015 Congratulations Matthew! Thank you for your loyalty.  *HKS,,,,,,,,,,,,,,,,,,,2025-09-26T22:15:07.668Z,job_20250926_204453,2
68d7107bdf49affd617f0583,767,68ce563252b33355379dfd43,Product Availability regarding Product Info,Product Availability,Product Info,Positive,,160643,160642,,,,,,,,,,,,,,,,,,,153020,Delta,,,,,,,,,,,,,,,,,,,Customer,Service Provider,,,,,,,,,,,,,,,,,,,true,false,,,,,,,,,,,,,,,,,,,Fri Nov 24 17:52:35 +0000 2017,Fri Nov 24 18:19:50 +0000 2017,,,,,,,,,,,,,,,,,,,Those @Delta cookies are Flames 🔥. Where can I cop a pack of those? https://t.co/kcTTtCoIH1,"@153020 Hey Devon, we're happy you enjoyed. Grocery stores ""Kroger"" and "" Publix"" have them for sale. 😄 *AJY",,,,,,,,,,,,,,,,,,,2025-09-26T22:15:23.867Z,job_20250926_204453,2
68d71089df49affd617f0584,771,68ce563252b33355379dfd47,Feedback regarding General,Feedback,General,Positive,,162312,162311,,,,,,,,,,,,,,,,,,,153479,Delta,,,,,,,,,,,,,,,,,,,Customer,Service Provider,,,,,,,,,,,,,,,,,,,true,false,,,,,,,,,,,,,,,,,,,Fri Nov 24 18:17:53 +0000 2017,Fri Nov 24 19:07:18 +0000 2017,,,,,,,,,,,,,,,,,,,Thanks @Delta for showing me the world....and bringing me back home to @153480,@153479 You're welcome Corey! Thank you for choosing Delta.  *HKS,,,,,,,,,,,,,,,,,,,2025-09-26T22:15:37.665Z,job_20250926_204453,2
68d71096df49affd617f0585,774,68ce563252b33355379dfd4a,Other regarding General,Other,General,Positive,,162318,162317,,,,,,,,,,,,,,,,,,,153483,Delta,,,,,,,,,,,,,,,,,,,Customer,Service Provider,,,,,,,,,,,,,,,,,,,true,false,,,,,,,,,,,,,,,,,,,Fri Nov 24 18:11:36 +0000 2017,Fri Nov 24 19:00:58 +0000 2017,,,,,,,,,,,,,,,,,,,@Delta  Even turkeys love flying comfort+! #comfortplus #Delta #Thanksgiving #funny https://t.co/ifXaEO539Z,@153483 They do! *AFC,,,,,,,,,,,,,,,,,,,2025-09-26T22:15:50.412Z,job_20250926_204453,2
68d710a5df49affd617f0586,778,68ce563252b33355379dfd4e,Feedback regarding General,Feedback,General,Positive,,163816,163815,,,,,,,,,,,,,,,,,,,153908,Delta,,,,,,,,,,,,,,,,,,,Customer,Service Provider,,,,,,,,,,,,,,,,,,,true,false,,,,,,,,,,,,,,,,,,,Fri Nov 24 19:09:38 +0000 2017,Fri Nov 24 19:42:45 +0000 2017,,,,,,,,,,,,,,,,,,,"Happy Holidays tall brothers and sisters! As we travel this holiday season, let’s fight for fair and common sense treatment of tall passengers on airplanes! #EndTheTallTax @116450 @Delta @SouthwestAir @JetBlue",@153908 Thank you for choosing Delta!  *AFC,,,,,,,,,,,,,,,,,,,2025-09-26T22:16:05.237Z,job_20250926_204453,2
68d710c2df49affd617f0587,780,68ce563252b33355379dfd50,Technical Support regarding Warranty,Technical Support,Warranty,Neutral,,163822,163821,,,,,,,,,,,,,,,,,,,153910,Delta,,,,,,,,,,,,,,,,,,,Customer,Service Provider,,,,,,,,,,,,,,,,,,,true,false,,,,,,,,,,,,,,,,,,,Fri Nov 24 18:49:47 +0000 2017,Fri Nov 24 19:27:28 +0000 2017,,,,,,,,,,,,,,,,,,,"@delta to reach the next medallion level, do MQDs count for 2017 even if the 1st leg is in 2017 and the return in 2018? We are missing $300 in MQDs for silver and have a $500 ticket with departure 11/29/17, return 1/6/18. Our MQMs requirements are satisfied","@153910 All legs of your trip will need to be done flown no later than December 31, 2017, for those MQM's and MQ's to count for the next calendar year, Jacques.  *AOS",,,,,,,,,,,,,,,,,,,2025-09-26T22:16:34.361Z,job_20250926_204453,2
68d710cfdf49affd617f0588,785,68ce563252b33355379dfd55,Technical Support regarding Travel/Transportation,Technical Support,Travel/Transportation,Negative,,163992,,,,,,,,,,,,,,,,,,,,153957,,,,,,,,,,,,,,,,,,,,Customer,,,,,,,,,,,,,,,,,,,,true,,,,,,,,,,,,,,,,,,,,Fri Nov 24 19:36:10 +0000 2017,,,,,,,,,,,,,,,,,,,,"Just like last time, @SouthwestAir’s app glitched and gave me a horrible boarding position. Maybe I should fly @Delta next time. 🤬",,,,,,,,,,,,,,,,,,,,2025-09-26T22:16:47.046Z,job_20250926_204453,2
68d710e0df49affd617f0589,792,68ce563252b33355379dfd5c,Product Inquiry regarding Travel/Flight,Product Inquiry,Travel/Flight,Neutral,,165190,165189,165188,165187,,,,,,,,,,,,,,,,,154294,Delta,154294,Delta,,,,,,,,,,,,,,,,,Customer,Service Provider,Customer,Service Provider,,,,,,,,,,,,,,,,,true,false,true,false,,,,,,,,,,,,,,,,,Fri Nov 24 19:12:06 +0000 2017,Fri Nov 24 19:47:22 +0000 2017,Fri Nov 24 19:49:06 +0000 2017,Fri Nov 24 19:54:54 +0000 2017,,,,,,,,,,,,,,,,,"@delta Hi, I have a flight on Monday can I buy wifi in advance and use it that day?  And is that good for only one device?",@154294 Hi. Yes you may do so via our website. Yes it may only be used in one device.  *AST,@Delta Thanks!,@154294 Anytime!  *AST,,,,,,,,,,,,,,,,,2025-09-26T22:17:04.910Z,job_20250926_204453,2
68d710f0df49affd617f058a,793,68ce563252b33355379dfd5d,Technical Support regarding Travel/Flight,Technical Support,Travel/Flight,Negative,,165192,165191,,,,,,,,,,,,,,,,,,,154295,Delta,,,,,,,,,,,,,,,,,,,Customer,Service Provider,,,,,,,,,,,,,,,,,,,true,false,,,,,,,,,,,,,,,,,,,Fri Nov 24 19:29:40 +0000 2017,Fri Nov 24 19:53:12 +0000 2017,,,,,,,,,,,,,,,,,,,@delta shame - moved our seats to the back of the plane and no ability to upgrade to business… https://t.co/CCTw3V0061,@154295 Hi. Thanks for the mention. Would you like me to take a second look at your reservation.  *AST,,,,,,,,,,,,,,,,,,,2025-09-26T22:17:20.287Z,job_20250926_204453,2
68d71100df49affd617f058b,802,68ce563252b33355379dfd66,Account/Billing regarding Credit/Finances,Account/Billing,Credit/Finances,Neutral,,166778,166775,166776,,,,,,,,,,,,,,,,,,154749,Delta,154749,,,,,,,,,,,,,,,,,,Customer,Service Provider,Customer,,,,,,,,,,,,,,,,,,true,false,true,,,,,,,,,,,,,,,,,,Fri Nov 24 20:22:40 +0000 2017,Fri Nov 24 20:38:47 +0000 2017,Fri Nov 24 23:03:06 +0000 2017,,,,,,,,,,,,,,,,,,@Delta just got approved for a skymiles card. How do I get temporary credit to use instantly?,@154749 Please contact American Express Customer Service.  *AFC,@Delta @116988 I need help with my temporary instant credit on a card I was just approved for.,,,,,,,,,,,,,,,,,,2025-09-26T22:17:36.534Z,job_20250926_204453,2
68d71110df49affd617f058c,808,68ce563252b33355379dfd6c,Feedback regarding General,Feedback,General,Positive,,166802,166801,,,,,,,,,,,,,,,,,,,154754,Delta,,,,,,,,,,,,,,,,,,,Customer,Service Provider,,,,,,,,,,,,,,,,,,,true,false,,,,,,,,,,,,,,,,,,,Fri Nov 24 20:07:13 +0000 2017,Fri Nov 24 20:24:26 +0000 2017,,,,,,,,,,,,,,,,,,,Thank you for the smoothest holiday travel! Major kudos to @Delta @126260 @122828 #goldmedallion #thanksgiving #friendsAndFamily,"@154754 Thanks for the kudos, Jana! We'll be sure to share your kind words of praise w/our People. Thanks for choosing Delta! *AOS",,,,,,,,,,,,,,,,,,,2025-09-26T22:17:52.419Z,job_20250926_204453,2
68d7111edf49affd617f058d,816,68ce563252b33355379dfd74,Feedback regarding General,Feedback,General,Positive,,166820,166819,,,,,,,,,,,,,,,,,,,154761,Delta,,,,,,,,,,,,,,,,,,,Customer,Service Provider,,,,,,,,,,,,,,,,,,,true,false,,,,,,,,,,,,,,,,,,,Fri Nov 24 19:57:35 +0000 2017,Fri Nov 24 20:17:12 +0000 2017,,,,,,,,,,,,,,,,,,,i just had to talk on the phone to a stranger @Delta to book a flight and it was ACTUALLY VERY PLEASANT.,@154761 I'm glad the agent could assist with booking your ticket! We look forward to having you on board! *HSL,,,,,,,,,,,,,,,,,,,2025-09-26T22:18:06.819Z,job_20250926_204453,2
68d7115fdf49affd617f058e,821,68ce563252b33355379dfd79,Technical Support regarding Warranty,Technical Support,Warranty,Negative,,168244,168242,168243,168245,168247,168248,168249,168250,168251,168252,,,,,,,,,,,155146,Delta,155146,Delta,155146,Delta,155146,Delta,155146,Delta,,,,,,,,,,,Customer,Service Provider,Customer,Service Provider,Customer,Service Provider,Customer,Service Provider,Customer,Service Provider,,,,,,,,,,,true,false,true,false,true,false,true,false,true,false,,,,,,,,,,,Fri Nov 24 20:46:13 +0000 2017,Fri Nov 24 20:54:14 +0000 2017,Fri Nov 24 21:30:30 +0000 2017,Fri Nov 24 21:35:45 +0000 2017,Fri Nov 24 21:50:26 +0000 2017,Fri Nov 24 22:31:40 +0000 2017,Fri Nov 24 22:54:24 +0000 2017,Fri Nov 24 22:56:23 +0000 2017,Fri Nov 24 23:35:12 +0000 2017,Fri Nov 24 23:38:24 +0000 2017,,,,,,,,,,,Saddens me that @Delta Skymiles are literally worth NOTHING anymore. Way to depreciate their value @Delta,@155146 Oh no sorry to hear about your disappointment with our SkyMiles program. Please let us know if there is anything that we can do to assist you? *AOS,"@Delta Yes there is, please update on why the drastic change in worth/value of skymiles? 12k-25k just a month or so ago could get you a one-way to the west coast, now upward of 40k is required.",@155146 ...when tickets are purchased with time ahead since they are based on the availability of the flights. *AOS 2/2,"@Delta I see and that all makes sense, but this is a flight in January 2018 and June 2018. Pretty similar. Drastic difference in skymiles value of recent. https://t.co/ZmFgzZ4lr1","@155146 January is a hectic month. If you change the search starting on February 7th, you will see that you can get the fare for this route for as low as 15k miles. Again is all based on the availability and the market price fare.  *AOS","@Delta Again, one of the photos is a June 2018 date. Seldom do I see any in that range for any of the first 6 months of 2018.",@155146 I see that we have a low price for February for this particular route. I'm genuinely sorry that we do not have this lowe fare your desired travel dates.  *AOS,"@Delta I have no specific travel date, stating in general that you all depreciated the value of skymiles. Again, there are VERY FEW dates for the fist 6 months of 2018 that fall in the range you all just mentioned.","@155146 Our SkyMiles value has not depreciated at all. In fact, you can find award SkyMiles fares for the route that you provided for as lows as 15k miles in February and March for instance.  *AOS",,,,,,,,,,,2025-09-26T22:19:11.495Z,job_20250926_204453,2
68d71170df49affd617f058f,826,68ce563252b33355379dfd7e,Feedback regarding General,Feedback,General,Positive,,168263,168262,,,,,,,,,,,,,,,,,,,155150,Delta,,,,,,,,,,,,,,,,,,,Customer,Service Provider,,,,,,,,,,,,,,,,,,,true,false,,,,,,,,,,,,,,,,,,,Fri Nov 24 20:38:58 +0000 2017,Fri Nov 24 20:45:53 +0000 2017,,,,,,,,,,,,,,,,,,,After an eventful ten days of the best #roadtrip ever I’m very happy to be heading back to #slc. What makes is better? A fantastic flight crew and finding our @Delta has free imessages inflight. #perks #homewardbound,@155150 Hi Lindsey! Thank you for the kudos.  *HKS,,,,,,,,,,,,,,,,,,,2025-09-26T22:19:28.466Z,job_20250926_204453,2
68d71183df49affd617f0590,827,68ce563252b33355379dfd7f,Other regarding General,Other,General,Positive,,169766,169765,,,,,,,,,,,,,,,,,,,155543,Delta,,,,,,,,,,,,,,,,,,,Customer,Service Provider,,,,,,,,,,,,,,,,,,,true,false,,,,,,,,,,,,,,,,,,,Fri Nov 24 21:39:59 +0000 2017,Fri Nov 24 21:43:04 +0000 2017,,,,,,,,,,,,,,,,,,,Only @9704 can turn our @Delta flight to @9705 into a “man-cave”- #MizzouvsAk football #UNCvsAk basketball. https://t.co/rtTsYVwRdN,@155543 Enjoy! 🏈🏀🏈🏀🏈🏀🏈🏀🏈🏀🏈🏀🏈🏀 😉,,,,,,,,,,,,,,,,,,,2025-09-26T22:19:47.495Z,job_20250926_204453,2
68d711a1df49affd617f0591,834,68ce563252b33355379dfd86,Technical Support regarding Travel/Transportation,Technical Support,Travel/Transportation,Negative,,169790,169788,169787,169786,169785,169784,,,,,,,,,,,,,,,116469,Delta,116469,Delta,116469,Delta,,,,,,,,,,,,,,,Customer,Service Provider,Customer,Service Provider,Customer,Service Provider,,,,,,,,,,,,,,,true,false,true,false,true,false,,,,,,,,,,,,,,,Fri Nov 24 21:07:28 +0000 2017,Fri Nov 24 21:15:22 +0000 2017,Fri Nov 24 21:18:05 +0000 2017,Fri Nov 24 21:22:44 +0000 2017,Fri Nov 24 21:24:52 +0000 2017,Fri Nov 24 21:26:37 +0000 2017,,,,,,,,,,,,,,,"Ughhhhh....another pair of 🕶 donated to @delta. Maybe they can be friends with the other sunglasses and the kindle, iPod and Beats headphones I’ve also left there over the years. Filled out a report, but...... 😢😢","@116469 That is not good to hear, Kelli. We will make every effort to locate the item asap.  *AOS",@Delta seat 15F emergency row. Purple Oakley.,"@116469 Have you filed the Lost &amp; Found form yet, Kelli?  *AOS",@Delta yes https://t.co/NGRc7IYrt4,"@116469 Perfect! Once our Team has any updates on your case, they will be in touch right away with you, Kelli.  *AOS",,,,,,,,,,,,,,,2025-09-26T22:20:17.659Z,job_20250926_204453,2
68d711aedf49affd617f0592,836,68ce563252b33355379dfd88,Feedback regarding General,Feedback,General,Positive,,169795,169794,,,,,,,,,,,,,,,,,,,152086,Delta,,,,,,,,,,,,,,,,,,,Customer,Service Provider,,,,,,,,,,,,,,,,,,,true,false,,,,,,,,,,,,,,,,,,,Fri Nov 24 21:17:49 +0000 2017,Fri Nov 24 21:20:49 +0000 2017,,,,,,,,,,,,,,,,,,,"Safe, on time, #customerservice oriented, #keepclimbing, @Delta","@152086 Hey Christopher, thanks for the shout out! Our goal is to definitely keep climbing! 😄 *AJY",,,,,,,,,,,,,,,,,,,2025-09-26T22:20:30.997Z,job_20250926_204453,2
68d711d7df49affd617f0593,837,68ce563252b33355379dfd89,Complaint regarding Technical Support,Complaint,Technical Support,Negative,,169799,169796,169797,169800,169801,169803,169804,,,,,,,,,,,,,,155551,Delta,155551,Delta,155551,Delta,155551,,,,,,,,,,,,,,Customer,Service Provider,Customer,Service Provider,Customer,Service Provider,Customer,,,,,,,,,,,,,,true,false,true,false,true,false,true,,,,,,,,,,,,,,Fri Nov 24 21:13:48 +0000 2017,Fri Nov 24 21:20:20 +0000 2017,Fri Nov 24 21:26:21 +0000 2017,Fri Nov 24 21:44:17 +0000 2017,Fri Nov 24 21:55:45 +0000 2017,Fri Nov 24 22:02:00 +0000 2017,Fri Nov 24 22:08:01 +0000 2017,,,,,,,,,,,,,,"Swore I’d never fly @delta again. Damn you, Expedia! Delta’s back at it, being dickbags and providing zero customer service (slash punishing you for booking thru an agent)",@155551 Hi. Thanks for reaching out via this channel. Please advise if any assistance is needed via this channel.  *AST,@Delta Y’all even gave my Platinum miles dad a hard time about it 🤣😂🤣 I cant even with you people,"@155551 If you'd like me to take a second look for you, please feel free to DM your confirmation with me.   *AST https://t.co/6iDGBJAc2m","@Delta Too late now though, I’ll be wasting away in airports for 9+ hours tonight 🤘🏼💀",@155551 Understood. Thanks for reaching out and for flying with us. Tweet us if you need us.  *AST,"@Delta I think y’all gave us a $20 credit when you screwed up and left my man stranded in an airport for 3 days. All airlines suck these days (except @JetBlue &amp; @116961), but y’all set the bar pretty high for the standard of mediocrity.",,,,,,,,,,,,,,2025-09-26T22:21:11.493Z,job_20250926_204453,2
68d711e9df49affd617f0594,841,68ce563252b33355379dfd8d,Feedback regarding General,Feedback,General,Positive,,171229,171228,,,,,,,,,,,,,,,,,,,155955,Delta,,,,,,,,,,,,,,,,,,,Customer,Service Provider,,,,,,,,,,,,,,,,,,,true,false,,,,,,,,,,,,,,,,,,,Fri Nov 24 21:58:54 +0000 2017,Fri Nov 24 22:10:04 +0000 2017,,,,,,,,,,,,,,,,,,,@Delta just arrived into MIA on DL 1923. Great flight Eddie and other FA in 1st class cabin were excellent!!,"@155955 Hi, Emily. This is so awesome to hear. I'd like to share your compliment with them. Are you able to DM me your confirmation number?  *AST https://t.co/6iDGBJAc2m",,,,,,,,,,,,,,,,,,,2025-09-26T22:21:29.363Z,job_20250926_204453,2
68d711f6df49affd617f0595,842,68ce563252b33355379dfd8e,Feedback regarding General,Feedback,General,Positive,,171231,171230,,,,,,,,,,,,,,,,,,,155956,Delta,,,,,,,,,,,,,,,,,,,Customer,Service Provider,,,,,,,,,,,,,,,,,,,true,false,,,,,,,,,,,,,,,,,,,Fri Nov 24 22:07:33 +0000 2017,Fri Nov 24 22:09:58 +0000 2017,,,,,,,,,,,,,,,,,,,Shout out to @Delta for being so wonderful and understanding and helping me change my flight to see my mother for Christmas❤️,@155956 You are very welcome. Enjoy the holidays. ✈ *AMC,,,,,,,,,,,,,,,,,,,2025-09-26T22:21:42.042Z,job_20250926_204453,2
68d71208df49affd617f0596,843,68ce563252b33355379dfd8f,Product Inquiry regarding Technical,Product Inquiry,Technical,Neutral,,171233,171232,,,,,,,,,,,,,,,,,,,155957,Delta,,,,,,,,,,,,,,,,,,,Customer,Service Provider,,,,,,,,,,,,,,,,,,,true,false,,,,,,,,,,,,,,,,,,,Fri Nov 24 22:02:55 +0000 2017,Fri Nov 24 22:08:42 +0000 2017,,,,,,,,,,,,,,,,,,,"Okay, @Delta we were having good experiences but how the hell is my flight not eligible for a mobile boarding pass? No one under the age of 60 should be using paper.","@155957 Hello, Jasmyn. There are a couple of reasons why you may not receive a mobile pass. Please DM your confirmation number, here, for a review. Thanks!  *TSL https://t.co/6iDGBJAc2m",,,,,,,,,,,,,,,,,,,2025-09-26T22:22:00.635Z,job_20250926_204453,2
68d71224df49affd617f0597,850,68ce563252b33355379dfd96,Feedback regarding General,Feedback,General,Positive,,171255,171254,171253,171252,,,,,,,,,,,,,,,,,155966,Delta,155966,Delta,,,,,,,,,,,,,,,,,Customer,Service Provider,Customer,Service Provider,,,,,,,,,,,,,,,,,true,false,true,false,,,,,,,,,,,,,,,,,Fri Nov 24 21:42:28 +0000 2017,Fri Nov 24 21:52:01 +0000 2017,Fri Nov 24 21:58:15 +0000 2017,Fri Nov 24 21:59:38 +0000 2017,,,,,,,,,,,,,,,,,"Hey @Delta, a major shout-out to LGA Customer Service Agent Chandra K. in Terminal C! She went above and beyond to help my mom out yesterday after a looong Thanksgiving travel saga. 💫💯💯💫","@155966 Hey Danielle, I'm happy to know we're exceeding our expectations. We will be sure to notify Chandra's Leadership team of the excellent job she's doing! 😄 *AJY",@Delta  https://t.co/5bLROWqMin,@155966 Our pleasure! 😉 *AJY,,,,,,,,,,,,,,,,,2025-09-26T22:22:28.873Z,job_20250926_204453,2
68d71235df49affd617f0598,854,68ce563252b33355379dfd9a,Product Inquiry regarding Inflight Entertainment,Product Inquiry,Inflight Entertainment,Neutral,,171266,171264,171265,,,,,,,,,,,,,,,,,,155971,Delta,155971,,,,,,,,,,,,,,,,,,Customer,Service Provider,Customer,,,,,,,,,,,,,,,,,,true,false,true,,,,,,,,,,,,,,,,,,Fri Nov 24 21:40:38 +0000 2017,Fri Nov 24 21:53:29 +0000 2017,Fri Nov 24 21:55:38 +0000 2017,,,,,,,,,,,,,,,,,,@DELTA so going from east coast to west coast...only row with no TV's is 15????,"@155971 Tim, please reach out to the Inflight Crew to see if they can reset the entertainment system on board. *ACJ","@Delta No I have no TV in my row at all.,,can't reset anything",,,,,,,,,,,,,,,,,,2025-09-26T22:22:45.501Z,job_20250926_204453,2
68d71270df49affd617f0599,855,68ce563252b33355379dfd9b,Technical Support regarding Travel/Flight,Technical Support,Travel/Flight,Neutral,,171269,171267,171268,171270,171271,171272,171273,171274,171275,171276,,,,,,,,,,,155972,Delta,155972,Delta,155972,Delta,155972,Delta,155972,Delta,,,,,,,,,,,Customer,Service Provider,Customer,Service Provider,Customer,Service Provider,Customer,Service Provider,Customer,Service Provider,,,,,,,,,,,true,false,true,false,true,false,true,false,true,false,,,,,,,,,,,Fri Nov 24 21:42:54 +0000 2017,Fri Nov 24 21:49:04 +0000 2017,Sat Nov 25 16:12:02 +0000 2017,Sat Nov 25 16:24:30 +0000 2017,Sat Nov 25 16:26:27 +0000 2017,Sat Nov 25 16:31:26 +0000 2017,Sun Nov 26 21:51:25 +0000 2017,Sun Nov 26 22:42:41 +0000 2017,Sun Nov 26 22:55:33 +0000 2017,Sun Nov 26 23:05:04 +0000 2017,,,,,,,,,,,"@Delta as a platinum medallion flying SEA-&gt;CDG on a DL-operated but AF-marketed flight, can I clear for medallion complimentary comfort + upgrades, or does it has to be DL-marketed as well?","@155972 I may be able to assign a Comfort+ seat here, if you can send the confirmation to this link. *HWG https://t.co/6iDGBJAc2m","@Delta I'm not booked yet, I am trying to understand the 100s $ difference between the same flights when AF-marketed or DL-marketed, and the difference it makes re: some of the perks.","@155972 Hi Edouardo, thanks for following up with us. The flights are marketed separately. Comfort + is now a fare and is priced based on the individual carriers fare structure. *HKC",@Delta Yep - but PM still get complimentary access to it on international flights. Main question is whether the complimentary access also works with AF-marketed but DL-operated flights.,"@155972 Yes, but you won't begin to clear until 72 hrs prior to departure for Air France marketed and operated flights.  *HKC",@Delta which still doesn't give me an answer for AF-marketed but DL-operated... :(,@155972 I am sorry for the misunderstanding. If you are on Delta metal you would clear in the same manner as you would on a Delta mainline flight. *HKC,"@Delta thanks ! :) so, is there really any drawback in booking the itinerary with AF instead of DL, given that the DL ones are more expensive? looks like same perks and maybe even more MQMs/Miles...",@155972 You're welcome! Not as long as the flight is operated by DL. *HKC,,,,,,,,,,,2025-09-26T22:23:44.067Z,job_20250926_204453,2
68d71282df49affd617f059a,858,68ce563252b33355379dfd9e,Technical Support regarding Travel/Flight,Technical Support,Travel/Flight,Neutral,,171283,171282,,,,,,,,,,,,,,,,,,,155975,Delta,,,,,,,,,,,,,,,,,,,Customer,Service Provider,,,,,,,,,,,,,,,,,,,true,false,,,,,,,,,,,,,,,,,,,Fri Nov 24 21:28:49 +0000 2017,Fri Nov 24 21:44:21 +0000 2017,,,,,,,,,,,,,,,,,,,@Delta I left my iPhone on the plane. What is the best way to get it back? It was DL295 yesterday. Landed at Narita,"@155975 Hello. I'm sorry to hear you left your iPhone onboard the aircraft. Pls, take the time to fill out our lost and found form via this link https://t.co/PFXvMptCcO.  *HYC",,,,,,,,,,,,,,,,,,,2025-09-26T22:24:02.439Z,job_20250926_204453,2
68d71291df49affd617f059b,861,68ce563252b33355379dfda1,Order Status regarding Shipping/Delivery,Order Status,Shipping/Delivery,Negative,,172572,172571,,,,,,,,,,,,,,,,,,,156334,Delta,,,,,,,,,,,,,,,,,,,Customer,Service Provider,,,,,,,,,,,,,,,,,,,true,false,,,,,,,,,,,,,,,,,,,Fri Nov 24 22:00:03 +0000 2017,Fri Nov 24 22:32:17 +0000 2017,,,,,,,,,,,,,,,,,,,@Delta personnel forgot the cargo nets. Already an hour late for departure and now we are told it’s going to take “a while longer.” What????,@156334 Hello Bobby! I apologize for the delay. I know they are frustrating. # HangInThere *HKS,,,,,,,,,,,,,,,,,,,2025-09-26T22:24:17.751Z,job_20250926_204453,2
68d7129edf49affd617f059c,864,68ce563252b33355379dfda4,Other regarding General,Other,General,Neutral,,172580,172579,,,,,,,,,,,,,,,,,,,156337,Delta,,,,,,,,,,,,,,,,,,,Customer,Service Provider,,,,,,,,,,,,,,,,,,,true,false,,,,,,,,,,,,,,,,,,,Fri Nov 24 22:24:30 +0000 2017,Fri Nov 24 22:26:35 +0000 2017,,,,,,,,,,,,,,,,,,,I really wish @Delta flew into San Luis Obispo.,@156337 Thanks for the suggestion. I will forward this on to our leadership to see what we can do! *TBW,,,,,,,,,,,,,,,,,,,2025-09-26T22:24:30.525Z,job_20250926_204453,2
68d712afdf49affd617f059d,866,68ce563252b33355379dfda6,Complaint regarding Technical Support,Complaint,Technical Support,Negative,,173260,,,,,,,,,,,,,,,,,,,,156543,,,,,,,,,,,,,,,,,,,,Customer,,,,,,,,,,,,,,,,,,,,true,,,,,,,,,,,,,,,,,,,,Fri Nov 24 22:07:18 +0000 2017,,,,,,,,,,,,,,,,,,,,@JetBlue we need to talk... all for being “courteous” and taking one for the team by allowing you guys to check my bag... @Delta did a better job! Here is a before and after of my flight today. #disappointed #mynewbag 😔 https://t.co/PTzWZiUFPs,,,,,,,,,,,,,,,,,,,,2025-09-26T22:24:47.320Z,job_20250926_204453,2
68d712bcdf49affd617f059e,869,68ce563252b33355379dfda9,Feedback regarding General,Feedback,General,Positive,,173679,173678,,,,,,,,,,,,,,,,,,,156333,Delta,,,,,,,,,,,,,,,,,,,Customer,Service Provider,,,,,,,,,,,,,,,,,,,true,false,,,,,,,,,,,,,,,,,,,Fri Nov 24 22:56:40 +0000 2017,Fri Nov 24 22:57:22 +0000 2017,,,,,,,,,,,,,,,,,,,Big praise to @Delta JFK gate agents Andy and Akieva Ter-4/B24.  Unfortunate seat mix up THEY MADE RIGHT. Great employees and understanding!,@156333 Thanks again for sharing.  *HKS,,,,,,,,,,,,,,,,,,,2025-09-26T22:25:00.223Z,job_20250926_204453,2
68d712cbdf49affd617f059f,870,68ce563252b33355379dfdaa,Complaint regarding Travel,Complaint,Travel,Negative,,173681,173680,,,,,,,,,,,,,,,,,,,156663,Delta,,,,,,,,,,,,,,,,,,,Customer,Service Provider,,,,,,,,,,,,,,,,,,,true,false,,,,,,,,,,,,,,,,,,,Fri Nov 24 22:54:55 +0000 2017,Fri Nov 24 22:55:44 +0000 2017,,,,,,,,,,,,,,,,,,,@delta it’s holiday travel and you messed it up.  Why???,"@156663 I am sorry to hear that, Jimmy. Pls follow/DM your confirmation or ticket number. *AFM https://t.co/6iDGBJAc2m",,,,,,,,,,,,,,,,,,,2025-09-26T22:25:15.118Z,job_20250926_204453,2
68d712dbdf49affd617f05a0,871,68ce563252b33355379dfdab,Feedback regarding General,Feedback,General,Positive,,173686,173685,,,,,,,,,,,,,,,,,,,156333,Delta,,,,,,,,,,,,,,,,,,,Customer,Service Provider,,,,,,,,,,,,,,,,,,,true,false,,,,,,,,,,,,,,,,,,,Fri Nov 24 22:51:59 +0000 2017,Fri Nov 24 22:53:34 +0000 2017,,,,,,,,,,,,,,,,,,,.@Delta airlines did the right the right thing!!! Andy and Akieva at JFK did THE RIGHT THING!!  Took care of my issue at the gate!!,@156333 Thank you for sharing. I'm glad to hear Andy and Akieva at JFK were able to solve our issue.  *HKS,,,,,,,,,,,,,,,,,,,2025-09-26T22:25:31.625Z,job_20250926_204453,2
68d712e7df49affd617f05a1,872,68ce563252b33355379dfdac,Technical Support regarding Travel/Transportation,Technical Support,Travel/Transportation,Neutral,,173688,173687,,,,,,,,,,,,,,,,,,,156661,Delta,,,,,,,,,,,,,,,,,,,Customer,Service Provider,,,,,,,,,,,,,,,,,,,true,false,,,,,,,,,,,,,,,,,,,Fri Nov 24 22:52:09 +0000 2017,Fri Nov 24 22:52:42 +0000 2017,,,,,,,,,,,,,,,,,,,@Delta  can you help with questions on a flight change?,@156661 How may I help you today? *TDH,,,,,,,,,,,,,,,,,,,2025-09-26T22:25:43.438Z,job_20250926_204453,2
68d712f7df49affd617f05a2,873,68ce563252b33355379dfdad,Account/Billing regarding Technical Support,Account/Billing,Technical Support,Neutral,,173690,173689,,,,,,,,,,,,,,,,,,,156665,Delta,,,,,,,,,,,,,,,,,,,Customer,Service Provider,,,,,,,,,,,,,,,,,,,true,false,,,,,,,,,,,,,,,,,,,Fri Nov 24 22:45:58 +0000 2017,Fri Nov 24 22:52:09 +0000 2017,,,,,,,,,,,,,,,,,,,@Delta any way to reverse transfer of sky miles?,"@156665 You will need to speak to a Supervisor over the phone to complete this transaction. Twitter. Please dial 1-800-221-1212 Domestic Reservation, they will gladly assist you. *AFC",,,,,,,,,,,,,,,,,,,2025-09-26T22:25:59.167Z,job_20250926_204453,2
68d71306df49affd617f05a3,874,68ce563252b33355379dfdae,Feedback regarding General,Feedback,General,Positive,,173697,173696,,,,,,,,,,,,,,,,,,,156668,Delta,,,,,,,,,,,,,,,,,,,Customer,Service Provider,,,,,,,,,,,,,,,,,,,true,false,,,,,,,,,,,,,,,,,,,Fri Nov 24 22:50:08 +0000 2017,Fri Nov 24 22:51:02 +0000 2017,,,,,,,,,,,,,,,,,,,"Family time was great for #Thanksgiving, but I’m ready to fly back home2Austin.Thank you @Delta for the 1st Class Upgrade! #ProudMedallion 🛫",@156668 Hello Nolan! I'm glad you enjoyed your Thanksgiving. Thank you for choosing Delta.  *HKS,,,,,,,,,,,,,,,,,,,2025-09-26T22:26:14.605Z,job_20250926_204453,2
68d71329df49affd617f05a4,876,68ce563252b33355379dfdb0,Complaint regarding Customer Service,Complaint,Customer Service,Negative,,174690,174688,174687,174685,174684,174683,174682,174681,,,,,,,,,,,,,156965,Delta,156965,Delta,156965,Delta,156965,Delta,,,,,,,,,,,,,Customer,Service Provider,Customer,Service Provider,Customer,Service Provider,Customer,Service Provider,,,,,,,,,,,,,true,false,true,false,true,false,true,false,,,,,,,,,,,,,Wed Nov 22 02:13:05 +0000 2017,Wed Nov 22 02:14:05 +0000 2017,Wed Nov 22 02:14:44 +0000 2017,Wed Nov 22 02:19:03 +0000 2017,Wed Nov 22 02:20:16 +0000 2017,Wed Nov 22 02:28:17 +0000 2017,Fri Nov 24 23:33:30 +0000 2017,Fri Nov 24 23:36:42 +0000 2017,,,,,,,,,,,,,@Delta Passenger fell at gateway with a baby in her arms. Nobody helped or checked to see if she or the baby were OK. DL 2866,@156965 Oh no! I sure hope she and her baby are alright! I will forward this onto our leadership so that they can look into this. *TBW,@Delta Thank you. Passengers Vanessa and Kaleesi Molina.,"@156965 That flight number is not coming up as a valid Delta flight. Can you double check the flight number, please? Or if you can give me the city pairs, that would help a lot. Thank you. *TAC",@Delta Seattle to Austin,"@156965 Thank you, Rebecca. I will forward this to leadership for review.  *TAC",@Delta Any update?,"@156965 Hi Rebecca, please DM me your confirmation number if you need help with a reservation. Thank you.  *TMB https://t.co/6iDGBJAc2m",,,,,,,,,,,,,2025-09-26T22:26:49.626Z,job_20250926_204453,2
68d71342df49affd617f05a5,882,68ce563252b33355379dfdb6,Order Status regarding Orders,Order Status,Orders,Neutral,,175526,175525,175523,175521,175519,175520,175522,,,,,,,,,,,,,,157229,Delta,Delta,157229,Delta,157230,157231,,,,,,,,,,,,,,Customer,Service Provider,Service Provider,Customer,Service Provider,Customer,Customer,,,,,,,,,,,,,,true,false,false,true,false,true,true,,,,,,,,,,,,,,Sat Nov 25 00:00:31 +0000 2017,Sat Nov 25 00:01:42 +0000 2017,Sat Nov 25 00:02:52 +0000 2017,Sat Nov 25 00:04:26 +0000 2017,Sat Nov 25 00:07:31 +0000 2017,Sat Nov 25 00:08:31 +0000 2017,Sat Nov 25 00:12:03 +0000 2017,,,,,,,,,,,,,,knock knock @Delta,"@157229 Hello, Jack.  *AFM",@157229 How can I assist you today? *AFM,@Delta i didn’t make it on my flight in time is there any way i can get another one in the next couple hours??,@157229 I am sorry to hear that. Pls follow/DM your confirmation or ticket number. *AFM https://t.co/6iDGBJAc2m,@Delta @157229 dming,@157230 @Delta @157229 as am i https://t.co/vBJCBL8VNb,,,,,,,,,,,,,,2025-09-26T22:27:14.180Z,job_20250926_204453,2
68d71356df49affd617f05a6,883,68ce563252b33355379dfdb7,Feedback regarding General,Feedback,General,Positive,,175532,175531,175530,175529,175528,175527,,,,,,,,,,,,,,,157232,Delta,157232,Delta,157232,Delta,,,,,,,,,,,,,,,Customer,Service Provider,Customer,Service Provider,Customer,Service Provider,,,,,,,,,,,,,,,true,false,true,false,true,false,,,,,,,,,,,,,,,Fri Nov 24 23:59:14 +0000 2017,Fri Nov 24 23:59:58 +0000 2017,Sat Nov 25 00:00:37 +0000 2017,Sat Nov 25 00:02:25 +0000 2017,Sat Nov 25 00:02:40 +0000 2017,Sat Nov 25 00:03:48 +0000 2017,,,,,,,,,,,,,,,Hey @Delta I have a question :c,"@157232 Hey Ethan, how can I help? *TBT",@Delta I was wondering if I could have a follow :c. I love you guys please :)?,@157232 How's that? Tweet us if you need us. Have a great week. *TBT,@Delta OMG THANKS AHA :),"@157232 You're welcome, have a great week. 😊 *TBT",,,,,,,,,,,,,,,2025-09-26T22:27:34.456Z,job_20250926_204453,2
68d71369df49affd617f05a7,885,68ce563252b33355379dfdb9,Other regarding General,Other,General,Neutral,,175540,175539,175538,175537,175536,175535,,,,,,,,,,,,,,,157234,Delta,157234,Delta,157234,Delta,,,,,,,,,,,,,,,Customer,Service Provider,Customer,Service Provider,Customer,Service Provider,,,,,,,,,,,,,,,true,false,true,false,true,false,,,,,,,,,,,,,,,Fri Nov 24 23:54:10 +0000 2017,Fri Nov 24 23:54:39 +0000 2017,Fri Nov 24 23:55:07 +0000 2017,Fri Nov 24 23:56:53 +0000 2017,Fri Nov 24 23:57:20 +0000 2017,Sat Nov 25 00:00:15 +0000 2017,,,,,,,,,,,,,,,Hey @Delta I have a question,"@157234 Hello, there. How can I help you? *AFM https://t.co/6iDGBJAc2m",@Delta Do you dab on the haters,@157234 Do you have an existing reservation with us? *AFM,@Delta No sorry,"@157234 Thank you for choosing Delta. Hopefully, we can welcome you on board sometime soon! *AFM",,,,,,,,,,,,,,,2025-09-26T22:27:53.000Z,job_20250926_204453,2
68d71371df49affd617f05a8,890,68ce563252b33355379dfdbe, regarding ,,,,,175552,175550,175551,,,,,,,,,,,,,,,,,,157238,Delta,157238,,,,,,,,,,,,,,,,,,Customer,Service Provider,Customer,,,,,,,,,,,,,,,,,,true,false,true,,,,,,,,,,,,,,,,,,Fri Nov 24 23:54:28 +0000 2017,Fri Nov 24 23:56:19 +0000 2017,Fri Nov 24 23:56:42 +0000 2017,,,,,,,,,,,,,,,,,,hey @Delta,"@157238 Hey James, do you need any help? *TBT",@Delta do you guys wanna edate :],,,,,,,,,,,,,,,,,,2025-09-26T22:28:01.759Z,job_20250926_204453,2
68d7138adf49affd617f05a9,897,68ce563252b33355379dfdc5,Complaint regarding Technical Support,Complaint,Technical Support,Negative,,176577,176575,176576,,,,,,,,,,,,,,,,,,157546,Delta,157546,,,,,,,,,,,,,,,,,,Customer,Service Provider,Customer,,,,,,,,,,,,,,,,,,true,false,true,,,,,,,,,,,,,,,,,,Sat Nov 25 00:35:16 +0000 2017,Sat Nov 25 00:35:54 +0000 2017,Sat Nov 25 00:50:57 +0000 2017,,,,,,,,,,,,,,,,,,Things that are miserable: flying in the third trimester. Things that make it worse: flying over a holiday weekend with a child screaming and kicking your seat non-stop for two hours paired with @delta's lack of leg room #literalhell,@157546 We appreciate your constructive feedback and are taking it under serious advisement. Thank you for helping us to be better. *AFC,"@Delta If you were taking it under serious advisement, your flight crew would have addressed an unruly and disruptive passenger whose guardians were not doing anything to try to mitigate it. I've seen them take action for less.",,,,,,,,,,,,,,,,,,2025-09-26T22:28:26.051Z,job_20250926_204453,2
68d71398df49affd617f05aa,916,68ce563252b33355379dfdd8,Feedback regarding General,Feedback,General,Positive,,178736,178735,,,,,,,,,,,,,,,,,,,158125,Delta,,,,,,,,,,,,,,,,,,,Customer,Service Provider,,,,,,,,,,,,,,,,,,,true,false,,,,,,,,,,,,,,,,,,,Wed Oct 04 14:48:08 +0000 2017,Wed Oct 04 15:36:08 +0000 2017,,,,,,,,,,,,,,,,,,,Another reason to love @Delta - the only airline we use for domestic flights. https://t.co/lkJemIZF4O,"@158125 Hi, Celeste, thank you for the kudos. We're happy to be your preferred ride in the sky. *TRR",,,,,,,,,,,,,,,,,,,2025-09-26T22:28:40.463Z,job_20250926_204453,2
68d713a5df49affd617f05ab,925,68ce563252b33355379dfde1,Technical Support regarding Travel,Technical Support,Travel,Neutral,,178781,178780,,,,,,,,,,,,,,,,,,,158134,Delta,,,,,,,,,,,,,,,,,,,Customer,Service Provider,,,,,,,,,,,,,,,,,,,true,false,,,,,,,,,,,,,,,,,,,Wed Oct 04 14:07:13 +0000 2017,Wed Oct 04 14:41:09 +0000 2017,,,,,,,,,,,,,,,,,,,@Delta with engine issues on flight DL1616 my connection in Atlanta is looking hairy. Any suggestions on getting to Boston?,"@158134 Hi James, thanks for contacting us.   *HML",,,,,,,,,,,,,,,,,,,2025-09-26T22:28:53.524Z,job_20250926_204453,2
68d713b1df49affd617f05ac,928,68ce563252b33355379dfde4,Other regarding General,Other,General,Neutral,,178796,178795,,,,,,,,,,,,,,,,,,,158137,Delta,,,,,,,,,,,,,,,,,,,Customer,Service Provider,,,,,,,,,,,,,,,,,,,true,false,,,,,,,,,,,,,,,,,,,Wed Oct 04 14:15:59 +0000 2017,Wed Oct 04 14:17:48 +0000 2017,,,,,,,,,,,,,,,,,,,On my way to @10124 conference on @Delta,@158137 @10124 Have a great trip Maria! Thanks so much for flying with us. *HKM,,,,,,,,,,,,,,,,,,,2025-09-26T22:29:05.121Z,job_20250926_204453,2
68d713c1df49affd617f05ad,929,68ce563252b33355379dfde5,Feedback regarding General,Feedback,General,Positive,,178798,178797,,,,,,,,,,,,,,,,,,,158138,Delta,,,,,,,,,,,,,,,,,,,Customer,Service Provider,,,,,,,,,,,,,,,,,,,true,false,,,,,,,,,,,,,,,,,,,Wed Oct 04 13:34:20 +0000 2017,Wed Oct 04 14:17:38 +0000 2017,,,,,,,,,,,,,,,,,,,"Dear @delta gate agent, thx for guarding the men's room door so my disabled girl friend could manage w/women's out of order. #humankind",@158138 Thank you for taking the time to share your travel experience.  We look forward to you flying with us again soon.   *HML,,,,,,,,,,,,,,,,,,,2025-09-26T22:29:21.153Z,job_20250926_204453,2
68d713d1df49affd617f05ae,932,68ce563252b33355379dfde8,Feedback regarding General,Feedback,General,Positive,,178806,178805,,,,,,,,,,,,,,,,,,,158141,Delta,,,,,,,,,,,,,,,,,,,Customer,Service Provider,,,,,,,,,,,,,,,,,,,true,false,,,,,,,,,,,,,,,,,,,Wed Oct 04 14:02:35 +0000 2017,Wed Oct 04 14:12:03 +0000 2017,,,,,,,,,,,,,,,,,,,"TY .@Delta for the comfy, padded aisle chairs for ppl who need assistance boarding. It makes for a better experience for wheelers.",@158141 Thank you for traveling with us Carmen. I'm sure it was a pleasure to have you onboard our flight. *ALS,,,,,,,,,,,,,,,,,,,2025-09-26T22:29:37.843Z,job_20250926_204453,2
68d713dddf49affd617f05af,939,68ce563252b33355379dfdef,Other regarding General,Other,General,Neutral,,178849,178848,,,,,,,,,,,,,,,,,,,158156,Delta,,,,,,,,,,,,,,,,,,,Customer,Service Provider,,,,,,,,,,,,,,,,,,,true,false,,,,,,,,,,,,,,,,,,,Wed Oct 04 13:39:11 +0000 2017,Wed Oct 04 13:40:24 +0000 2017,,,,,,,,,,,,,,,,,,,@Delta I thought military was valued 🙄,@158156 Hi Maddy. What's going on? Pls follow/DM details. *HKM,,,,,,,,,,,,,,,,,,,2025-09-26T22:29:49.797Z,job_20250926_204453,2
68d713eadf49affd617f05b0,940,68ce563252b33355379dfdf0,Product Inquiry regarding Travel,Product Inquiry,Travel,Neutral,,178855,178854,,,,,,,,,,,,,,,,,,,158158,Delta,,,,,,,,,,,,,,,,,,,Customer,Service Provider,,,,,,,,,,,,,,,,,,,true,false,,,,,,,,,,,,,,,,,,,Wed Oct 04 13:09:43 +0000 2017,Wed Oct 04 13:29:36 +0000 2017,,,,,,,,,,,,,,,,,,,"@delta Do I have to complete travel by the expiration date of a companion voucher, or just start my trip? Thanks!",@158158 All flights have to be completed before the expiration date. *ALS,,,,,,,,,,,,,,,,,,,2025-09-26T22:30:02.617Z,job_20250926_204453,2
68d71404df49affd617f05b1,943,68ce563252b33355379dfdf3,Return/Refund regarding Returns,Return/Refund,Returns,Negative,,180422,180421,180420,180419,,,,,,,,,,,,,,,,,158429,Delta,158429,Delta,,,,,,,,,,,,,,,,,Customer,Service Provider,Customer,Service Provider,,,,,,,,,,,,,,,,,true,false,true,false,,,,,,,,,,,,,,,,,Sat Sep 23 12:24:25 +0000 2017,Sat Sep 23 12:38:12 +0000 2017,Wed Oct 04 14:18:35 +0000 2017,Wed Oct 04 15:01:04 +0000 2017,,,,,,,,,,,,,,,,,"Checked my bag on @delta with a pocket full of @12756, pick it up at bag claim wet and with the bag open and all of my bars gone. #crappy",@158429 Hi Olivia. I sincerely apologize about what has happened. Please submit the receipt for your larabars and we will look to refund you.   *TAS,@Delta I have been traveling for 11 days out of the country. I don't have my receipt for a box of Lara bars. Thanks for the concern I guess.,"@158429 Hello. Sorry to hear. On behalf of TAS, you're welcome.  *ARD",,,,,,,,,,,,,,,,,2025-09-26T22:30:28.195Z,job_20250926_204453,2
68d7141edf49affd617f05b2,944,68ce563252b33355379dfdf4,Complaint regarding Travel,Complaint,Travel,Negative,,180461,180460,180459,180458,180457,180456,,,,,,,,,,,,,,,158436,Delta,158436,Delta,158436,Delta,,,,,,,,,,,,,,,Customer,Service Provider,Customer,Service Provider,Customer,Service Provider,,,,,,,,,,,,,,,true,false,true,false,true,false,,,,,,,,,,,,,,,Tue Oct 03 21:31:31 +0000 2017,Tue Oct 03 22:24:23 +0000 2017,Tue Oct 03 22:58:43 +0000 2017,Wed Oct 04 02:05:07 +0000 2017,Wed Oct 04 14:06:53 +0000 2017,Wed Oct 04 14:54:39 +0000 2017,,,,,,,,,,,,,,,@Delta who decides that the week of Fantasy Fest at EYW to trim flights from 3 to 1??????,@158436 Hi Chris. I am so very sorry for the inconvenience that this has caused. Please let me know if I can be of any assistance.  *HSD,"@Delta Nor unless you can get my original fligts back. Lost class of service i paid for, seperated my wife and i, basically jacked the strt of vaca",@158436 I really am sorry about this. Please DM your confirmation code for review.  *HSD,@Delta Just sent it to you,@158436 Thank you. Let me take a look.  *AMR,,,,,,,,,,,,,,,2025-09-26T22:30:54.741Z,job_20250926_204453,2
68d7142cdf49affd617f05b3,946,68ce563252b33355379dfdf6,Feedback regarding General,Feedback,General,Positive,,180708,180707,,,,,,,,,,,,,,,,,,,158473,Delta,,,,,,,,,,,,,,,,,,,Customer,Service Provider,,,,,,,,,,,,,,,,,,,true,false,,,,,,,,,,,,,,,,,,,Wed Oct 04 14:10:56 +0000 2017,Wed Oct 04 14:29:59 +0000 2017,,,,,,,,,,,,,,,,,,,@Delta enjoyed meeting a tech ops crew member who came to LIT to repair a plane. Thank you for keeping the planes safe/operable!,@158473 Thank you for flying with us! Have a wonderful day! 😊 *HDV,,,,,,,,,,,,,,,,,,,2025-09-26T22:31:08.112Z,job_20250926_204453,2
68d71438df49affd617f05b4,947,68ce563252b33355379dfdf7,Complaint regarding Technical Support,Complaint,Technical Support,Negative,,180766,,,,,,,,,,,,,,,,,,,,158487,,,,,,,,,,,,,,,,,,,,Customer,,,,,,,,,,,,,,,,,,,,true,,,,,,,,,,,,,,,,,,,,Wed Oct 04 03:16:53 +0000 2017,,,,,,,,,,,,,,,,,,,,I am loyal to @AmericanAir &amp; super elite but been w/ @Delta a few times w/no status of late. Delta ran circles around AA customer service.,,,,,,,,,,,,,,,,,,,,2025-09-26T22:31:20.862Z,job_20250926_204453,2
68d71447df49affd617f05b5,950,68ce563252b33355379dfdfa,Feedback regarding General,Feedback,General,Positive,,181123,181122,,,,,,,,,,,,,,,,,,,158539,Delta,,,,,,,,,,,,,,,,,,,Customer,Service Provider,,,,,,,,,,,,,,,,,,,true,false,,,,,,,,,,,,,,,,,,,Wed Oct 04 13:58:05 +0000 2017,Wed Oct 04 14:11:22 +0000 2017,,,,,,,,,,,,,,,,,,,"Can’t wait to get on a plane tomorrow without my kid 😩🙌🏾 no crying about ears poppin, no extra bag for snacks @Delta I come in peace 😂",@158539 Can't wait to have you onboard Joi Joi! *ALS,,,,,,,,,,,,,,,,,,,2025-09-26T22:31:35.161Z,job_20250926_204453,2
68d71454df49affd617f05b6,957,68ce563252b33355379dfe01,Feedback regarding General,Feedback,General,Positive,,181463,181462,,,,,,,,,,,,,,,,,,,158630,Delta,,,,,,,,,,,,,,,,,,,Customer,Service Provider,,,,,,,,,,,,,,,,,,,true,false,,,,,,,,,,,,,,,,,,,Wed Oct 04 11:55:12 +0000 2017,Wed Oct 04 11:58:27 +0000 2017,,,,,,,,,,,,,,,,,,,Just had a fantastic experience with a baggage check-in agent from @Delta in the #memphis airport. Thank you!,"@158630 Awesome! So great to hear this, Sandy. Thank you for flying with us! *AMR",,,,,,,,,,,,,,,,,,,2025-09-26T22:31:48.332Z,job_20250926_204453,2
68d71463df49affd617f05b7,965,68ce563252b33355379dfe09,Technical Support regarding Travel/Transportation,Technical Support,Travel/Transportation,Negative,,181510,181509,,,,,,,,,,,,,,,,,,,158645,Delta,,,,,,,,,,,,,,,,,,,Customer,Service Provider,,,,,,,,,,,,,,,,,,,true,false,,,,,,,,,,,,,,,,,,,Wed Oct 04 10:53:12 +0000 2017,Wed Oct 04 10:53:59 +0000 2017,,,,,,,,,,,,,,,,,,,@Delta Can you please send some more agents to DFW check-in? I got here 1.5 hours before the flight and am now scared I will miss it!,@158645 Please DM your ticket number. I will take a look.  *AMR,,,,,,,,,,,,,,,,,,,2025-09-26T22:32:03.452Z,job_20250926_204453,2
68d71472df49affd617f05b8,974,68ce563252b33355379dfe12,Product Inquiry regarding Travel,Product Inquiry,Travel,Neutral,,181712,181711,,,,,,,,,,,,,,,,,,,158693,Delta,,,,,,,,,,,,,,,,,,,Customer,Service Provider,,,,,,,,,,,,,,,,,,,true,false,,,,,,,,,,,,,,,,,,,Wed Oct 04 22:35:47 +0000 2017,Wed Oct 04 22:37:54 +0000 2017,,,,,,,,,,,,,,,,,,,@Delta I got a travel voucher for my trip to Puerto Rico... what are my options with the voucher?,@158693 Thanks for reaching out to us. Please DM me your voucher number and I'll gladly look into it for you. *AMC,,,,,,,,,,,,,,,,,,,2025-09-26T22:32:18.009Z,job_20250926_204453,2
68d71484df49affd617f05b9,988,68ce563252b33355379dfe20,Feedback regarding General,Feedback,General,Positive,,181773,181772,,,,,,,,,,,,,,,,,,,158711,Delta,,,,,,,,,,,,,,,,,,,Customer,Service Provider,,,,,,,,,,,,,,,,,,,true,false,,,,,,,,,,,,,,,,,,,Sat Nov 25 01:13:58 +0000 2017,Sat Nov 25 01:16:30 +0000 2017,,,,,,,,,,,,,,,,,,,"@Delta- so thankful 4 your employee, Geeha Kim at the LAX airport! So helpful, positive, funny, and made our day! Please show her some love!","@158711 Hi, there. Thank you for taking out the time to highlight our team member's performance today. I'll be sure to forward your feedback and compliment to our Airport Leadership team for recognition. We appreciate YOU! 😊 *AFN",,,,,,,,,,,,,,,,,,,2025-09-26T22:32:36.831Z,job_20250926_204453,2
68d71494df49affd617f05ba,990,68ce563252b33355379dfe22,Technical Support regarding General,Technical Support,General,Neutral,,181780,181779,,,,,,,,,,,,,,,,,,,158713,Delta,,,,,,,,,,,,,,,,,,,Customer,Service Provider,,,,,,,,,,,,,,,,,,,true,false,,,,,,,,,,,,,,,,,,,Wed Oct 04 22:14:28 +0000 2017,Wed Oct 04 22:24:25 +0000 2017,,,,,,,,,,,,,,,,,,,@delta I left a small bag at seat 10B flight 75 has headphones in it. What's the lost and process for something like that.,"@158713 Hi, Robert Please fill out the lost items form provided in the link below. https://t.co/PFXvMptCcO *TCH",,,,,,,,,,,,,,,,,,,2025-09-26T22:32:52.221Z,job_20250926_204453,2
68d714a9df49affd617f05bb,994,68ce563252b33355379dfe26,Product Inquiry regarding Travel/Flight,Product Inquiry,Travel/Flight,Neutral,,181988,181986,181987,181989,,,,,,,,,,,,,,,,,158775,Delta,158775,Delta,,,,,,,,,,,,,,,,,Customer,Service Provider,Customer,Service Provider,,,,,,,,,,,,,,,,,true,false,true,false,,,,,,,,,,,,,,,,,Wed Oct 04 22:15:17 +0000 2017,Wed Oct 04 22:18:19 +0000 2017,Wed Oct 04 22:45:26 +0000 2017,Wed Oct 04 22:49:55 +0000 2017,,,,,,,,,,,,,,,,,@Delta Can I add myself to a same day earlier flight thru the Delta app with no charge as a Gold member like I can with United app?,@158775 Thank you for asking! You can do a same day earlier flight with no charge as a Gold member. *TDL,@Delta But can I do it from mobile app?,"@158775 You should be able to do that. If you do have any issues, please Tweet us and we can help. *TMS",,,,,,,,,,,,,,,,,2025-09-26T22:33:13.320Z,job_20250926_204453,2
68d714b7df49affd617f05bc,995,68ce563252b33355379dfe27,Feedback regarding General,Feedback,General,Positive,,182145,182144,,,,,,,,,,,,,,,,,,,158815,Delta,,,,,,,,,,,,,,,,,,,Customer,Service Provider,,,,,,,,,,,,,,,,,,,true,false,,,,,,,,,,,,,,,,,,,Wed Oct 04 22:14:52 +0000 2017,Wed Oct 04 22:15:57 +0000 2017,,,,,,,,,,,,,,,,,,,"Need to shout out to @delta SAN to MSP crew, simply a delightful flight",@158815 That's AWESOME!! I'm glad to hear that you had a delightful experience with them. Thanks for choosing to fly with us. *AMC,,,,,,,,,,,,,,,,,,,2025-09-26T22:33:27.752Z,job_20250926_204453,2
68d714c2df49affd617f05bd,997,68ce563252b33355379dfe29,Other regarding General,Other,General,Neutral,,182263,182262,,,,,,,,,,,,,,,,,,,158713,Delta,,,,,,,,,,,,,,,,,,,Customer,Service Provider,,,,,,,,,,,,,,,,,,,true,false,,,,,,,,,,,,,,,,,,,Wed Oct 04 22:07:51 +0000 2017,Wed Oct 04 22:08:51 +0000 2017,,,,,,,,,,,,,,,,,,,@DELTA,"@158713 Hi, Robert. Hope you are having a great day. How may we assist you today? 😄 *TJF",,,,,,,,,,,,,,,,,,,2025-09-26T22:33:38.977Z,job_20250926_204453,2
68d714d1df49affd617f05be,998,68ce563252b33355379dfe2a,Account/Billing regarding Account,Account/Billing,Account,Neutral,,182480,182479,,,,,,,,,,,,,,,,,,,158912,Delta,,,,,,,,,,,,,,,,,,,Customer,Service Provider,,,,,,,,,,,,,,,,,,,true,false,,,,,,,,,,,,,,,,,,,Wed Oct 04 21:50:32 +0000 2017,Wed Oct 04 22:02:28 +0000 2017,,,,,,,,,,,,,,,,,,,"@Delta Hi, I need to add married last name to Delta Skymiles account. Please advise!","@158912 Hi, congratulations! Please DM for further assistance. *TCH https://t.co/6iDGBJAc2m",,,,,,,,,,,,,,,,,,,2025-09-26T22:33:53.412Z,job_20250926_204453,2
68d714e2df49affd617f05bf,999,68ce563252b33355379dfe2b,Feedback regarding Air Travel,Feedback,Air Travel,Positive,,182482,182481,,,,,,,,,,,,,,,,,,,158913,Delta,,,,,,,,,,,,,,,,,,,Customer,Service Provider,,,,,,,,,,,,,,,,,,,true,false,,,,,,,,,,,,,,,,,,,Wed Oct 04 21:57:44 +0000 2017,Wed Oct 04 21:58:43 +0000 2017,,,,,,,,,,,,,,,,,,,"Out of all the airlines, I think @Delta is the safest. Great service and the cabin is always taken care of. Whenever I fly, it’s @Delta https://t.co/5r4vdxxNuA",@158913 Thanks! It is our pleasure to take care of you when you fly with us! 😊 *TDL,,,,,,,,,,,,,,,,,,,2025-09-26T22:34:10.170Z,job_20250926_204453,2
68d714f0df49affd617f05c0,681,68ce563252b33355379dfced,Feedback regarding General,Feedback,General,Positive,,144541,144540,,,,,,,,,,,,,,,,,,,148690,Delta,,,,,,,,,,,,,,,,,,,Customer,Service Provider,,,,,,,,,,,,,,,,,,,true,false,,,,,,,,,,,,,,,,,,,Fri Nov 24 13:35:55 +0000 2017,Fri Nov 24 13:40:08 +0000 2017,,,,,,,,,,,,,,,,,,,"i️ am so impressed with both of my flights with @Delta, and currently enjoying despicable me 3 😊😊","@148690 Now, THAT's what we like to hear! We appreciate you flying with us. *TJH",,,,,,,,,,,,,,,,,,,2025-09-26T22:34:24.391Z,job_20250926_204453,2
68d714fbdf49affd617f05c1,685,68ce563252b33355379dfcf1,Feedback regarding General,Feedback,General,Positive,,144556,144555,,,,,,,,,,,,,,,,,,,148694,Delta,,,,,,,,,,,,,,,,,,,Customer,Service Provider,,,,,,,,,,,,,,,,,,,true,false,,,,,,,,,,,,,,,,,,,Fri Nov 24 13:25:57 +0000 2017,Fri Nov 24 13:27:07 +0000 2017,,,,,,,,,,,,,,,,,,,Flying @Delta is always a pleasure 🤙🏻,"@148694 Thanks for flying with us, Jaime. Happy travels.  *AJZ",,,,,,,,,,,,,,,,,,,2025-09-26T22:34:35.885Z,job_20250926_204453,2
68d7150adf49affd617f05c2,690,68ce563252b33355379dfcf6,Order Status regarding Travel,Order Status,Travel,Neutral,,146033,146032,,,,,,,,,,,,,,,,,,,149121,Delta,,,,,,,,,,,,,,,,,,,Customer,Service Provider,,,,,,,,,,,,,,,,,,,true,false,,,,,,,,,,,,,,,,,,,Fri Nov 24 13:21:57 +0000 2017,Fri Nov 24 14:13:15 +0000 2017,,,,,,,,,,,,,,,,,,,Heading back to New York after a month in #Europe and #Texas @Delta #SAT - #JFK,"@149121 Enjoy your flight, Paul! Thank you for flying with us. 😄 *HYC",,,,,,,,,,,,,,,,,,,2025-09-26T22:34:50.904Z,job_20250926_204453,2
68d71517df49affd617f05c3,695,68ce563252b33355379dfcfb, regarding ,,,,,147560,147559,,,,,,,,,,,,,,,,,,,149539,Delta,,,,,,,,,,,,,,,,,,,Customer,Service Provider,,,,,,,,,,,,,,,,,,,true,false,,,,,,,,,,,,,,,,,,,Fri Nov 24 14:05:49 +0000 2017,Fri Nov 24 14:33:33 +0000 2017,,,,,,,,,,,,,,,,,,,Several music choices this morning on @Delta ! I know this will be good! @8524  @8525 @8526 @8527 @8528 https://t.co/IEq14Z83ku,@149539 Hi Dennis! I'm glad you are enjoying the in-flight entertainment. Thank you for your loyalty.  *HKS,,,,,,,,,,,,,,,,,,,2025-09-26T22:35:03.807Z,job_20250926_204453,2
68d71525df49affd617f05c4,696,68ce563252b33355379dfcfc,Other regarding General,Other,General,Positive,,147565,147564,,,,,,,,,,,,,,,,,,,149541,Delta,,,,,,,,,,,,,,,,,,,Customer,Service Provider,,,,,,,,,,,,,,,,,,,true,false,,,,,,,,,,,,,,,,,,,Fri Nov 24 14:28:31 +0000 2017,Fri Nov 24 14:29:35 +0000 2017,,,,,,,,,,,,,,,,,,,Good morning ☀️🌞😃 @Delta https://t.co/Ws6CDwmoXS,@149541 Beautiful picture! Looks like we are ready to earn our wings! Have a great flight!  *TCC,,,,,,,,,,,,,,,,,,,2025-09-26T22:35:17.249Z,job_20250926_204453,2
68d71532df49affd617f05c5,699,68ce563252b33355379dfcff,Order Status regarding Orders,Order Status,Orders,Neutral,,149629,149628,,,,,,,,,,,,,,,,,,,150097,Delta,,,,,,,,,,,,,,,,,,,Customer,Service Provider,,,,,,,,,,,,,,,,,,,true,false,,,,,,,,,,,,,,,,,,,Fri Nov 24 15:11:33 +0000 2017,Fri Nov 24 15:13:41 +0000 2017,,,,,,,,,,,,,,,,,,,Just purchased an upgraded seat with @Delta and somehow lost my SKY Priority boarding for my flight today.\n\n??,@150097 Please provide me with your confirmation number.  *AJR,,,,,,,,,,,,,,,,,,,2025-09-26T22:35:30.360Z,job_20250926_204453,2
68d71542df49affd617f05c6,701,68ce563252b33355379dfd01,Complaint regarding Travel,Complaint,Travel,Negative,,149651,149650,,,,,,,,,,,,,,,,,,,150101,Delta,,,,,,,,,,,,,,,,,,,Customer,Service Provider,,,,,,,,,,,,,,,,,,,true,false,,,,,,,,,,,,,,,,,,,Fri Nov 24 14:50:27 +0000 2017,Fri Nov 24 14:57:15 +0000 2017,,,,,,,,,,,,,,,,,,,@Delta Your gate agent for DL1429 made me gate check carry-on for baggage claim when there are multiple bins wide open on board. Plenty of space. Not cool. 😒,@150101 ...inconvenience that this may have caused.  *AOS 2/2,,,,,,,,,,,,,,,,,,,2025-09-26T22:35:46.010Z,job_20250926_204453,2
68d71550df49affd617f05c7,704,68ce563252b33355379dfd04,Feedback regarding General,Feedback,General,Positive,,149660,149659,,,,,,,,,,,,,,,,,,,150104,Delta,,,,,,,,,,,,,,,,,,,Customer,Service Provider,,,,,,,,,,,,,,,,,,,true,false,,,,,,,,,,,,,,,,,,,Fri Nov 24 14:47:25 +0000 2017,Fri Nov 24 14:48:38 +0000 2017,,,,,,,,,,,,,,,,,,,"@Delta Captains coming out to greet passengers and inform them of flight details, 👍🏼👏🏼#nicetouch",@150104 Great to hear! Thanks for enjoying the Delta Experience. Tweet us if you need us.  *AJZ,,,,,,,,,,,,,,,,,,,2025-09-26T22:36:00.139Z,job_20250926_204453,2
68d7155cdf49affd617f05c8,710,68ce563252b33355379dfd0a,Technical Support regarding General,Technical Support,General,Neutral,,150820,150819,,,,,,,,,,,,,,,,,,,150408,Delta,,,,,,,,,,,,,,,,,,,Customer,Service Provider,,,,,,,,,,,,,,,,,,,true,false,,,,,,,,,,,,,,,,,,,Fri Nov 24 15:27:07 +0000 2017,Fri Nov 24 15:27:49 +0000 2017,,,,,,,,,,,,,,,,,,,"I'm at @Delta Sky Club in Atlanta, GA https://t.co/o3kzmJqxyU",@150408 Hello! How may I assist?  *TCC,,,,,,,,,,,,,,,,,,,2025-09-26T22:36:12.346Z,job_20250926_204453,2
68d71570df49affd617f05c9,711,68ce563252b33355379dfd0b,Product Inquiry regarding Travel/Flights,Product Inquiry,Travel/Flights,Neutral,,150822,150821,,,,,,,,,,,,,,,,,,,150409,Delta,,,,,,,,,,,,,,,,,,,Customer,Service Provider,,,,,,,,,,,,,,,,,,,true,false,,,,,,,,,,,,,,,,,,,Fri Nov 24 15:21:55 +0000 2017,Fri Nov 24 15:23:40 +0000 2017,,,,,,,,,,,,,,,,,,,Can I get #blackfriday pricing on two first class tickets lga to lax in feb? @AmericanAir @Delta @116450 https://t.co/qqw0yBaFXR,"@150409 Unfortunately, we are not offering any specials. Please see our current fares online at https://t.co/lVlOjYwO0A. Thank you for tweeting us.  *ATJ",,,,,,,,,,,,,,,,,,,2025-09-26T22:36:32.457Z,job_20250926_204453,2
68d7157bdf49affd617f05ca,717,68ce563252b33355379dfd11,Product Inquiry regarding General,Product Inquiry,General,Neutral,,152363,152362,,,,,,,,,,,,,,,,,,,150825,Delta,,,,,,,,,,,,,,,,,,,Customer,Service Provider,,,,,,,,,,,,,,,,,,,true,false,,,,,,,,,,,,,,,,,,,Fri Nov 24 15:52:38 +0000 2017,Fri Nov 24 15:53:45 +0000 2017,,,,,,,,,,,,,,,,,,,What y’all got goin on today @Delta 💕,@150825 How may I help you? *TCC,,,,,,,,,,,,,,,,,,,2025-09-26T22:36:43.226Z,job_20250926_204453,2
68d7158edf49affd617f05cb,723,68ce563252b33355379dfd17,Feedback regarding General,Feedback,General,Positive,,153953,153952,153951,153950,,,,,,,,,,,,,,,,,151255,Delta,151255,Delta,,,,,,,,,,,,,,,,,Customer,Service Provider,Customer,Service Provider,,,,,,,,,,,,,,,,,true,false,true,false,,,,,,,,,,,,,,,,,Fri Nov 24 16:20:35 +0000 2017,Fri Nov 24 16:27:31 +0000 2017,Fri Nov 24 16:28:47 +0000 2017,Fri Nov 24 16:29:42 +0000 2017,,,,,,,,,,,,,,,,,@Delta shout out to Asha at the bar at Delta skyclub. Always awesome service! Please pass along to the manager.,"@151255 Joe, thank you for the shout-out! What airport did this take place? *HYC","@Delta Sorry, MCO sky club",@151255 Sounds great! I will send this over to our MCO leadership team! Thank you for sharing and enjoy the rest of your day! 😄 *HYC,,,,,,,,,,,,,,,,,2025-09-26T22:37:02.100Z,job_20250926_204453,2
68d7159cdf49affd617f05cc,727,68ce563252b33355379dfd1b,Feedback regarding General,Feedback,General,Positive,,153966,153965,,,,,,,,,,,,,,,,,,,151258,Delta,,,,,,,,,,,,,,,,,,,Customer,Service Provider,,,,,,,,,,,,,,,,,,,true,false,,,,,,,,,,,,,,,,,,,Fri Nov 24 16:11:30 +0000 2017,Fri Nov 24 16:15:29 +0000 2017,,,,,,,,,,,,,,,,,,,Seat 2A in an asymmetrical first class cabin = happiness. Thanks @Delta for today’s upgrade.,"@151258 Awesome! Now you can stretch out, relax, &amp; enjoy the flight. Thanks for choosing Delta. ✈ *TJE",,,,,,,,,,,,,,,,,,,2025-09-26T22:37:16.389Z,job_20250926_204453,2
68d715b3df49affd617f05cd,738,68ce563252b33355379dfd26,Complaint regarding Travel/Transportation,Complaint,Travel/Transportation,Negative,,155457,155456,,,,,,,,,,,,,,,,,,,151663,Delta,,,,,,,,,,,,,,,,,,,Customer,Service Provider,,,,,,,,,,,,,,,,,,,true,false,,,,,,,,,,,,,,,,,,,Fri Nov 24 16:47:10 +0000 2017,Fri Nov 24 16:52:10 +0000 2017,,,,,,,,,,,,,,,,,,,"@Delta Airlines is always such a disaster in SLC, l love flying Delta but try so hard to Avoid SLC the terminal is so small and crowded, Always a maintenance issue that causes us to sit here and go no where.  Figure it out SLC!!  #tiredofsittingintheplane","@151663 Dustin, thank you for your feedback. I am sorry that you have not had a positive experience going through SLC. I will forward this onto our leadership team at the SLC airport to see if any enhancements can be made. *TBW",,,,,,,,,,,,,,,,,,,2025-09-26T22:37:39.849Z,job_20250926_204453,2
68d715c4df49affd617f05ce,740,68ce563252b33355379dfd28,Feedback regarding Customer Service,Feedback,Customer Service,Positive,,155461,155460,,,,,,,,,,,,,,,,,,,151665,Delta,,,,,,,,,,,,,,,,,,,Customer,Service Provider,,,,,,,,,,,,,,,,,,,true,false,,,,,,,,,,,,,,,,,,,Fri Nov 24 16:34:26 +0000 2017,Fri Nov 24 16:50:16 +0000 2017,,,,,,,,,,,,,,,,,,,"Kudos to the gate team at KSRQ this morning @Delta - my 1725 delayed, great communication/updates from the team. #Aviation #avgeek","@151665 Thanks for the shout out, Derek! We truly love what we do. I'll be happy to pass this along to leadership and thanks for sharing. *TJE",,,,,,,,,,,,,,,,,,,2025-09-26T22:37:56.321Z,job_20250926_204453,2
68d715d8df49affd617f05cf,742,68ce563252b33355379dfd2a,Order Status regarding Technical,Order Status,Technical,Neutral,,155467,155466,,,,,,,,,,,,,,,,,,,151667,Delta,,,,,,,,,,,,,,,,,,,Customer,Service Provider,,,,,,,,,,,,,,,,,,,true,false,,,,,,,,,,,,,,,,,,,Fri Nov 24 16:38:23 +0000 2017,Fri Nov 24 16:48:00 +0000 2017,,,,,,,,,,,,,,,,,,,"@Delta I need help, please. I can't check-in for my flights tomorrow. It won't let me. I was really hoping to try to upgrade to economy plus during my check-in but it tells me they're ""unable to find a check-in eligible reservation with the information provided.""","@151667 Hi Melissa, I'll be happy to check this for you. Please DM your confirmation or ticket number.  *TJP https://t.co/6iDGBJAc2m",,,,,,,,,,,,,,,,,,,2025-09-26T22:38:16.224Z,job_20250926_204453,2
68d715ebdf49affd617f05d0,748,68ce563252b33355379dfd30,Feedback regarding General,Feedback,General,Positive,,157111,157110,,,,,,,,,,,,,,,,,,,152086,Delta,,,,,,,,,,,,,,,,,,,Customer,Service Provider,,,,,,,,,,,,,,,,,,,true,false,,,,,,,,,,,,,,,,,,,Fri Nov 24 17:32:00 +0000 2017,Fri Nov 24 17:34:39 +0000 2017,,,,,,,,,,,,,,,,,,,".@delta *HUGE* shoutout to Vanessa, agent boarding DL2972 today pretty much by herself, keeping everyone in line, please make sure she gets recognized #ATL #keepclimbing #Delta #customerservice","@152086 Wow, thanks for the compliment for our team member, Vanessa. Thanks for letting us know and always glad to have you onboard! *TJP",,,,,,,,,,,,,,,,,,,2025-09-26T22:38:35.585Z,job_20250926_204453,2
68d71602df49affd617f05d1,753,68ce563252b33355379dfd35,Complaint regarding Technical Support,Complaint,Technical Support,Negative,,157144,157143,,,,,,,,,,,,,,,,,,,152096,Delta,,,,,,,,,,,,,,,,,,,Customer,Service Provider,,,,,,,,,,,,,,,,,,,true,false,,,,,,,,,,,,,,,,,,,Fri Nov 24 16:46:23 +0000 2017,Fri Nov 24 17:16:25 +0000 2017,,,,,,,,,,,,,,,,,,,@Delta @824 \nWas not impressed to discover you employ racist boarding staff. My father was almost preventing boarding last night for no reason - Until I stepped in. It's a good thing I look white 😑 expect a complaint shortly 🖕#deltaairlines  #racismisaliveandwell,"@152096 That's not good to hear. If you can send your father's confirmation or ticket # to this link, I'll be glad to report this to my higher-ups. *HWG https://t.co/6iDGBJAc2m",,,,,,,,,,,,,,,,,,,2025-09-26T22:38:58.262Z,job_20250926_204453,2
68d7160ddf49affd617f05d2,758,68ce563252b33355379dfd3a,Feedback regarding General,Feedback,General,Positive,,159001,159000,,,,,,,,,,,,,,,,,,,152561,Delta,,,,,,,,,,,,,,,,,,,Customer,Service Provider,,,,,,,,,,,,,,,,,,,true,false,,,,,,,,,,,,,,,,,,,Fri Nov 24 17:47:17 +0000 2017,Fri Nov 24 17:48:59 +0000 2017,,,,,,,,,,,,,,,,,,,@delta treats me good ✈️,@152561 We truly love what we do! Thanks for the shout out and for choosing Delta. 😊 *TJE,,,,,,,,,,,,,,,,,,,2025-09-26T22:39:09.724Z,job_20250926_204453,2
68d71617df49affd617f05d3,766,68ce563252b33355379dfd42, regarding ,,,,,160640,160639,,,,,,,,,,,,,,,,,,,153018,Delta,,,,,,,,,,,,,,,,,,,Customer,Service Provider,,,,,,,,,,,,,,,,,,,true,false,,,,,,,,,,,,,,,,,,,Fri Nov 24 17:56:14 +0000 2017,Fri Nov 24 18:21:07 +0000 2017,,,,,,,,,,,,,,,,,,,Amber waves of grain... Back in the Midwest @153019 Thank you @delta for a hassle free… https://t.co/YI2ktIhe4v,@153018 Our pleasure! *AJY,,,,,,,,,,,,,,,,,,,2025-09-26T22:39:19.517Z,job_20250926_204453,2
68d71633df49affd617f05d4,768,68ce563252b33355379dfd44,Complaint regarding Technical Support,Complaint,Technical Support,Negative,,162302,162300,162301,162303,,,,,,,,,,,,,,,,,153476,Delta,153476,Delta,,,,,,,,,,,,,,,,,Customer,Service Provider,Customer,Service Provider,,,,,,,,,,,,,,,,,true,false,true,false,,,,,,,,,,,,,,,,,Fri Nov 24 18:24:07 +0000 2017,Fri Nov 24 19:12:41 +0000 2017,Thu Nov 30 23:01:34 +0000 2017,Thu Nov 30 23:23:06 +0000 2017,,,,,,,,,,,,,,,,,"@Delta has terrible customer service, I've written a few emails about an awful flight in August and keep keeping fobbed off to complain somewhere else, disgrace!",@153476 Thank you for your patience. I’m truly sorry that you have not received a response from our Corporate Customer Care Team as of yet. Please feel free to contact them directly at 1-800-455-2720 8:00am-9:00 pm ET Monday-Friday (Closed on U.S. Holidays).  *AFC,@Delta I am not based in the USA so where is the number for the UK?,@153476 Laura could you provide your ticket number via DM for assistance? Thanks. *TDL https://t.co/6iDGBJAc2m,,,,,,,,,,,,,,,,,2025-09-26T22:39:47.498Z,job_20250926_204453,2
68d71644df49affd617f05d5,772,68ce563252b33355379dfd48,Order Status regarding Travel/Flight,Order Status,Travel/Flight,Neutral,,162314,162313,,,,,,,,,,,,,,,,,,,153481,Delta,,,,,,,,,,,,,,,,,,,Customer,Service Provider,,,,,,,,,,,,,,,,,,,true,false,,,,,,,,,,,,,,,,,,,Fri Nov 24 18:11:58 +0000 2017,Fri Nov 24 19:02:23 +0000 2017,,,,,,,,,,,,,,,,,,,@Delta Hey i have a booking fra-MGA-fra. I was wondering if it’s possible to change it to fra-mga-San Jose Costa Rica - fra?,"@153481 For ticket changes, please contact our Reservations department directly at 1-800-221-1212 and they will assist you further. *AFC",,,,,,,,,,,,,,,,,,,2025-09-26T22:40:04.381Z,job_20250926_204453,2
68d71652df49affd617f05d6,773,68ce563252b33355379dfd49,Account/Billing regarding Tickets,Account/Billing,Tickets,Neutral,,162316,162315,,,,,,,,,,,,,,,,,,,153482,Delta,,,,,,,,,,,,,,,,,,,Customer,Service Provider,,,,,,,,,,,,,,,,,,,true,false,,,,,,,,,,,,,,,,,,,Fri Nov 24 18:11:44 +0000 2017,Fri Nov 24 19:01:53 +0000 2017,,,,,,,,,,,,,,,,,,,@Delta Is there a way to transfer a ticket bought by my wife to me?  There are two kids tix associated with hers as well.,"@153482 Thank you for reaching out. Unfortunately, tickets are non transferable.  *AFC",,,,,,,,,,,,,,,,,,,2025-09-26T22:40:18.798Z,job_20250926_204453,2
68d71664df49affd617f05d7,777,68ce563252b33355379dfd4d,Technical Support regarding Travel,Technical Support,Travel,Negative,,163814,163813,,,,,,,,,,,,,,,,,,,153907,Delta,,,,,,,,,,,,,,,,,,,Customer,Service Provider,,,,,,,,,,,,,,,,,,,true,false,,,,,,,,,,,,,,,,,,,Fri Nov 24 19:04:12 +0000 2017,Fri Nov 24 19:42:55 +0000 2017,,,,,,,,,,,,,,,,,,,"I’m confused at how I specifically spend the money to book seats together online with @Delta, but then they separate my seats upon ticketing 😕🧐 #ThanksgivingTravel","@153907 Hey Amanda, sorry to hear about your seating arrangements. Please feel free to DM your confirmation number. *AJY https://t.co/6iDGBJAc2m",,,,,,,,,,,,,,,,,,,2025-09-26T22:40:36.586Z,job_20250926_204453,2
68d71684df49affd617f05d8,784,68ce563252b33355379dfd54,Complaint regarding Travel/Flights,Complaint,Travel/Flights,Negative,,163831,163829,163830,163832,,,,,,,,,,,,,,,,,151659,Delta,151659,Delta,,,,,,,,,,,,,,,,,Customer,Service Provider,Customer,Service Provider,,,,,,,,,,,,,,,,,true,false,true,false,,,,,,,,,,,,,,,,,Fri Nov 24 18:30:33 +0000 2017,Fri Nov 24 19:21:14 +0000 2017,Fri Nov 24 21:48:26 +0000 2017,Fri Nov 24 21:57:45 +0000 2017,,,,,,,,,,,,,,,,,@delta direct flight to RDU changed to a connection through Atlanta.  Lost the whole day with family traveling all day #frustrated,"@151659 Oh no, Sorry to hear about your disappointment, Ellen. I'll be happy to see if we have any alternative options. Can you please share your confirmation number? *AOS",@Delta Confirmation HV3JUV we booked the flight in summer and then were told it was changing to a connection even though we booked and paid for direct.  What should be a total 3 hour trip from Newark to RDU turning into 8hour with connection through Atlanta #losttimewithfam,"@151659 Please accept our sincere apologies for this operation change on this particular route. We do not have any nonstop fight between our to RDU for today November 24. I'll be sure to share this feedback with our Leadership Team, Ellen.  *AOS",,,,,,,,,,,,,,,,,2025-09-26T22:41:08.086Z,job_20250926_204453,2
68d716a1df49affd617f05d9,788,68ce563252b33355379dfd58,Complaint regarding Travel,Complaint,Travel,Negative,,165175,165173,165174,165176,165177,,,,,,,,,,,,,,,,154290,Delta,154290,Delta,154290,,,,,,,,,,,,,,,,Customer,Service Provider,Customer,Service Provider,Customer,,,,,,,,,,,,,,,,true,false,true,false,true,,,,,,,,,,,,,,,,Fri Nov 24 19:54:42 +0000 2017,Fri Nov 24 20:07:28 +0000 2017,Fri Nov 24 20:09:10 +0000 2017,Fri Nov 24 20:32:41 +0000 2017,Fri Nov 24 20:47:35 +0000 2017,,,,,,,,,,,,,,,,Tweet @delta with anything else and they are quick to respond... tweet at them that they damaged your belongings and they are silent.,"@154290 Hello, Christy. I'm sorry to hear about your stroller. Before leaving the airport, please stop by our Baggage Service office and have one of our agents review the damage to the stroller. *HYC","@Delta Yeah, except I didn’t notice it until we got home and went to use it for the first time today. So I’m pretty sure I’m just stuck with the damage, right?",@154290 You may still claim the damage within 24 hours for U.S. travel and seven days for international travel. *AMC,"@Delta Like I guessed, I’m out of luck because I didn’t inspect everything for damage within your arbitrary timeframe",,,,,,,,,,,,,,,,2025-09-26T22:41:37.454Z,job_20250926_204453,2
68d716b4df49affd617f05da,790,68ce563252b33355379dfd5a,Complaint regarding Technical Support,Complaint,Technical Support,Negative,,165182,165181,165180,,,,,,,,,,,,,,,,,,154292,154292,Delta,,,,,,,,,,,,,,,,,,Customer,Customer,Service Provider,,,,,,,,,,,,,,,,,,true,true,false,,,,,,,,,,,,,,,,,,Thu Nov 23 01:18:07 +0000 2017,Fri Nov 24 19:37:37 +0000 2017,Fri Nov 24 20:00:37 +0000 2017,,,,,,,,,,,,,,,,,,I really love paying more for @Delta Comfort+ when I get this great view 😂😂😂 #ripoff #iwantarefund https://t.co/uv9B5oaQxV,"Really disappointed by the lack of a response from @Delta . Do more, please.",@154292 Hello Nate! I'm sorry to hear you were disappointed with your seat. Please follow/DM your confirmation number.  *HKS,,,,,,,,,,,,,,,,,,2025-09-26T22:41:56.856Z,job_20250926_204453,2
68d716c9df49affd617f05db,797,68ce563252b33355379dfd61,Technical Support regarding Travel,Technical Support,Travel,Negative,,165206,165205,,,,,,,,,,,,,,,,,,,154299,Delta,,,,,,,,,,,,,,,,,,,Customer,Service Provider,,,,,,,,,,,,,,,,,,,true,false,,,,,,,,,,,,,,,,,,,Fri Nov 24 19:22:49 +0000 2017,Fri Nov 24 19:46:24 +0000 2017,,,,,,,,,,,,,,,,,,,"@Delta ... might take another hour, and I’m told I have to get off the plane. Something about the batteries not charging properly. Now I’m going to be late to hand in my photography project in Los Angeles and will have to take an Uber rush to college. Why am I flying delta again?",@154299 I apologize for the delay Sergio. I'm sure our team is doing their best to get you to your destination as quickly as possible. Do you have a connecting flight?  *HKS,,,,,,,,,,,,,,,,,,,2025-09-26T22:42:17.274Z,job_20250926_204453,2
68d716dadf49affd617f05dc,799,68ce563252b33355379dfd63,Feedback regarding Customer Service,Feedback,Customer Service,Positive,,165210,165209,,,,,,,,,,,,,,,,,,,148341,Delta,,,,,,,,,,,,,,,,,,,Customer,Service Provider,,,,,,,,,,,,,,,,,,,true,false,,,,,,,,,,,,,,,,,,,Fri Nov 24 19:13:29 +0000 2017,Fri Nov 24 19:44:04 +0000 2017,,,,,,,,,,,,,,,,,,,@Delta please pass along my compliments to Trey and the whole crew on DL2999 today from SYR to ATL. Phenomenal service! #keepclimbing #happypax,"@148341 Customer Service is in our DNA, Daniel! Thank you for sharing the love. I'll be sure to pass your compliment along. #DeltaProud 😉 ✈ *AOS",,,,,,,,,,,,,,,,,,,2025-09-26T22:42:34.785Z,job_20250926_204453,2
68d716ebdf49affd617f05dd,800,68ce563252b33355379dfd64,Product Inquiry regarding General,Product Inquiry,General,Positive,,166767,166765,166766,166768,,,,,,,,,,,,,,,,,154746,Delta,154746,Delta,,,,,,,,,,,,,,,,,Customer,Service Provider,Customer,Service Provider,,,,,,,,,,,,,,,,,true,false,true,false,,,,,,,,,,,,,,,,,Fri Nov 24 20:20:51 +0000 2017,Fri Nov 24 20:41:14 +0000 2017,Fri Nov 24 20:59:29 +0000 2017,Fri Nov 24 21:10:22 +0000 2017,,,,,,,,,,,,,,,,,@Delta hello D team! Q: do you have agreement with Aeromexico to earn Skymiles?,@154746 We do! Here's more information for you:  https://t.co/y4hQx0kH81 *AMC,"@Delta Awesome! Thank you, you rock 🤘",@154746 You are very welcome. *AMC,,,,,,,,,,,,,,,,,2025-09-26T22:42:51.884Z,job_20250926_204453,2
68d71702df49affd617f05de,803,68ce563252b33355379dfd67,Complaint regarding Technical Support,Complaint,Technical Support,Negative,,166789,166788,,,,,,,,,,,,,,,,,,,154750,Delta,,,,,,,,,,,,,,,,,,,Customer,Service Provider,,,,,,,,,,,,,,,,,,,true,false,,,,,,,,,,,,,,,,,,,Fri Nov 24 20:19:59 +0000 2017,Fri Nov 24 20:38:16 +0000 2017,,,,,,,,,,,,,,,,,,,@Delta check in online w/ 2 bags permitted at online check in. Get to airport rude agents decide policy is different &amp; charge bags. Abusive to pax. Tried doing same to  pax next to me who showed he had 1 permitted.,"@154750 Hi, Guy. I expect all employees to be helpful &amp; professional at all times. My apologies for our coworker behavior. Pls follow/Direct Message your Delta confirmation # for review. *HJH https://t.co/6iDGBJAc2m",,,,,,,,,,,,,,,,,,,2025-09-26T22:43:14.140Z,job_20250926_204453,2
68d71716df49affd617f05df,805,68ce563252b33355379dfd69,Product Inquiry regarding Travel/Vouchers,Product Inquiry,Travel/Vouchers,Neutral,,166795,166793,166794,,,,,,,,,,,,,,,,,,154752,Delta,154752,,,,,,,,,,,,,,,,,,Customer,Service Provider,Customer,,,,,,,,,,,,,,,,,,true,false,true,,,,,,,,,,,,,,,,,,Fri Nov 24 20:08:22 +0000 2017,Fri Nov 24 20:27:41 +0000 2017,Fri Nov 24 20:34:13 +0000 2017,,,,,,,,,,,,,,,,,,@Delta is it possible to extend the date of a delta voucher?,"@154752 Hello, Jake. All of our travel vouchers or tickets have a one year of validity. I'll be happy to check when is the expiration date of your current travel voucher. Can you please DM us the travel voucher number via DM?  *AOS https://t.co/6iDGBJAc2m",@Delta I just slid into your DMs,,,,,,,,,,,,,,,,,,2025-09-26T22:43:34.580Z,job_20250926_204453,2
68d71728df49affd617f05e0,807,68ce563252b33355379dfd6b,Feedback regarding Technical Support,Feedback,Technical Support,Negative,,166800,166798,166799,,,,,,,,,,,,,,,,,,154753,Delta,154753,,,,,,,,,,,,,,,,,,Customer,Service Provider,Customer,,,,,,,,,,,,,,,,,,true,false,true,,,,,,,,,,,,,,,,,,Fri Nov 24 20:02:46 +0000 2017,Fri Nov 24 20:24:34 +0000 2017,Fri Nov 24 20:27:51 +0000 2017,,,,,,,,,,,,,,,,,,@Delta not sure what’s been going on with your customer service but it keeps getting worse used to ❤️ Delta but not really feeling it anymore.,"@154753 Thank you so much for reaching out to us. I'm sorry to hear that you feel this way. However, ee appreciate your feedback. *AMC",@Delta Diamond membership used to mean something but apparently not so much anymore.,,,,,,,,,,,,,,,,,,2025-09-26T22:43:52.310Z,job_20250926_204453,2
68d7173adf49affd617f05e1,811,68ce563252b33355379dfd6f,Account/Billing regarding Technical Support,Account/Billing,Technical Support,Neutral,,166808,166807,,,,,,,,,,,,,,,,,,,154756,Delta,,,,,,,,,,,,,,,,,,,Customer,Service Provider,,,,,,,,,,,,,,,,,,,true,false,,,,,,,,,,,,,,,,,,,Fri Nov 24 20:02:31 +0000 2017,Fri Nov 24 20:21:02 +0000 2017,,,,,,,,,,,,,,,,,,,@Delta my mom doesn’t have her skymiles# and the email she has registered with website is defunct.  How can I get her new email associated with her skymiles?,"@154756 Jason, she will need to contact 800.323.2323 and they should be able to assist her with recovering her SkyMiles account number. *ACJ",,,,,,,,,,,,,,,,,,,2025-09-26T22:44:10.345Z,job_20250926_204453,2
68d71747df49affd617f05e2,813,68ce563252b33355379dfd71,Account/Billing regarding General,Account/Billing,General,Neutral,,166814,166812,166813,,,,,,,,,,,,,,,,,,154758,Delta,154758,,,,,,,,,,,,,,,,,,Customer,Service Provider,Customer,,,,,,,,,,,,,,,,,,true,false,true,,,,,,,,,,,,,,,,,,Fri Nov 24 20:00:00 +0000 2017,Fri Nov 24 20:18:39 +0000 2017,Fri Nov 24 20:21:37 +0000 2017,,,,,,,,,,,,,,,,,,Hey @Delta i have a question,"@154758 Hello, There. How can we help?  *AOS",@Delta Whats my name?,,,,,,,,,,,,,,,,,,2025-09-26T22:44:23.025Z,job_20250926_204453,2
68d71755df49affd617f05e3,817,68ce563252b33355379dfd75,Product Feedback regarding Product Info,Product Feedback,Product Info,Positive,,168235,168234,,,,,,,,,,,,,,,,,,,155143,Delta,,,,,,,,,,,,,,,,,,,Customer,Service Provider,,,,,,,,,,,,,,,,,,,true,false,,,,,,,,,,,,,,,,,,,Fri Nov 24 20:58:52 +0000 2017,Fri Nov 24 21:06:01 +0000 2017,,,,,,,,,,,,,,,,,,,Repping the @delta widget on our #CRJ900 today. #pilotlife #tails #KeepClimbing… https://t.co/goEZT5zQSB,@155143 Nice vibrant colors. I ❤ it! Thanks for sharing.  *AST,,,,,,,,,,,,,,,,,,,2025-09-26T22:44:37.806Z,job_20250926_204453,2
68d71763df49affd617f05e4,819,68ce563252b33355379dfd77,Other regarding General,Other,General,Neutral,,168239,168238,,,,,,,,,,,,,,,,,,,150408,Delta,,,,,,,,,,,,,,,,,,,Customer,Service Provider,,,,,,,,,,,,,,,,,,,true,false,,,,,,,,,,,,,,,,,,,Fri Nov 24 20:54:12 +0000 2017,Fri Nov 24 20:57:45 +0000 2017,,,,,,,,,,,,,,,,,,,"I'm at @Delta Sky Club in Morrisville, NC https://t.co/qqUVMsr9ez","@150408 Hi. Thanks for choosing Delta for your travel plans and visiting the Morrisville, NC SkyClub. Enjoy! *HJH",,,,,,,,,,,,,,,,,,,2025-09-26T22:44:51.606Z,job_20250926_204453,2
68d71773df49affd617f05e5,820,68ce563252b33355379dfd78,Feedback regarding General,Feedback,General,Positive,,168241,168240,,,,,,,,,,,,,,,,,,,155145,Delta,,,,,,,,,,,,,,,,,,,Customer,Service Provider,,,,,,,,,,,,,,,,,,,true,false,,,,,,,,,,,,,,,,,,,Fri Nov 24 20:53:09 +0000 2017,Fri Nov 24 20:57:31 +0000 2017,,,,,,,,,,,,,,,,,,,"The gentleman, who I think is the Captain on my @Delta flight, just made the day of the little boy behind me. By bringing him wings. 💜 ""Mom... We haven't gotten wings in like forever"".",@155145 That's AWESOME!! We're happy to hear that. Thanks for sharing. *AMC,,,,,,,,,,,,,,,,,,,2025-09-26T22:45:07.344Z,job_20250926_204453,2
68d71782df49affd617f05e6,822,68ce563252b33355379dfd7a,Technical Support regarding Product Info,Technical Support,Product Info,Neutral,,168254,168253,,,,,,,,,,,,,,,,,,,155144,Delta,,,,,,,,,,,,,,,,,,,Customer,Service Provider,,,,,,,,,,,,,,,,,,,true,false,,,,,,,,,,,,,,,,,,,Fri Nov 24 20:49:29 +0000 2017,Fri Nov 24 20:53:11 +0000 2017,,,,,,,,,,,,,,,,,,,@Delta should clothing companies remove all of the hoods from their clothing items to make you all feel more “comfortable” while we are boarding and on flights?,@155144 ...Leadership Team for a further internal review.  *AOS 2/2,,,,,,,,,,,,,,,,,,,2025-09-26T22:45:22.441Z,job_20250926_204453,2
68d717a1df49affd617f05e7,828,68ce563252b33355379dfd80,Complaint regarding Travel/Transportation,Complaint,Travel/Transportation,Negative,,169770,169768,169769,,,,,,,,,,,,,,,,,,154748,Delta,154748,,,,,,,,,,,,,,,,,,Customer,Service Provider,Customer,,,,,,,,,,,,,,,,,,true,false,true,,,,,,,,,,,,,,,,,,Fri Nov 24 21:34:15 +0000 2017,Fri Nov 24 21:42:58 +0000 2017,Fri Nov 24 21:49:57 +0000 2017,,,,,,,,,,,,,,,,,,"According to @Delta, even with a seat open next to my partner, being able to sit next them is a privilege that only the highest paying customers deserve. This is how they defend their actions.  #badcustomerservice #delta #badservice https://t.co/5KYiu74okt",@154748 You only ask that that you call us to let us know you were traveling together. We could have then linked the reservations so that our teams would have known you were traveling together. I'm sorry we did not know in advance of your travels. *HJH,"@Delta Ok so @delta is pushing the blame on the customer for their bad customer service? Why not let me sit next to my partner anyway? It literally wouldn't have caused you any logistical problems - he had an empty seat next to him. Plus, it was Thanksgiving day! #BadService",,,,,,,,,,,,,,,,,,2025-09-26T22:45:53.475Z,job_20250926_204453,2
68d717acdf49affd617f05e8,833,68ce563252b33355379dfd85,Other regarding General,Other,General,Neutral,,169783,169782,,,,,,,,,,,,,,,,,,,155548,Delta,,,,,,,,,,,,,,,,,,,Customer,Service Provider,,,,,,,,,,,,,,,,,,,true,false,,,,,,,,,,,,,,,,,,,Fri Nov 24 21:24:41 +0000 2017,Fri Nov 24 21:26:54 +0000 2017,,,,,,,,,,,,,,,,,,,@Delta just sent you a DM please advise. Thanks,@155548 Hello Jonathan! Please give me a moment to review.  *HKS,,,,,,,,,,,,,,,,,,,2025-09-26T22:46:04.508Z,job_20250926_204453,2
68d717bbdf49affd617f05e9,840,68ce563252b33355379dfd8c,Feedback regarding General,Feedback,General,Positive,,171227,171226,,,,,,,,,,,,,,,,,,,155954,Delta,,,,,,,,,,,,,,,,,,,Customer,Service Provider,,,,,,,,,,,,,,,,,,,true,false,,,,,,,,,,,,,,,,,,,Fri Nov 24 22:09:41 +0000 2017,Fri Nov 24 22:12:22 +0000 2017,,,,,,,,,,,,,,,,,,,"Best flight crew ever @delta flight 1809 MOB-ATL Nov.24,2017.",@155954 That's AWESOME! We're glad to hear that you enjoy the crew. Thanks for choosing to fly with us. ✈ *AMC,,,,,,,,,,,,,,,,,,,2025-09-26T22:46:19.173Z,job_20250926_204453,2
68d717d8df49affd617f05ea,845,68ce563252b33355379dfd91,Complaint regarding Technical Support,Complaint,Technical Support,Negative,,171239,171237,171238,171240,,,,,,,,,,,,,,,,,155959,Delta,155959,Delta,,,,,,,,,,,,,,,,,Customer,Service Provider,Customer,Service Provider,,,,,,,,,,,,,,,,,true,false,true,false,,,,,,,,,,,,,,,,,Fri Nov 24 21:56:32 +0000 2017,Fri Nov 24 22:06:11 +0000 2017,Fri Nov 24 22:13:38 +0000 2017,Fri Nov 24 22:16:05 +0000 2017,,,,,,,,,,,,,,,,,"@Delta couldn’t be more disappointed in the lack of service at your Sky Club attendant at the A gates in Atl today.  Horrible, left in disgust.","@155959 Cara, I wish your experience was better than you had. We must do better! *TBW",@Delta Tell that to your front desk attendant in atl a-17 gate.  We are first class travelers with a delta reserve card!,@155959 I will be happy to forward your comments to our leadership in ATL. This must be addressed. We want to make sure all of our passengers have a positive experience. *TBW,,,,,,,,,,,,,,,,,2025-09-26T22:46:48.150Z,job_20250926_204453,2
68d717f0df49affd617f05eb,847,68ce563252b33355379dfd93,Account/Billing regarding General,Account/Billing,General,Neutral,,171244,171243,,,,,,,,,,,,,,,,,,,155961,Delta,,,,,,,,,,,,,,,,,,,Customer,Service Provider,,,,,,,,,,,,,,,,,,,true,false,,,,,,,,,,,,,,,,,,,Fri Nov 24 20:49:24 +0000 2017,Fri Nov 24 22:05:40 +0000 2017,,,,,,,,,,,,,,,,,,,"Hi @Delta, I know it has been a while since you flew to Istanbul, but I would expect better than a question like this on your in flight quiz. Turkey is a secular republic with a Muslim majority population. Women may wear what they want. #dontmesswithmydress https://t.co/qR3XTQncxd","@155961 Items left in the Sky Club, or left with us in general, are usually turned in to a central Lost &amp; Found location. I'll message the airport to let them know about it, but I recommend that you fill out the Lost Item form at https://t.co/4BXOC1oBNX as well. *HWG",,,,,,,,,,,,,,,,,,,2025-09-26T22:47:12.950Z,job_20250926_204453,2
68d71802df49affd617f05ec,848,68ce563252b33355379dfd94,Complaint regarding Technical Support,Complaint,Technical Support,Negative,,171246,171245,,,,,,,,,,,,,,,,,,,155962,Delta,,,,,,,,,,,,,,,,,,,Customer,Service Provider,,,,,,,,,,,,,,,,,,,true,false,,,,,,,,,,,,,,,,,,,Fri Nov 24 21:52:05 +0000 2017,Fri Nov 24 22:04:44 +0000 2017,,,,,,,,,,,,,,,,,,,@Delta gate agent could be the worst experience in long time Greensboro flight 2457,"@155962 Jonathan, I am sorry to hear that our gate agent was less that expected when it comes to service. Please DM details so that I can make sure this gets addressed. *TBW https://t.co/6iDGBJAc2m",,,,,,,,,,,,,,,,,,,2025-09-26T22:47:30.604Z,job_20250926_204453,2
68d71810df49affd617f05ed,856,68ce563252b33355379dfd9c,Other regarding General,Other,General,Neutral,,171279,171277,171278,,,,,,,,,,,,,,,,,,155973,Delta,155973,,,,,,,,,,,,,,,,,,Customer,Service Provider,Customer,,,,,,,,,,,,,,,,,,true,false,true,,,,,,,,,,,,,,,,,,Fri Nov 24 21:36:54 +0000 2017,Fri Nov 24 21:45:44 +0000 2017,Fri Nov 24 21:46:58 +0000 2017,,,,,,,,,,,,,,,,,,hey @Delta i have a question,@155973 I’d be delighted to assist. Please follow and DM your confirmation number.  *AFC https://t.co/6iDGBJRMTU,@Delta do you play fallout new vegas,,,,,,,,,,,,,,,,,,2025-09-26T22:47:44.603Z,job_20250926_204453,2
68d71821df49affd617f05ee,857,68ce563252b33355379dfd9d,Complaint regarding Travel/Transportation,Complaint,Travel/Transportation,Negative,,171281,171280,,,,,,,,,,,,,,,,,,,155974,Delta,,,,,,,,,,,,,,,,,,,Customer,Service Provider,,,,,,,,,,,,,,,,,,,true,false,,,,,,,,,,,,,,,,,,,Fri Nov 24 21:24:29 +0000 2017,Fri Nov 24 21:45:31 +0000 2017,,,,,,,,,,,,,,,,,,,@Delta really bad experience on our first flight with our baby. bassinet seat  was confirmed. But we are now being told it’s a different aircraft and have to hold the baby on lap on a 11hr flight,"@155974 Rohit, we apologize for the inconvenience with the bassinet. *ACJ",,,,,,,,,,,,,,,,,,,2025-09-26T22:48:01.641Z,job_20250926_204453,2
68d71834df49affd617f05ef,859,68ce563252b33355379dfd9f,Complaint regarding Technical Support,Complaint,Technical Support,Negative,,172568,172567,,,,,,,,,,,,,,,,,,,156333,Delta,,,,,,,,,,,,,,,,,,,Customer,Service Provider,,,,,,,,,,,,,,,,,,,true,false,,,,,,,,,,,,,,,,,,,Fri Nov 24 22:39:18 +0000 2017,Fri Nov 24 22:40:44 +0000 2017,,,,,,,,,,,,,,,,,,,.@Delta is THE WORST AIRLINE. Treat their PLATINUM MEDALLION customers like shit!!! Spent over $25k+ this year.  Gave my JFK-&gt;LAX  seat!!!,@156333 Hello Evan! I apologize for the inconvenience. Please follow/DM your confirmation number.  *HKS https://t.co/6iDGBJAc2m,,,,,,,,,,,,,,,,,,,2025-09-26T22:48:20.628Z,job_20250926_204453,2
68d7185edf49affd617f05f0,875,68ce563252b33355379dfdaf,Complaint regarding Technical Support,Complaint,Technical Support,Negative,,174676,174674,174675,174677,174678,174679,,,,,,,,,,,,,,,156964,Delta,156964,Delta,156964,Delta,,,,,,,,,,,,,,,Customer,Service Provider,Customer,Service Provider,Customer,Service Provider,,,,,,,,,,,,,,,true,false,true,false,true,false,,,,,,,,,,,,,,,Fri Nov 24 23:38:24 +0000 2017,Fri Nov 24 23:41:36 +0000 2017,Fri Nov 24 23:45:28 +0000 2017,Fri Nov 24 23:51:08 +0000 2017,Fri Nov 24 23:56:58 +0000 2017,Sat Nov 25 00:15:02 +0000 2017,,,,,,,,,,,,,,,@Delta making it impossible to book their Black Friday deals. Price jumped at point of checkout. Currently on 5th customer service tech #frustrated,"@156964 Yikes, I regret hearing our website is not working properly. DO let us know if there is anything we can do for you via this channel.  *AST",@Delta Can a CS tech price adjust the flight? The $700 flight that I selected jumped to $800 at point of purchase.,"@156964 We don't guarantee prices, Ryan. If the system is not allowing you to purchase it, then, regretfully the fare is no longer available.  *AST","@Delta No Delta, that is poor customer service. It ended up being an $100 phone call to your customer service team.","@156964 I am so sorry, as we don't have control of toll charges for this phones calls. Again, if any travel assistance is needed please let us know.  *AST",,,,,,,,,,,,,,,2025-09-26T22:49:02.137Z,job_20250926_204453,2
68d7186adf49affd617f05f1,879,68ce563252b33355379dfdb3,Other regarding General,Other,General,Negative,,175512,175510,175511,,,,,,,,,,,,,,,,,,157226,Delta,157226,,,,,,,,,,,,,,,,,,Customer,Service Provider,Customer,,,,,,,,,,,,,,,,,,true,false,true,,,,,,,,,,,,,,,,,,Sat Nov 25 00:11:43 +0000 2017,Sat Nov 25 00:12:40 +0000 2017,Sat Nov 25 00:14:07 +0000 2017,,,,,,,,,,,,,,,,,,virgin @Delta,"@157226 Hello, there. How can we help? *AOS",@Delta bomb has been planted,,,,,,,,,,,,,,,,,,2025-09-26T22:49:14.655Z,job_20250926_204453,2
68d7187adf49affd617f05f2,886,68ce563252b33355379dfdba,Feedback regarding General,Feedback,General,Positive,,175542,175541,,,,,,,,,,,,,,,,,,,157235,Delta,,,,,,,,,,,,,,,,,,,Customer,Service Provider,,,,,,,,,,,,,,,,,,,true,false,,,,,,,,,,,,,,,,,,,Fri Nov 24 23:57:43 +0000 2017,Fri Nov 24 23:59:26 +0000 2017,,,,,,,,,,,,,,,,,,,Hey @Delta - I love so much that your app tells me my bag has been loaded onto the aircraft! Such great peace of mind while traveling. Thank you!,"@157235 Hello, Jacki. Thank you for the kudos and we love you too! Always the best for our customers.  *AFM",,,,,,,,,,,,,,,,,,,2025-09-26T22:49:30.518Z,job_20250926_204453,2
68d71885df49affd617f05f3,887,68ce563252b33355379dfdbb,Feedback regarding General,Feedback,General,Positive,,175544,175543,,,,,,,,,,,,,,,,,,,157236,Delta,,,,,,,,,,,,,,,,,,,Customer,Service Provider,,,,,,,,,,,,,,,,,,,true,false,,,,,,,,,,,,,,,,,,,Fri Nov 24 23:58:10 +0000 2017,Fri Nov 24 23:58:31 +0000 2017,,,,,,,,,,,,,,,,,,,only airline that has never lost my luggage love u @delta,@157236 We love you too!! *HCA,,,,,,,,,,,,,,,,,,,2025-09-26T22:49:41.936Z,job_20250926_204453,2
68d7189bdf49affd617f05f4,891,68ce563252b33355379dfdbf,Feedback regarding General,Feedback,General,Positive,,175556,175555,175554,175553,,,,,,,,,,,,,,,,,157239,Delta,157239,Delta,,,,,,,,,,,,,,,,,Customer,Service Provider,Customer,Service Provider,,,,,,,,,,,,,,,,,true,false,true,false,,,,,,,,,,,,,,,,,Fri Nov 24 23:43:12 +0000 2017,Fri Nov 24 23:44:33 +0000 2017,Fri Nov 24 23:46:01 +0000 2017,Fri Nov 24 23:56:03 +0000 2017,,,,,,,,,,,,,,,,,Goin back to Cali! @9944 #tistheseason #HappyHolidays2017 - can’t wait for my @Delta flight back! So far so good... https://t.co/59DwrUkUBy,@157239 Beautiful photograph! Thanks for sharing and for choosing us as your airline of travel.  *AST,@Delta Of course. We are proud @Delta flyers. For almost 30 years!!,@157239 Nice! You are part of our legacy. We will see you in the blue skies soon! *AST,,,,,,,,,,,,,,,,,2025-09-26T22:50:03.810Z,job_20250926_204453,2
68d718acdf49affd617f05f5,902,68ce563252b33355379dfdca,Feedback regarding General,Feedback,General,Positive,,176604,176603,,,,,,,,,,,,,,,,,,,157551,Delta,,,,,,,,,,,,,,,,,,,Customer,Service Provider,,,,,,,,,,,,,,,,,,,true,false,,,,,,,,,,,,,,,,,,,Sat Nov 25 00:18:31 +0000 2017,Sat Nov 25 00:24:51 +0000 2017,,,,,,,,,,,,,,,,,,,@Delta thank you again for another awesome flight from #Miami to #msp. Crew was hilarious and awesome. #SafetyFirst,"@157551 We're always happy to have you onboard, Nicole. Thank you for flying with us! ✈ *AFN",,,,,,,,,,,,,,,,,,,2025-09-26T22:50:20.191Z,job_20250926_204453,2
68d718bcdf49affd617f05f6,913,68ce563252b33355379dfdd5,Technical Support regarding Travel/Transportation,Technical Support,Travel/Transportation,Negative,,178730,178729,,,,,,,,,,,,,,,,,,,158122,Delta,,,,,,,,,,,,,,,,,,,Customer,Service Provider,,,,,,,,,,,,,,,,,,,true,false,,,,,,,,,,,,,,,,,,,Wed Oct 04 15:35:53 +0000 2017,Wed Oct 04 15:54:10 +0000 2017,,,,,,,,,,,,,,,,,,,@Delta #DL3378 just sitting on the Taxi Way for the last 25 mins pilot has said nothing while we are waiting. Late Service again.,@158122 I am so sorry. I checked the flight not showing anything for that  flight or in our operations memo for Atlanta. *TJM,,,,,,,,,,,,,,,,,,,2025-09-26T22:50:36.238Z,job_20250926_204453,2
68d718cbdf49affd617f05f7,915,68ce563252b33355379dfdd7,Order Status regarding Travel/Flights,Order Status,Travel/Flights,Neutral,,178734,178733,,,,,,,,,,,,,,,,,,,158124,Delta,,,,,,,,,,,,,,,,,,,Customer,Service Provider,,,,,,,,,,,,,,,,,,,true,false,,,,,,,,,,,,,,,,,,,Wed Oct 04 15:31:09 +0000 2017,Wed Oct 04 15:42:56 +0000 2017,,,,,,,,,,,,,,,,,,,Hey @Delta please see my DM as I'm hoping you can help me with a flight change and make my day! Thanks!,"@158124 Hi, Amanda thank you for your patience. Unfortunately, the Delta Comfort+ is not available on the 8 am flight.  *TDH",,,,,,,,,,,,,,,,,,,2025-09-26T22:50:51.690Z,job_20250926_204453,2
68d718d9df49affd617f05f8,924,68ce563252b33355379dfde0,Technical Support regarding General,Technical Support,General,Negative,,178779,178778,,,,,,,,,,,,,,,,,,,158133,Delta,,,,,,,,,,,,,,,,,,,Customer,Service Provider,,,,,,,,,,,,,,,,,,,true,false,,,,,,,,,,,,,,,,,,,Wed Oct 04 14:18:15 +0000 2017,Wed Oct 04 14:57:37 +0000 2017,,,,,,,,,,,,,,,,,,,@Delta I purchased $20 wifi for the day and it's the slowest I've ever experienced! What gives?,"@158133 Hello, Cat. Very sorry to hear about this. If you need any help, let us know.  *ARD",,,,,,,,,,,,,,,,,,,2025-09-26T22:51:05.988Z,job_20250926_204453,2
68d718eadf49affd617f05f9,936,68ce563252b33355379dfdec,Technical Support regarding Travel/Itinerary,Technical Support,Travel/Itinerary,Negative,,178840,178839,,,,,,,,,,,,,,,,,,,158153,Delta,,,,,,,,,,,,,,,,,,,Customer,Service Provider,,,,,,,,,,,,,,,,,,,true,false,,,,,,,,,,,,,,,,,,,Wed Oct 04 13:27:12 +0000 2017,Wed Oct 04 13:49:44 +0000 2017,,,,,,,,,,,,,,,,,,,@Delta nothing more irritating when you buy your ticket last week and u check in this morning with a gate assign seat,@158153 Oh wow! My sincere apologies for your inconvenience. Please DM your Delta confirmation for today's travel and  *HAN,,,,,,,,,,,,,,,,,,,2025-09-26T22:51:22.902Z,job_20250926_204453,2
68d718f8df49affd617f05fa,942,68ce563252b33355379dfdf2,Product Inquiry regarding Travel/Flight,Product Inquiry,Travel/Flight,Neutral,,178892,178891,,,,,,,,,,,,,,,,,,,158169,Delta,,,,,,,,,,,,,,,,,,,Customer,Service Provider,,,,,,,,,,,,,,,,,,,true,false,,,,,,,,,,,,,,,,,,,Wed Oct 04 13:02:46 +0000 2017,Wed Oct 04 13:08:37 +0000 2017,,,,,,,,,,,,,,,,,,,Is there a fee to check bags under these eyes?  #early #delta @Delta,@158169 with a big friendly smile and free of charge.  Enjoy your flight !😊 *HAN,,,,,,,,,,,,,,,,,,,2025-09-26T22:51:36.948Z,job_20250926_204453,2
68d71906df49affd617f05fb,945,68ce563252b33355379dfdf5,Feedback regarding General,Feedback,General,Positive,,180463,180462,,,,,,,,,,,,,,,,,,,158437,Delta,,,,,,,,,,,,,,,,,,,Customer,Service Provider,,,,,,,,,,,,,,,,,,,true,false,,,,,,,,,,,,,,,,,,,Wed Oct 04 12:53:34 +0000 2017,Wed Oct 04 12:54:39 +0000 2017,,,,,,,,,,,,,,,,,,,@delta proves once again why they are my #1. Way to be there for the #LasVegasShooting victims,"@158437 Hello, Carla.We thank you for your kind words, and for choosing us!  *ARD",,,,,,,,,,,,,,,,,,,2025-09-26T22:51:50.118Z,job_20250926_204453,2
68d71915df49affd617f05fc,951,68ce563252b33355379dfdfb,Technical Support regarding General,Technical Support,General,Negative,,181178,181177,,,,,,,,,,,,,,,,,,,158544,Delta,,,,,,,,,,,,,,,,,,,Customer,Service Provider,,,,,,,,,,,,,,,,,,,true,false,,,,,,,,,,,,,,,,,,,Wed Oct 04 13:30:45 +0000 2017,Wed Oct 04 13:59:45 +0000 2017,,,,,,,,,,,,,,,,,,,@DELTA Check-in staff are ridiculously slow at PIT. 3 people for a line of maybe 30 and no movement for at least 20 minutes.,"@158544 Hello, Joshua. Sorry for the delay. If you need any help, let us know.  *ARD",,,,,,,,,,,,,,,,,,,2025-09-26T22:52:05.875Z,job_20250926_204453,2
68d7192bdf49affd617f05fd,953,68ce563252b33355379dfdfd,Complaint regarding Travel Experience,Complaint,Travel Experience,Negative,,181365,181364,181363,181362,,,,,,,,,,,,,,,,,158597,Delta,158597,Delta,,,,,,,,,,,,,,,,,Customer,Service Provider,Customer,Service Provider,,,,,,,,,,,,,,,,,true,false,true,false,,,,,,,,,,,,,,,,,Wed Oct 04 12:15:48 +0000 2017,Wed Oct 04 12:17:18 +0000 2017,Wed Oct 04 12:18:39 +0000 2017,Wed Oct 04 12:19:37 +0000 2017,,,,,,,,,,,,,,,,,Good thing I'm in shape @delta.  Running across the airport for my bag that u made me check for no REASON,@158597 Apologies for the rushed start Lindsay. We'll do our best to make it a smoother process the next time. *HKM,@Delta Well hopefully for my sake there won't be a next time.  This is ridiculous,@158597 I'm sorry. I hope that'll you'll change your mind in the future. *HKM,,,,,,,,,,,,,,,,,2025-09-26T22:52:27.528Z,job_20250926_204453,2
68d7193bdf49affd617f05fe,963,68ce563252b33355379dfe07,Feedback regarding General,Feedback,General,Positive,,181499,181498,,,,,,,,,,,,,,,,,,,158642,Delta,,,,,,,,,,,,,,,,,,,Customer,Service Provider,,,,,,,,,,,,,,,,,,,true,false,,,,,,,,,,,,,,,,,,,Wed Oct 04 11:04:29 +0000 2017,Wed Oct 04 11:08:13 +0000 2017,,,,,,,,,,,,,,,,,,,Thanks @Delta for a great flight experience this morning (incl. early arrival). Maybe the #FullMoon was a good luck charm? https://t.co/e8OpHq56de,"@158642 Wow! Gorgeous picture, Simone. Thank you for sharing. So happy to hear you had a great flight. Have a wonderful day.  *TJW",,,,,,,,,,,,,,,,,,,2025-09-26T22:52:43.793Z,job_20250926_204453,2
68d7194adf49affd617f05ff,971,68ce563252b33355379dfe0f,Complaint regarding Travel,Complaint,Travel,Negative,,181611,181610,,,,,,,,,,,,,,,,,,,158666,Delta,,,,,,,,,,,,,,,,,,,Customer,Service Provider,,,,,,,,,,,,,,,,,,,true,false,,,,,,,,,,,,,,,,,,,Wed Oct 04 10:08:20 +0000 2017,Wed Oct 04 10:12:52 +0000 2017,,,,,,,,,,,,,,,,,,,"Soooo, @Delta delayed my flight to Rome and now I won't get to Stockholm for another 11 hours. I'm $300 poorer, hungry and sleep deprived. 😑",@158666 I'm sorry for the inconveniences.  *AMR,,,,,,,,,,,,,,,,,,,2025-09-26T22:52:58.232Z,job_20250926_204453,2
68d71959df49affd617f0600,972,68ce563252b33355379dfe10,Feedback regarding General,Feedback,General,Neutral,,181614,181613,,,,,,,,,,,,,,,,,,,158600,Delta,,,,,,,,,,,,,,,,,,,Customer,Service Provider,,,,,,,,,,,,,,,,,,,true,false,,,,,,,,,,,,,,,,,,,Wed Oct 04 10:10:09 +0000 2017,Wed Oct 04 10:11:30 +0000 2017,,,,,,,,,,,,,,,,,,,"Welp Toronto, it's been real. See you in a couple of weeks. @Delta Thanks for the ride home....\n\nYYZ↗️MSP↘️ ✈️ https://t.co/2k6kfWNVVI",@158600 Thank you for the cool pic! *ALY,,,,,,,,,,,,,,,,,,,2025-09-26T22:53:13.497Z,job_20250926_204453,2
68d71969df49affd617f0601,973,68ce563252b33355379dfe11,Product Information regarding Product Info,Product Information,Product Info,Positive,,181652,181651,,,,,,,,,,,,,,,,,,,158679,Delta,,,,,,,,,,,,,,,,,,,Customer,Service Provider,,,,,,,,,,,,,,,,,,,true,false,,,,,,,,,,,,,,,,,,,Wed Oct 04 12:24:58 +0000 2017,Wed Oct 04 12:31:16 +0000 2017,,,,,,,,,,,,,,,,,,,"Thank you @Delta, glad to see free WiFi for in flight messaging! Now, about getting 2KU on all of your planes... https://t.co/kcJvxb2y7t","@158679 Our pleasure! Well, we keep climbing! 👐 *ALY",,,,,,,,,,,,,,,,,,,2025-09-26T22:53:29.884Z,job_20250926_204453,2
68d7197adf49affd617f0602,975,68ce563252b33355379dfe13,Technical Support regarding Technical,Technical Support,Technical,Neutral,,181714,181713,,,,,,,,,,,,,,,,,,,158694,Delta,,,,,,,,,,,,,,,,,,,Customer,Service Provider,,,,,,,,,,,,,,,,,,,true,false,,,,,,,,,,,,,,,,,,,Wed Oct 04 22:28:43 +0000 2017,Wed Oct 04 22:29:35 +0000 2017,,,,,,,,,,,,,,,,,,,@Delta I'm unable to check into my flight because of a technical error on the website. Is there a # to call? Can you handle over DM?,@158694 Oh no! So sorry for that. Could you provide your confirmation number via DM so I can assist?  *TDL https://t.co/6iDGBJAc2m,,,,,,,,,,,,,,,,,,,2025-09-26T22:53:46.748Z,job_20250926_204453,2
68d71988df49affd617f0603,976,68ce563252b33355379dfe14,Complaint regarding Technical Support,Complaint,Technical Support,Negative,,181716,181715,,,,,,,,,,,,,,,,,,,158695,Delta,,,,,,,,,,,,,,,,,,,Customer,Service Provider,,,,,,,,,,,,,,,,,,,true,false,,,,,,,,,,,,,,,,,,,Wed Oct 04 22:26:00 +0000 2017,Wed Oct 04 22:28:46 +0000 2017,,,,,,,,,,,,,,,,,,,@JetBlue why are you letting me buy tkts then canceling?? I lost interest in this airline. @137434 @SouthwestAir @Delta,"@158695 Hi there, how may I be of assistance?  *AST",,,,,,,,,,,,,,,,,,,2025-09-26T22:54:00.966Z,job_20250926_204453,2
68d71997df49affd617f0604,978,68ce563252b33355379dfe16,Feedback regarding Technical Support,Feedback,Technical Support,Positive,,181720,181719,,,,,,,,,,,,,,,,,,,158697,Delta,,,,,,,,,,,,,,,,,,,Customer,Service Provider,,,,,,,,,,,,,,,,,,,true,false,,,,,,,,,,,,,,,,,,,Sat Nov 25 01:54:31 +0000 2017,Sat Nov 25 01:56:12 +0000 2017,,,,,,,,,,,,,,,,,,,Appreciate Karen's telephone help @Delta for accommodating changes with late night #flightdelay,"@158697 So glad to hear that, Dan. Always the best for our customers.  *AFM",,,,,,,,,,,,,,,,,,,2025-09-26T22:54:15.077Z,job_20250926_204453,2
68d719a6df49affd617f0605,980,68ce563252b33355379dfe18,Feedback regarding General,Feedback,General,Positive,,181726,181725,,,,,,,,,,,,,,,,,,,158699,Delta,,,,,,,,,,,,,,,,,,,Customer,Service Provider,,,,,,,,,,,,,,,,,,,true,false,,,,,,,,,,,,,,,,,,,Wed Oct 04 22:23:28 +0000 2017,Wed Oct 04 22:26:53 +0000 2017,,,,,,,,,,,,,,,,,,,Thanks @Delta 4 doing the right thing! Just announced to refrain from 🥜 due to allergic passenger. It's not me but ❤️that you care! #dl776,@158699 You are very welcome. Safety first!! ✈ *AMC,,,,,,,,,,,,,,,,,,,2025-09-26T22:54:30.295Z,job_20250926_204453,2
68d719b9df49affd617f0606,983,68ce563252b33355379dfe1b,Account/Billing regarding Travel Rewards,Account/Billing,Travel Rewards,Neutral,,181749,181748,,,,,,,,,,,,,,,,,,,50633,Delta,,,,,,,,,,,,,,,,,,,Customer,Service Provider,,,,,,,,,,,,,,,,,,,true,false,,,,,,,,,,,,,,,,,,,Sat Nov 25 01:45:54 +0000 2017,Sat Nov 25 01:47:18 +0000 2017,,,,,,,,,,,,,,,,,,,@Delta I need help signing up with your travel rewards. The wrong name got added to the account. I went in and changed it but it's still telling me the names don't match. Help Please!!,@50633 Can you DM your SkyMiles account # to the link provided? I will be glad to look into this for you.  *TBT https://t.co/6iDGBJAc2m,,,,,,,,,,,,,,,,,,,2025-09-26T22:54:49.118Z,job_20250926_204453,2
68d719cadf49affd617f0607,984,68ce563252b33355379dfe1c,Feedback regarding General,Feedback,General,Positive,,181757,181753,181750,181751,181754,181755,,,,,,,,,,,,,,,158707,158706,Delta,158707,158707,158706,,,,,,,,,,,,,,,Customer,Customer,Service Provider,Customer,Customer,Customer,,,,,,,,,,,,,,,true,true,false,true,true,true,,,,,,,,,,,,,,,Sat Nov 25 01:40:18 +0000 2017,Sat Nov 25 01:40:38 +0000 2017,Sat Nov 25 01:45:50 +0000 2017,Sat Nov 25 01:57:39 +0000 2017,Sat Nov 25 02:03:07 +0000 2017,Sat Nov 25 02:11:13 +0000 2017,,,,,,,,,,,,,,,Your services are the absolute bomb! @Delta,@158707 @Delta 👀,"@158706 Thank you, have a wonderful weekend.😊 *TBT",@Delta @158706 panda delete your tweet i need the front page of meirl,@Delta @158706 It deleted my tweet too :(,@158707 @Delta sorry uwu,,,,,,,,,,,,,,,2025-09-26T22:55:06.338Z,job_20250926_204453,2
68d719e7df49affd617f0608,986,68ce563252b33355379dfe1e,Product Inquiry regarding Account/Billing,Product Inquiry,Account/Billing,Neutral,,181762,181760,181761,181763,181764,181765,181766,181767,,,,,,,,,,,,,158709,Delta,158709,Delta,158709,Delta,158709,Delta,,,,,,,,,,,,,Customer,Service Provider,Customer,Service Provider,Customer,Service Provider,Customer,Service Provider,,,,,,,,,,,,,true,false,true,false,true,false,true,false,,,,,,,,,,,,,Sat Nov 25 01:33:09 +0000 2017,Sat Nov 25 01:35:02 +0000 2017,Sat Nov 25 02:01:07 +0000 2017,Sat Nov 25 02:06:17 +0000 2017,Sat Nov 25 02:22:03 +0000 2017,Sat Nov 25 02:23:04 +0000 2017,Sat Nov 25 02:33:23 +0000 2017,Sat Nov 25 02:38:20 +0000 2017,,,,,,,,,,,,,@Delta should I get credit for China southern mileage?,"@158709 Hi, are you referring to earning miles with us while flying with them?  *AST",@Delta Yeah!,@158709 Yes you can earn miles when flying with them as they are part of the Sky Team. *AST,@Delta I flew with them a couple weeks ago. I didn’t receive credit,@158709 Did you attach your SkyMiles account to your reservation?  *AST,@Delta Yes I got credit for the part that I flew to lax but not the rest of the trip,@158709 Okey dokey. Can you please share your SkyMiles account and your ticket number via DM.  *AST https://t.co/6iDGBJAc2m,,,,,,,,,,,,,2025-09-26T22:55:35.960Z,job_20250926_204453,2
68d71a03df49affd617f0609,992,68ce563252b33355379dfe24,Complaint regarding Technical Support,Complaint,Technical Support,Negative,,181951,181950,181949,181945,181946,,,,,,,,,,,,,,,,158763,158763,158763,Delta,158763,,,,,,,,,,,,,,,,Customer,Customer,Customer,Service Provider,Customer,,,,,,,,,,,,,,,,true,true,true,false,true,,,,,,,,,,,,,,,,Wed Oct 04 22:10:42 +0000 2017,Wed Oct 04 22:12:17 +0000 2017,Wed Oct 04 22:14:29 +0000 2017,Wed Oct 04 22:20:23 +0000 2017,Wed Oct 04 22:27:43 +0000 2017,,,,,,,,,,,,,,,,It’s wild to me that @Delta doesn’t haven’t a better system by which customers can retrieve lost items. Y’all have all the info already 🤔,"@Delta I was on a flight yesterday, told to return today. Am now am being directed to an online form so they can send it to me from a warehouse? 😑","@Delta Y’all literally could have looked up who was sitting in 26F and matched the found item to the passenger but no, y’all decide to ship it off.","@158763 Hi Angie, pls me know if you're in need of assistance. *AAB",@Delta Add to it this odd and truly unhelpful tweet from you all. https://t.co/8MQyKr0MNy,,,,,,,,,,,,,,,,2025-09-26T22:56:03.575Z,job_20250926_204453,2
68d71a17df49affd617f060a,993,68ce563252b33355379dfe25,Other regarding Travel,Other,Travel,Positive,,181960,181959,,,,,,,,,,,,,,,,,,,158767,Delta,,,,,,,,,,,,,,,,,,,Customer,Service Provider,,,,,,,,,,,,,,,,,,,true,false,,,,,,,,,,,,,,,,,,,Wed Oct 04 22:14:20 +0000 2017,Wed Oct 04 22:20:09 +0000 2017,,,,,,,,,,,,,,,,,,,Flying @delta to @14415 #ATL. Stoked for this conference. Glad to be heading down with good friends. https://t.co/qSE3052XOo https://t.co/FbV7IIniYw,@158767 And we are glad to have you all in our flight. Enjoy! #KeepClimbing ✈  *AST,,,,,,,,,,,,,,,,,,,2025-09-26T22:56:23.987Z,job_20250926_204453,2
68d71a33df49affd617f060b,683,68ce563252b33355379dfcef,Technical Support regarding General,Technical Support,General,Neutral,,144551,144550,144548,144547,,,,,,,,,,,,,,,,,148692,Delta,148692,Delta,,,,,,,,,,,,,,,,,Customer,Service Provider,Customer,Service Provider,,,,,,,,,,,,,,,,,true,false,true,false,,,,,,,,,,,,,,,,,Fri Nov 24 13:33:02 +0000 2017,Fri Nov 24 13:34:37 +0000 2017,Fri Nov 24 13:36:37 +0000 2017,Fri Nov 24 13:37:42 +0000 2017,,,,,,,,,,,,,,,,,@Delta hi. This page in your app has been riddled with problems for years. Fares in the five figures or page errors. Can you pass to team? Reported this in past but so buggy. Help! Need this page!! Have a great day. https://t.co/L4VnMKVn5b,"@148692 David, thank you so much for providing your feedback. I would be happy to forward this onto our leadership team to take a look at. *TBW","@Delta Thank you . It seems to be a weekly issue. Sometimes they show “DEALS” for $46,000 flights or things like this. LOL. But it is pretty constant.",@148692 ...decisions for future enhancements to our program.  *ATJ 2/2,,,,,,,,,,,,,,,,,2025-09-26T22:56:51.728Z,job_20250926_204453,2
68d71a47df49affd617f060c,684,68ce563252b33355379dfcf0,Complaint regarding Technical Support,Complaint,Technical Support,Negative,,144554,144553,144552,,,,,,,,,,,,,,,,,,148693,148693,Delta,,,,,,,,,,,,,,,,,,Customer,Customer,Service Provider,,,,,,,,,,,,,,,,,,true,true,false,,,,,,,,,,,,,,,,,,Fri Nov 24 13:19:32 +0000 2017,Fri Nov 24 13:21:36 +0000 2017,Fri Nov 24 13:27:37 +0000 2017,,,,,,,,,,,,,,,,,,@Delta DL2317 only one offer of drinks/snacks was not worth upgrade. Attendants sitting &amp; talking at front. Not a good experience.,"@Delta Would not recommend this flight crew, very nice and professional, but not good first class experience.",@148693 Please DM your confirmation code. Thanks. *TMA,,,,,,,,,,,,,,,,,,2025-09-26T22:57:11.392Z,job_20250926_204453,2
68d71a59df49affd617f060d,686,68ce563252b33355379dfcf2,Account/Billing regarding Orders,Account/Billing,Orders,Neutral,,144558,144557,,,,,,,,,,,,,,,,,,,148695,Delta,,,,,,,,,,,,,,,,,,,Customer,Service Provider,,,,,,,,,,,,,,,,,,,true,false,,,,,,,,,,,,,,,,,,,Fri Nov 24 13:23:54 +0000 2017,Fri Nov 24 13:26:23 +0000 2017,,,,,,,,,,,,,,,,,,,"Hello @Delta my friends would like purchase special seats but there is an issue with the address ""province"" impossible for us to validate the payment. Could you please help us in DM 😊","@148695 Hi, Celia. I'm sorry for the inconvenience. Please DM your confirmation number. I'd be glad to look into this for you.  *TJH",,,,,,,,,,,,,,,,,,,2025-09-26T22:57:29.816Z,job_20250926_204453,2
68d71a63df49affd617f060e,687,68ce563252b33355379dfcf3,Other regarding General,Other,General,Neutral,,144560,144559,,,,,,,,,,,,,,,,,,,148696,Delta,,,,,,,,,,,,,,,,,,,Customer,Service Provider,,,,,,,,,,,,,,,,,,,true,false,,,,,,,,,,,,,,,,,,,Fri Nov 24 13:25:51 +0000 2017,Fri Nov 24 13:26:12 +0000 2017,,,,,,,,,,,,,,,,,,,Yo @Delta,"@148696 Hi,there. How may I assist?  *AJZ",,,,,,,,,,,,,,,,,,,2025-09-26T22:57:39.958Z,job_20250926_204453,2
68d71a71df49affd617f060f,688,68ce563252b33355379dfcf4,Feedback regarding General,Feedback,General,Positive,,144562,144561,,,,,,,,,,,,,,,,,,,148697,Delta,,,,,,,,,,,,,,,,,,,Customer,Service Provider,,,,,,,,,,,,,,,,,,,true,false,,,,,,,,,,,,,,,,,,,Fri Nov 24 13:11:18 +0000 2017,Fri Nov 24 13:13:41 +0000 2017,,,,,,,,,,,,,,,,,,,Boarding went well. Crew so far very good on @Delta 433 #JFK #noboeingnogoing,"@148697 Hi, Nicholas. We're happy to hear that. Have a great flight! *TJH",,,,,,,,,,,,,,,,,,,2025-09-26T22:57:53.195Z,job_20250926_204453,2
68d71a9bdf49affd617f0610,691,68ce563252b33355379dfcf7,Technical Support regarding Account/Billing,Technical Support,Account/Billing,Neutral,,146036,146034,146035,146037,146038,146039,146040,146041,,,,,,,,,,,,,149122,Delta,149122,Delta,149122,Delta,149122,Delta,,,,,,,,,,,,,Customer,Service Provider,Customer,Service Provider,Customer,Service Provider,Customer,Service Provider,,,,,,,,,,,,,true,false,true,false,true,false,true,false,,,,,,,,,,,,,Fri Nov 24 13:55:26 +0000 2017,Fri Nov 24 13:57:51 +0000 2017,Fri Nov 24 14:11:32 +0000 2017,Fri Nov 24 14:17:36 +0000 2017,Fri Nov 24 15:38:34 +0000 2017,Fri Nov 24 15:44:44 +0000 2017,Fri Nov 24 17:37:49 +0000 2017,Fri Nov 24 17:42:41 +0000 2017,,,,,,,,,,,,,@Delta you guys gave me a 200$ voucher but no way to apply it when buying a new ticket in the new app. Seems like a slight oversight...,"@149122 Oh, no. Thanks for bringing this to our attention. I will share this with our I.T. Team for internal review. Are you able to book from a laptop or desktop computer?  *AJZ","@Delta Wasn’t able to at the time, wasn’t able to use it. Would be great if someone else could apply","@149122 Understood. Hopefully, the next time this process will work for you.  *AJZ",@Delta I’m not sure you did haha - wondering if I could get anyone to apply the voucher and refund the difference. Bought the ticket less than 24 hours ago. Thanks in advance!,"@149122 No, you would have to cancel/refund the ticket and rebook it using the voucher. *TJE",@Delta Really? Noone can do it for me? Not as a efficient recommendation as I would expect from delta! I’m Platinum too,"@149122 We can definitely help you with this. Please DM your confirmation or ticket number and I'd be more than happy to assist you, Benjamin.  *TJE https://t.co/6iDGBJAc2m",,,,,,,,,,,,,2025-09-26T22:58:35.991Z,job_20250926_204453,2
68d71aaddf49affd617f0611,692,68ce563252b33355379dfcf8,Technical Support regarding General,Technical Support,General,Neutral,,146043,146042,,,,,,,,,,,,,,,,,,,149123,Delta,,,,,,,,,,,,,,,,,,,Customer,Service Provider,,,,,,,,,,,,,,,,,,,true,false,,,,,,,,,,,,,,,,,,,Fri Nov 24 13:41:47 +0000 2017,Fri Nov 24 13:48:17 +0000 2017,,,,,,,,,,,,,,,,,,,@delta we left our Columbia gray coat with a fur hood at gate A2 or at McDonalds. Please help!!!,"@149123 Hello, Lisa!  I am sorry about your lost coat. Please go to https://t.co/fWnlwsJFnV article and complete the form. We have a special department that connects the article to the passenger. Good luck! *TCC",,,,,,,,,,,,,,,,,,,2025-09-26T22:58:53.159Z,job_20250926_204453,2
68d71abcdf49affd617f0612,698,68ce563252b33355379dfcfe,Feedback regarding General,Feedback,General,Positive,,147571,147570,,,,,,,,,,,,,,,,,,,149543,Delta,,,,,,,,,,,,,,,,,,,Customer,Service Provider,,,,,,,,,,,,,,,,,,,true,false,,,,,,,,,,,,,,,,,,,Fri Nov 24 14:14:08 +0000 2017,Fri Nov 24 14:15:13 +0000 2017,,,,,,,,,,,,,,,,,,,@Delta mimosas.. a good way to start off my vacation. #firstclassflying #cancunorbust https://t.co/yPyPVSzOQD,@149543 Mimosas are definitely my favorite way to celebrate a morning flight! Enjoy your time in Cancun! *TBW,,,,,,,,,,,,,,,,,,,2025-09-26T22:59:08.382Z,job_20250926_204453,2
68d71ad0df49affd617f0613,706,68ce563252b33355379dfd06,Product Inquiry regarding Travel/Flight,Product Inquiry,Travel/Flight,Neutral,,150808,150807,150806,150805,,,,,,,,,,,,,,,,,150404,Delta,150404,Delta,,,,,,,,,,,,,,,,,Customer,Service Provider,Customer,Service Provider,,,,,,,,,,,,,,,,,true,false,true,false,,,,,,,,,,,,,,,,,Fri Nov 24 15:29:01 +0000 2017,Fri Nov 24 15:33:28 +0000 2017,Fri Nov 24 15:37:45 +0000 2017,Fri Nov 24 15:38:20 +0000 2017,,,,,,,,,,,,,,,,,Hi @Delta what’s your fee for a checked bag weighing just over 50#?,"@150404 Hi, Annie. Between 51 lbs – 70 lbs the overweight charge will be $100.\n *TJH",@Delta Thx!,@150404 You're welcome.  *TJH,,,,,,,,,,,,,,,,,2025-09-26T22:59:28.300Z,job_20250926_204453,2
68d71adcdf49affd617f0614,712,68ce563252b33355379dfd0c,Feedback regarding General,Feedback,General,Positive,,150825,150824,,,,,,,,,,,,,,,,,,,150410,Delta,,,,,,,,,,,,,,,,,,,Customer,Service Provider,,,,,,,,,,,,,,,,,,,true,false,,,,,,,,,,,,,,,,,,,Fri Nov 24 15:18:08 +0000 2017,Fri Nov 24 15:19:18 +0000 2017,,,,,,,,,,,,,,,,,,,The new upgrades to the @Delta app are amazing. Love it!,@150410 Thank you for taking the time to provide your feedback. It is greatly appreciated. *ATJ,,,,,,,,,,,,,,,,,,,2025-09-26T22:59:40.853Z,job_20250926_204453,2
68d71ae8df49affd617f0615,716,68ce563252b33355379dfd10, regarding ,,,,,152361,152360,,,,,,,,,,,,,,,,,,,150824,Delta,,,,,,,,,,,,,,,,,,,Customer,Service Provider,,,,,,,,,,,,,,,,,,,true,false,,,,,,,,,,,,,,,,,,,Fri Nov 24 15:51:30 +0000 2017,Fri Nov 24 15:54:22 +0000 2017,,,,,,,,,,,,,,,,,,,One final goodbye to all these pretty @delta 747’s in Detroit today... 4 parked here. #delta #747sendoff https://t.co/cBM4I0BbAz,"@150824 Great photo! Thanks for sharing, Ryan. 📷 *TJE",,,,,,,,,,,,,,,,,,,2025-09-26T22:59:52.000Z,job_20250926_204453,2
68d71af9df49affd617f0616,722,68ce563252b33355379dfd16,Order Status regarding Orders,Order Status,Orders,Neutral,,153949,153948,,,,,,,,,,,,,,,,,,,151254,Delta,,,,,,,,,,,,,,,,,,,Customer,Service Provider,,,,,,,,,,,,,,,,,,,true,false,,,,,,,,,,,,,,,,,,,Fri Nov 24 16:29:24 +0000 2017,Fri Nov 24 16:31:01 +0000 2017,,,,,,,,,,,,,,,,,,,Hey @Delta - why am I on a standby list / unable to obtain my boarding pass for a flight I purchased 4 months in advance?,"@151254 Hi Erik, I'll be very happy to take a look for you!  Please DM your confirmation or ticket number.  *TJP https://t.co/6iDGBJAc2m",,,,,,,,,,,,,,,,,,,2025-09-26T23:00:09.030Z,job_20250926_204453,2
68d71b14df49affd617f0617,724,68ce563252b33355379dfd18,Technical Support regarding Travel/Flights,Technical Support,Travel/Flights,Positive,,153956,153954,153955,153957,,,,,,,,,,,,,,,,,151256,Delta,151256,Delta,,,,,,,,,,,,,,,,,Customer,Service Provider,Customer,Service Provider,,,,,,,,,,,,,,,,,true,false,true,false,,,,,,,,,,,,,,,,,Fri Nov 24 16:28:40 +0000 2017,Fri Nov 24 16:29:19 +0000 2017,Fri Nov 24 16:36:37 +0000 2017,Fri Nov 24 16:47:03 +0000 2017,,,,,,,,,,,,,,,,,Flight to London cancelled... get notified... get new flight departing 1 hour later and complimentary upgrade for my inconvenience. Thanks @Delta for reducing the stress and quickly accommodating me! #FlyDelta,@151256 Thank you for flying with us! *AMS,@Delta This is why I’m a loyal customer.. situation remedied and all taken care of within 20 minutes of notifying me. #FlyDelta,@151256 Thanks for being a part of what makes us great; so glad to have you onboard! ✈ *TJP,,,,,,,,,,,,,,,,,2025-09-26T23:00:36.491Z,job_20250926_204453,2
68d71b23df49affd617f0618,728,68ce563252b33355379dfd1c,Feedback regarding General,Feedback,General,Positive,,153968,153967,,,,,,,,,,,,,,,,,,,151259,Delta,,,,,,,,,,,,,,,,,,,Customer,Service Provider,,,,,,,,,,,,,,,,,,,true,false,,,,,,,,,,,,,,,,,,,Fri Nov 24 16:13:44 +0000 2017,Fri Nov 24 16:15:25 +0000 2017,,,,,,,,,,,,,,,,,,,Flying to visit family to eat their leftovers!  Thanks @delta for the Porsche ride to make our… https://t.co/UrKmVeWm7D,@151259 Hi Micheal! You're welcome and thank you for choosing Delta. #EnjoyTheLeftovers😊 *HKS,,,,,,,,,,,,,,,,,,,2025-09-26T23:00:51.518Z,job_20250926_204453,2
68d71b48df49affd617f0619,732,68ce563252b33355379dfd20,Order Status regarding Travel,Order Status,Travel,Negative,,155431,155428,155429,155432,155433,155435,155436,,,,,,,,,,,,,,151658,Delta,151658,Delta,151658,Delta,151658,,,,,,,,,,,,,,Customer,Service Provider,Customer,Service Provider,Customer,Service Provider,Customer,,,,,,,,,,,,,,true,false,true,false,true,false,true,,,,,,,,,,,,,,Fri Nov 24 17:03:02 +0000 2017,Fri Nov 24 17:09:09 +0000 2017,Fri Nov 24 17:37:40 +0000 2017,Fri Nov 24 17:39:40 +0000 2017,Fri Nov 24 17:42:20 +0000 2017,Fri Nov 24 17:54:09 +0000 2017,Fri Nov 24 17:58:43 +0000 2017,,,,,,,,,,,,,,@Delta why the dishonesty. We are on a delay but it’s listed as departed https://t.co/hS3iAO7fbS,"@151658 Hello, Scott. I'm sorry to the app is showing your flight as already departed. It has not updated yet. I'm showing your flight is delayed until 1:00p due. We're in the process of trying to find a new aircraft for this flight.  *HYC",@Delta Actually. I asked for a red coat at the gate and they refused to call,"@151658 If you still wish to speak to a Red Coat, I can see if I can request one from here. *HWG",@Delta My status didn’t matter since they are a regional,@151658 I apologize that our gate agents were so unhelpful in this case. They should've been more courteous in this situation. I'll be sure to let airport leadership know about what happened. *HWG,@Delta Hi. Now we are being told the catering group are a no show and will not be offering anything (this was after pulling back from the gate),,,,,,,,,,,,,,2025-09-26T23:01:28.785Z,job_20250926_204453,2
68d71b55df49affd617f061a,735,68ce563252b33355379dfd23,Other regarding General,Other,General,Neutral,,155449,155446,155447,,,,,,,,,,,,,,,,,,122966,Delta,151660,,,,,,,,,,,,,,,,,,Customer,Service Provider,Customer,,,,,,,,,,,,,,,,,,true,false,true,,,,,,,,,,,,,,,,,,Fri Nov 24 16:49:51 +0000 2017,Fri Nov 24 16:55:08 +0000 2017,Fri Nov 24 16:58:02 +0000 2017,,,,,,,,,,,,,,,,,,@Delta can i get a follow back please :(,@122966 Sure! Following in 3...2...1.... NOW! *TBW,@Delta @122966 No way lmao,,,,,,,,,,,,,,,,,,2025-09-26T23:01:41.371Z,job_20250926_204453,2
68d71b70df49affd617f061b,741,68ce563252b33355379dfd29,Product Inquiry regarding Travel,Product Inquiry,Travel,Neutral,,155465,155464,155463,,,,,,,,,,,,,,,,,,127439,127439,Delta,,,,,,,,,,,,,,,,,,Customer,Customer,Service Provider,,,,,,,,,,,,,,,,,,true,true,false,,,,,,,,,,,,,,,,,,Fri Nov 24 16:42:59 +0000 2017,Fri Nov 24 16:47:22 +0000 2017,Fri Nov 24 16:48:26 +0000 2017,,,,,,,,,,,,,,,,,,"@Delta I have an upcoming flight, could you tell me if my ticket covers luggage and what not? Don’t have a credit card on me right now so need to make sure because I know you guys only accept cards. Thanks.","@Delta I’m looking online and see that first bag is $25, since I’m flying from Augusta, Georgia to Atlanta, Georgia and then direct to Los Angeles CA, would I be paying $75 or just a one time fee of $25...? I only have one bag.",@127439 Can you please provide your confirmation number so that I can take a look at this for you? I'd be happy to clarify this once I see the itinerary. *TBW https://t.co/6iDGBJAc2m,,,,,,,,,,,,,,,,,,2025-09-26T23:02:08.678Z,job_20250926_204453,2
68d71b81df49affd617f061c,744,68ce563252b33355379dfd2c,Technical Support regarding Travel,Technical Support,Travel,Negative,,157092,157091,,,,,,,,,,,,,,,,,,,152082,Delta,,,,,,,,,,,,,,,,,,,Customer,Service Provider,,,,,,,,,,,,,,,,,,,true,false,,,,,,,,,,,,,,,,,,,Fri Nov 24 17:37:44 +0000 2017,Fri Nov 24 17:40:47 +0000 2017,,,,,,,,,,,,,,,,,,,@Delta why am I on the standby list?! my fare was not a standby fare. I have to get back home to be at work on Monday.,"@152082 David, I'm sorry for the frustrations. You might've been placed on standby to alert our gate agent that you need a seat. You will receive your seat at the gate. *TBW",,,,,,,,,,,,,,,,,,,2025-09-26T23:02:25.417Z,job_20250926_204453,2
68d71b8ddf49affd617f061d,750,68ce563252b33355379dfd32,Technical Support regarding General,Technical Support,General,Neutral,,157123,157121,157122,157124,,,,,,,,,,,,,,,,,152088,Delta,152088,152088,,,,,,,,,,,,,,,,,Customer,Service Provider,Customer,Customer,,,,,,,,,,,,,,,,,true,false,true,true,,,,,,,,,,,,,,,,,Fri Nov 24 17:18:29 +0000 2017,Fri Nov 24 17:19:56 +0000 2017,Fri Nov 24 17:21:12 +0000 2017,Fri Nov 24 17:25:09 +0000 2017,,,,,,,,,,,,,,,,,@Delta help,@152088 Hello! How can I help you? *HYC,@Delta Pretend i replied something funny,@Delta This blew up,,,,,,,,,,,,,,,,,2025-09-26T23:02:37.819Z,job_20250926_204453,2
68d71b9bdf49affd617f061e,754,68ce563252b33355379dfd36,Product Information regarding Product Info,Product Information,Product Info,Neutral,,157146,157145,,,,,,,,,,,,,,,,,,,152097,Delta,,,,,,,,,,,,,,,,,,,Customer,Service Provider,,,,,,,,,,,,,,,,,,,true,false,,,,,,,,,,,,,,,,,,,Fri Nov 24 17:04:15 +0000 2017,Fri Nov 24 17:13:47 +0000 2017,,,,,,,,,,,,,,,,,,,Does @Delta have Black Friday? To get the fuck out of Michigan?,"@152097 Hey there Jake, please visit our website for Black Friday specials: https://t.co/vxI4FQOh7Z *TBW",,,,,,,,,,,,,,,,,,,2025-09-26T23:02:51.290Z,job_20250926_204453,2
68d71bb2df49affd617f061f,757,68ce563252b33355379dfd39,Product Inquiry regarding Travel,Product Inquiry,Travel,Neutral,,158999,158998,158997,158996,,,,,,,,,,,,,,,,,152560,Delta,152560,Delta,,,,,,,,,,,,,,,,,Customer,Service Provider,Customer,Service Provider,,,,,,,,,,,,,,,,,true,false,true,false,,,,,,,,,,,,,,,,,Fri Nov 24 17:42:30 +0000 2017,Fri Nov 24 17:43:56 +0000 2017,Fri Nov 24 17:46:04 +0000 2017,Fri Nov 24 17:49:17 +0000 2017,,,,,,,,,,,,,,,,,@Delta no Black Friday deals ?!! I got a couple flights I need to get !,@152560 Hello Tre! Please click on the following link for our Black Friday deals https://t.co/MThhxc5jy8.  *HKS,"@Delta Wow thanks for the response but they’re all to Portugal...I just need to get to NYC, LA, and Miami ✊🏽",@152560 You might also notice our Flight Deals and Offers page. I hope this helps!  *TJP https://t.co/6iDGBJAc2m,,,,,,,,,,,,,,,,,2025-09-26T23:03:14.331Z,job_20250926_204453,2
68d71bc4df49affd617f0620,761,68ce563252b33355379dfd3d,Other regarding General,Other,General,Neutral,,159519,159518,159517,159515,159516,,,,,,,,,,,,,,,,152722,Delta,152722,Delta,152721,,,,,,,,,,,,,,,,Customer,Service Provider,Customer,Service Provider,Customer,,,,,,,,,,,,,,,,true,false,true,false,true,,,,,,,,,,,,,,,,Thu Mar 02 22:22:52 +0000 2017,Thu Mar 02 22:25:42 +0000 2017,Thu Mar 02 22:39:34 +0000 2017,Thu Mar 02 22:47:52 +0000 2017,Fri Nov 24 18:06:28 +0000 2017,,,,,,,,,,,,,,,,joined @Delta as chief captain,"@9138 Hi, Colt. We would love to have you join the team! 😉 *SL",@Delta see you at terminal,@9138 😉 *SL,@Delta @152722 @9138 no c4s?,,,,,,,,,,,,,,,,2025-09-26T23:03:32.443Z,job_20250926_204453,2
68d71bd9df49affd617f0621,779,68ce563252b33355379dfd4f,Technical Support regarding Travel,Technical Support,Travel,Negative,,163820,163818,163819,,,,,,,,,,,,,,,,,,153909,Delta,153909,,,,,,,,,,,,,,,,,,Customer,Service Provider,Customer,,,,,,,,,,,,,,,,,,true,false,true,,,,,,,,,,,,,,,,,,Fri Nov 24 19:02:25 +0000 2017,Fri Nov 24 19:40:41 +0000 2017,Fri Nov 24 19:58:43 +0000 2017,,,,,,,,,,,,,,,,,,"Dang, @Delta - we checked carryons at the gate and ended up with a broken suitcase and a broken gift for a friend!","@153909 Oh no! I'm sorry to hear your bag was damaged during travel. Pls, stop by our Baggage office before leaving the airport and have one of our agents review the damage.  *HYC",@Delta Didn’t notice either break until we got home. Just a frustrating situation. Basically reaffirms my desire to always carry on and not check if I can.,,,,,,,,,,,,,,,,,,2025-09-26T23:03:53.468Z,job_20250926_204453,2
68d71be9df49affd617f0622,781,68ce563252b33355379dfd51,Cancel Order regarding Orders,Cancel Order,Orders,Neutral,,163824,163823,,,,,,,,,,,,,,,,,,,153911,Delta,,,,,,,,,,,,,,,,,,,Customer,Service Provider,,,,,,,,,,,,,,,,,,,true,false,,,,,,,,,,,,,,,,,,,Fri Nov 24 18:36:57 +0000 2017,Fri Nov 24 19:25:22 +0000 2017,,,,,,,,,,,,,,,,,,,@Delta I canceled a flight that i did not mean to cancel. How do i get it back into place?,@153911 Oh no Meg! Did you purchase the ticket today. Please follow/DM your confirmation number and I will take a look for you.  *HKS,,,,,,,,,,,,,,,,,,,2025-09-26T23:04:09.023Z,job_20250926_204453,2
68d71bfbdf49affd617f0623,782,68ce563252b33355379dfd52,Order Status regarding Travel/Booking,Order Status,Travel/Booking,Neutral,,163826,163825,,,,,,,,,,,,,,,,,,,153912,Delta,,,,,,,,,,,,,,,,,,,Customer,Service Provider,,,,,,,,,,,,,,,,,,,true,false,,,,,,,,,,,,,,,,,,,Fri Nov 24 18:36:52 +0000 2017,Fri Nov 24 19:24:50 +0000 2017,,,,,,,,,,,,,,,,,,,@Delta i am trying to book a return multicity trip from ireland to usa. Getting an error 0999 on the app and on the website. What can i do,"@153912 You will need to speak to an agent over the phone to complete this booking. Please dial 1-800-241-4141 International Reservation Sales, they will gladly assist you. *AFC",,,,,,,,,,,,,,,,,,,2025-09-26T23:04:27.860Z,job_20250926_204453,2
68d71c07df49affd617f0624,783,68ce563252b33355379dfd53,Technical Support regarding Account/Billing,Technical Support,Account/Billing,Positive,,163828,163827,,,,,,,,,,,,,,,,,,,153913,Delta,,,,,,,,,,,,,,,,,,,Customer,Service Provider,,,,,,,,,,,,,,,,,,,true,false,,,,,,,,,,,,,,,,,,,Fri Nov 24 18:34:42 +0000 2017,Fri Nov 24 19:23:50 +0000 2017,,,,,,,,,,,,,,,,,,,joined @Delta as flight attendant,"@153913 Hello! Congratulations, welcome to the family!  *HKS",,,,,,,,,,,,,,,,,,,2025-09-26T23:04:39.140Z,job_20250926_204453,2
68d71c1edf49affd617f0625,786,68ce563252b33355379dfd56,Feedback regarding Travel Experience,Feedback,Travel Experience,Positive,,165170,165169,165168,165167,,,,,,,,,,,,,,,,,154289,Delta,154289,Delta,,,,,,,,,,,,,,,,,Customer,Service Provider,Customer,Service Provider,,,,,,,,,,,,,,,,,true,false,true,false,,,,,,,,,,,,,,,,,Tue Nov 21 14:42:18 +0000 2017,Tue Nov 21 14:43:39 +0000 2017,Fri Nov 24 20:11:54 +0000 2017,Fri Nov 24 20:12:44 +0000 2017,,,,,,,,,,,,,,,,,Afternoon Lounge Experience @Delta Sky Club MSP C Terminal #deltaairlines #skyclub #review… https://t.co/xuaslldLrB https://t.co/e3i9kUxXcs,@154289 Not a bad experience at all! Looks delicious! Enjoy! 😄 *HKM,@Delta Yep it was a nice visit. Thanks.,@154289 You are very welcome. *AMC,,,,,,,,,,,,,,,,,2025-09-26T23:05:02.311Z,job_20250926_204453,2
68d71c2fdf49affd617f0626,791,68ce563252b33355379dfd5b,Product Inquiry regarding Technical,Product Inquiry,Technical,Neutral,,165186,165185,,,,,,,,,,,,,,,,,,,154293,Delta,,,,,,,,,,,,,,,,,,,Customer,Service Provider,,,,,,,,,,,,,,,,,,,true,false,,,,,,,,,,,,,,,,,,,Fri Nov 24 19:36:11 +0000 2017,Fri Nov 24 20:00:15 +0000 2017,,,,,,,,,,,,,,,,,,,@Delta would it be too much to ask to have a working usb port in your premium seats? I would rather move to the back and have power,"@154293 Hi, thank you much for reaching out via this channel. I apologize for the inconvenience. Please share your confirmation number via DM for reporting purposes.  *AST https://t.co/6iDGBJAc2m",,,,,,,,,,,,,,,,,,,2025-09-26T23:05:19.834Z,job_20250926_204453,2
68d71c44df49affd617f0627,794,68ce563252b33355379dfd5e,Technical Support regarding General,Technical Support,General,Neutral,,165195,165194,,,,,,,,,,,,,,,,,,,154296,Delta,,,,,,,,,,,,,,,,,,,Customer,Service Provider,,,,,,,,,,,,,,,,,,,true,false,,,,,,,,,,,,,,,,,,,Fri Nov 24 19:32:10 +0000 2017,Fri Nov 24 19:53:08 +0000 2017,,,,,,,,,,,,,,,,,,,"In the spirit of the holiday, how about a upgrade @Delta ? Flying to Phoenix tomorrow and never been upgraded in the past. #neverhurtstoask","@154296 Hi, Tara! I wish I could give you a free upgrade, but I can't! 😞 Thank you for choosing Delta! We can't wait to have you onboard with us.  *HYC",,,,,,,,,,,,,,,,,,,2025-09-26T23:05:40.555Z,job_20250926_204453,2
68d71c54df49affd617f0628,798,68ce563252b33355379dfd62,Feedback regarding General,Feedback,General,Positive,,165208,165207,,,,,,,,,,,,,,,,,,,154300,Delta,,,,,,,,,,,,,,,,,,,Customer,Service Provider,,,,,,,,,,,,,,,,,,,true,false,,,,,,,,,,,,,,,,,,,Fri Nov 24 19:21:07 +0000 2017,Fri Nov 24 19:45:58 +0000 2017,,,,,,,,,,,,,,,,,,,Omg so impressed by the @Delta rep at LAX who chased me down to correct some instructions she told me that had changed since I️ walked away. Props!,"@154300 Customer Service is in our DNA, Heather! Thank you for the shout out to our fantastic crew! #DeltaProud 😉 ✈ *AOS",,,,,,,,,,,,,,,,,,,2025-09-26T23:05:56.836Z,job_20250926_204453,2
68d71c6bdf49affd617f0629,801,68ce563252b33355379dfd65,Complaint regarding General,Complaint,General,Negative,,166774,166773,,,,,,,,,,,,,,,,,,,154748,Delta,,,,,,,,,,,,,,,,,,,Customer,Service Provider,,,,,,,,,,,,,,,,,,,true,false,,,,,,,,,,,,,,,,,,,Fri Nov 24 20:24:54 +0000 2017,Fri Nov 24 20:40:33 +0000 2017,,,,,,,,,,,,,,,,,,,STORY TIME: @Delta separated my partner and I on our flight yesterday. Then they refused to let me move-even though there was an open seat next to him. Glad I spent 7 hours squashed on an airplane - alone - during Thanksgiving Dinner #BadCustomerService #HappyThanksgiving #Delta,@154748 Hi. I expect all employees to be helpful &amp; professional at all times. My apologies for our coworker behavior. Pls follow/DM your Delta confirmation # for review.  *HJH https://t.co/6iDGBJAc2m,,,,,,,,,,,,,,,,,,,2025-09-26T23:06:19.855Z,job_20250926_204453,2
68d71c80df49affd617f062a,804,68ce563252b33355379dfd68,Feedback regarding Travel,Feedback,Travel,Positive,,166792,166791,166790,,,,,,,,,,,,,,,,,,154751,154298,Delta,,,,,,,,,,,,,,,,,,Customer,Customer,Service Provider,,,,,,,,,,,,,,,,,,true,true,false,,,,,,,,,,,,,,,,,,Fri Nov 24 20:08:03 +0000 2017,Fri Nov 24 20:18:19 +0000 2017,Fri Nov 24 20:34:29 +0000 2017,,,,,,,,,,,,,,,,,,@154298 Wishing you the safest &amp; most expeditious of @Delta flights back to Las #Vegas today. #travel ✈️,"@154751 @Delta Thank you. Landed in Salt Lake City with #2Ku Gate-to-gate @116462 WiFi, too. Now onward to 🎲 LAS! https://t.co/vKeXkwy5Bn",@154298 @134899 Thank you for your words. We love to make the difference. *AFC,,,,,,,,,,,,,,,,,,2025-09-26T23:06:40.399Z,job_20250926_204453,2
68d71c90df49affd617f062b,809,68ce563252b33355379dfd6d,Other regarding General,Other,General,Positive,,166804,166803,,,,,,,,,,,,,,,,,,,154755,Delta,,,,,,,,,,,,,,,,,,,Customer,Service Provider,,,,,,,,,,,,,,,,,,,true,false,,,,,,,,,,,,,,,,,,,Fri Nov 24 20:06:14 +0000 2017,Fri Nov 24 20:22:36 +0000 2017,,,,,,,,,,,,,,,,,,,"Home 😕 (@ RDU - Terminal 2 - @delta in Morrisville, NC) https://t.co/45WqySUHcR",@154755 Welcome home! We hope to see you again soon! 😄 *HSL,,,,,,,,,,,,,,,,,,,2025-09-26T23:06:56.150Z,job_20250926_204453,2
68d71c9fdf49affd617f062c,810,68ce563252b33355379dfd6e,Product Inquiry regarding Technical,Product Inquiry,Technical,Neutral,,166806,166805,,,,,,,,,,,,,,,,,,,137182,Delta,,,,,,,,,,,,,,,,,,,Customer,Service Provider,,,,,,,,,,,,,,,,,,,true,false,,,,,,,,,,,,,,,,,,,Fri Nov 24 20:01:01 +0000 2017,Fri Nov 24 20:21:06 +0000 2017,,,,,,,,,,,,,,,,,,,Annoying that the @delta app isn’t optimized for the iPhone X yet.,"@137182 Oh no, Joel. Sorry to hear about your disappointment, Hopefully, we will have our optimization to the iPhone X very soon. I'll be sure to pass your feedback to our IT Team.  *AOS",,,,,,,,,,,,,,,,,,,2025-09-26T23:07:11.390Z,job_20250926_204453,2
68d71cb0df49affd617f062d,823,68ce563252b33355379dfd7b,Account/Billing regarding General,Account/Billing,General,Positive,,168257,168256,,,,,,,,,,,,,,,,,,,155147,Delta,,,,,,,,,,,,,,,,,,,Customer,Service Provider,,,,,,,,,,,,,,,,,,,true,false,,,,,,,,,,,,,,,,,,,Fri Nov 24 20:40:12 +0000 2017,Fri Nov 24 20:47:59 +0000 2017,,,,,,,,,,,,,,,,,,,"New accomplishment, #SilverMedallion on @Delta.  Let's get me upgraded! https://t.co/x8AAzFi6SX","@155147 Hey Jonathan, congratulations! We thank you for your loyalty to us! Hope to see you on board soon! 😄 *AJY",,,,,,,,,,,,,,,,,,,2025-09-26T23:07:28.072Z,job_20250926_204453,2
68d71cbadf49affd617f062e,824,68ce563252b33355379dfd7c,Other regarding General,Other,General,Positive,,168259,168258,,,,,,,,,,,,,,,,,,,155148,Delta,,,,,,,,,,,,,,,,,,,Customer,Service Provider,,,,,,,,,,,,,,,,,,,true,false,,,,,,,,,,,,,,,,,,,Fri Nov 24 20:39:20 +0000 2017,Fri Nov 24 20:47:13 +0000 2017,,,,,,,,,,,,,,,,,,,👏🏽👏🏽 @Delta skylounge,"@155148 Hi, Hannah. Enjoy the Skylounge. *HJH",,,,,,,,,,,,,,,,,,,2025-09-26T23:07:38.893Z,job_20250926_204453,2
68d71ccadf49affd617f062f,830,68ce563252b33355379dfd82,Technical Support regarding Travel/Flight,Technical Support,Travel/Flight,Neutral,,169775,169774,,,,,,,,,,,,,,,,,,,155545,Delta,,,,,,,,,,,,,,,,,,,Customer,Service Provider,,,,,,,,,,,,,,,,,,,true,false,,,,,,,,,,,,,,,,,,,Fri Nov 24 21:27:01 +0000 2017,Fri Nov 24 21:42:26 +0000 2017,,,,,,,,,,,,,,,,,,,"@Delta dear team..  I have an error with my flight, when I try to make the check in, an error is shown on the screen.","@155545 Hi Stephanie, what is the error message you're receiving on your end? *AJY",,,,,,,,,,,,,,,,,,,2025-09-26T23:07:54.102Z,job_20250926_204453,2
68d71cdadf49affd617f0630,844,68ce563252b33355379dfd90,Other regarding Travel/Aviation,Other,Travel/Aviation,Neutral,,171236,171235,,,,,,,,,,,,,,,,,,,155958,Delta,,,,,,,,,,,,,,,,,,,Customer,Service Provider,,,,,,,,,,,,,,,,,,,true,false,,,,,,,,,,,,,,,,,,,Fri Nov 24 22:00:14 +0000 2017,Fri Nov 24 22:07:05 +0000 2017,,,,,,,,,,,,,,,,,,,#fbf to scurrying off the Key West tarmac. Did you know that Key West has the shortest runway on which @Delta lands and takes off? #fact https://t.co/zMHqDKT584,@155958 Thanks for the fun facts! Have a great day and enjoy your flight! *TBW,,,,,,,,,,,,,,,,,,,2025-09-26T23:08:10.231Z,job_20250926_204453,2
68d71ceedf49affd617f0631,849,68ce563252b33355379dfd95,Product Inquiry regarding Aviation,Product Inquiry,Aviation,Positive,,171251,171250,171248,171249,,,,,,,,,,,,,,,,,155965,155964,Delta,155964,,,,,,,,,,,,,,,,,Customer,Customer,Service Provider,Customer,,,,,,,,,,,,,,,,,true,true,false,true,,,,,,,,,,,,,,,,,Tue Nov 21 13:32:45 +0000 2017,Fri Nov 24 21:51:10 +0000 2017,Fri Nov 24 22:02:39 +0000 2017,Fri Nov 24 22:25:36 +0000 2017,,,,,,,,,,,,,,,,,Something a little different outside the tower today 👋🏻 @Delta  #AvGeek https://t.co/d2R8WimgOY,@155965 @Delta Didnt realise 767s still operated! Loved working on them in early Noughties but thought they were all in AZ desert now,@155964 @155965 Our beautiful planes! *AFC,@Delta @155965 Glad 767s still gracing the skies!!,,,,,,,,,,,,,,,,,2025-09-26T23:08:30.829Z,job_20250926_204453,2
68d71d02df49affd617f0632,851,68ce563252b33355379dfd97,Complaint regarding Technical Support,Complaint,Technical Support,Negative,,171257,171256,,,,,,,,,,,,,,,,,,,155967,Delta,,,,,,,,,,,,,,,,,,,Customer,Service Provider,,,,,,,,,,,,,,,,,,,true,false,,,,,,,,,,,,,,,,,,,Fri Nov 24 21:46:04 +0000 2017,Fri Nov 24 21:58:16 +0000 2017,,,,,,,,,,,,,,,,,,,@Delta I tried contacting the 800 number that you guys provided regarding the lack of communication and why my thanksgiving was spent in an airport and of course no one is working today.,"@155967 Natalie, you may reach the Care department on Monday. You can also end an email them through the https://t.co/yQj0bzerMw link by clicking the Comment/Complaint? link. *ACJ",,,,,,,,,,,,,,,,,,,2025-09-26T23:08:50.216Z,job_20250926_204453,2
68d71d11df49affd617f0633,853,68ce563252b33355379dfd99,Technical Support regarding Travel/Flight,Technical Support,Travel/Flight,Negative,,171263,171262,,,,,,,,,,,,,,,,,,,155970,Delta,,,,,,,,,,,,,,,,,,,Customer,Service Provider,,,,,,,,,,,,,,,,,,,true,false,,,,,,,,,,,,,,,,,,,Fri Nov 24 21:44:50 +0000 2017,Fri Nov 24 21:54:00 +0000 2017,,,,,,,,,,,,,,,,,,,@Delta’s flight attendants are on point today with some snarky pre-flight commentary!,"@155970 Hi. I regret to hear this, that is definitely not the Delta impression we like to leave our passenger with. Please advise if any travel assistance is needed via this channel.  *AST",,,,,,,,,,,,,,,,,,,2025-09-26T23:09:05.198Z,job_20250926_204453,2
68d71d2adf49affd617f0634,865,68ce563252b33355379dfda5,Refund regarding Account/Billing,Refund,Account/Billing,Neutral,,172583,172581,172582,172584,,,,,,,,,,,,,,,,,156338,Delta,156338,Delta,,,,,,,,,,,,,,,,,Customer,Service Provider,Customer,Service Provider,,,,,,,,,,,,,,,,,true,false,true,false,,,,,,,,,,,,,,,,,Fri Nov 24 22:17:20 +0000 2017,Fri Nov 24 22:19:39 +0000 2017,Fri Nov 24 22:44:04 +0000 2017,Fri Nov 24 22:44:39 +0000 2017,,,,,,,,,,,,,,,,,@Delta I paid for wifi but then found out I can use wifi free through T-Mobile. may I please have a refund for the 16 dollars? ty.,"@156338 Zakh, you will have to reach out to GoGo Inflight Customer Service at 1-877-350-0038 or __email__.  *ACJ","@Delta they helped, thank you!","@156338 On behalf of *ACJ, you're welcome.  *HKS",,,,,,,,,,,,,,,,,2025-09-26T23:09:30.676Z,job_20250926_204453,2
68d71d45df49affd617f0635,867,68ce563252b33355379dfda7,Order Status regarding Travel/Booking,Order Status,Travel/Booking,Neutral,,173671,173670,173669,173667,173666,173664,173665,,,,,,,,,,,,,,156661,Delta,156661,Delta,156661,Delta,156661,,,,,,,,,,,,,,Customer,Service Provider,Customer,Service Provider,Customer,Service Provider,Customer,,,,,,,,,,,,,,true,false,true,false,true,false,true,,,,,,,,,,,,,,Fri Nov 24 22:58:59 +0000 2017,Fri Nov 24 23:00:49 +0000 2017,Fri Nov 24 23:01:43 +0000 2017,Fri Nov 24 23:06:53 +0000 2017,Fri Nov 24 23:07:59 +0000 2017,Fri Nov 24 23:12:55 +0000 2017,Fri Nov 24 23:14:25 +0000 2017,,,,,,,,,,,,,,@delta Checked in on DL2122  DTW to BDL at 3:35pm tomorrow. any seats avail on nxt flt out?\nFor Alexis Iman Freeman,@156661 Are you speaking about the DL2060 leaving at 7:10 pm? *TDH,@Delta @delta Yes that’s the one,"@156661 Yes, I do show availability on the flight.  *TDH",@Delta @delta fee to change flights?,@156661 Yes to do a Same Day Change as long as I have the availability and same fare it will be $75 to change the ticket to the later flight. *TDH,@Delta @delta is the fare the same?,,,,,,,,,,,,,,2025-09-26T23:09:57.373Z,job_20250926_204453,2
68d71d54df49affd617f0636,877,68ce563252b33355379dfdb1,Feedback regarding General,Feedback,General,Positive,,174692,174691,,,,,,,,,,,,,,,,,,,156966,Delta,,,,,,,,,,,,,,,,,,,Customer,Service Provider,,,,,,,,,,,,,,,,,,,true,false,,,,,,,,,,,,,,,,,,,Fri Nov 24 23:31:58 +0000 2017,Fri Nov 24 23:34:50 +0000 2017,,,,,,,,,,,,,,,,,,,"@Delta one of your pilots just made the most kind, professional, &amp; authentic introductions on an RJ. Thanked our military &amp; welcomed first time flyers. Such a kind welcome","@156966 This is so good to hear, Ray. Thanks for sharing!  *HCA",,,,,,,,,,,,,,,,,,,2025-09-26T23:10:12.815Z,job_20250926_204453,2
68d71d6bdf49affd617f0637,892,68ce563252b33355379dfdc0,Product Inquiry regarding General,Product Inquiry,General,Neutral,,175565,175564,175559,175557,175558,175560,175561,175562,175563,,,,,,,,,,,,157240,Delta,157240,Delta,157240,157241,157242,157240,157242,,,,,,,,,,,,Customer,Service Provider,Customer,Service Provider,Customer,Customer,Customer,Customer,Customer,,,,,,,,,,,,true,false,true,false,true,true,true,true,true,,,,,,,,,,,,Fri Nov 24 23:52:03 +0000 2017,Fri Nov 24 23:52:23 +0000 2017,Fri Nov 24 23:53:25 +0000 2017,Fri Nov 24 23:54:13 +0000 2017,Fri Nov 24 23:54:31 +0000 2017,Fri Nov 24 23:55:44 +0000 2017,Fri Nov 24 23:56:43 +0000 2017,Fri Nov 24 23:56:58 +0000 2017,Fri Nov 24 23:57:13 +0000 2017,,,,,,,,,,,,I have a question @Delta,"@157240 Hello, there. How can we help? *AOS",@Delta can you guys please follow me I'm a huge fan!!!,"@157240 Done, Christian! We appreciate your loyalty.  *AOS",@Delta I love you guys!!,@157240 @Delta :c,@157241 @157240 @Delta Christian where my rebrand @?,@157242 @157241 @Delta Soon,@157240 @157241 @Delta just checking,,,,,,,,,,,,2025-09-26T23:10:35.551Z,job_20250926_204453,2
68d71d77df49affd617f0638,895,68ce563252b33355379dfdc3,Feedback regarding General,Feedback,General,Positive,,175580,175579,,,,,,,,,,,,,,,,,,,157250,Delta,,,,,,,,,,,,,,,,,,,Customer,Service Provider,,,,,,,,,,,,,,,,,,,true,false,,,,,,,,,,,,,,,,,,,Fri Nov 24 23:44:56 +0000 2017,Fri Nov 24 23:48:03 +0000 2017,,,,,,,,,,,,,,,,,,,I’m so impressed with @Delta and this flight I just took.,@157250 Hi. Glad to hear we made a good impression. Thanks for the mention.  *AST,,,,,,,,,,,,,,,,,,,2025-09-26T23:10:47.234Z,job_20250926_204453,2
68d71d8ddf49affd617f0639,896,68ce563252b33355379dfdc4,Technical Support regarding Travel,Technical Support,Travel,Neutral,,176574,176573,,,,,,,,,,,,,,,,,,,157545,Delta,,,,,,,,,,,,,,,,,,,Customer,Service Provider,,,,,,,,,,,,,,,,,,,true,false,,,,,,,,,,,,,,,,,,,Sat Nov 25 00:35:12 +0000 2017,Sat Nov 25 00:36:37 +0000 2017,,,,,,,,,,,,,,,,,,,Yo @Delta. I have an email saying my flight leaves at 6 PM but my ticket on the app says 6 AM. This is severely stressing me out. Please help 👀👀💀,"@157545 Oh no, can you DM your confirmation # to the link provided? I will be glad to look into this.  *TBT https://t.co/6iDGBJAc2m",,,,,,,,,,,,,,,,,,,2025-09-26T23:11:09.101Z,job_20250926_204453,2
68d71dbbdf49affd617f063a,899,68ce563252b33355379dfdc7,Order Status regarding Travel,Order Status,Travel,Neutral,,176582,176580,176581,176583,176586,176587,176588,176589,176592,176593,176594,,,,,,,,,,157548,Delta,157548,Delta,157548,Delta,157548,Delta,157548,Delta,157548,,,,,,,,,,Customer,Service Provider,Customer,Service Provider,Customer,Service Provider,Customer,Service Provider,Customer,Service Provider,Customer,,,,,,,,,,true,false,true,false,true,false,true,false,true,false,true,,,,,,,,,,Sat Nov 25 00:33:42 +0000 2017,Sat Nov 25 00:35:29 +0000 2017,Sat Nov 25 00:45:27 +0000 2017,Sat Nov 25 00:54:06 +0000 2017,Sat Nov 25 01:03:17 +0000 2017,Sat Nov 25 01:09:09 +0000 2017,Sat Nov 25 01:15:10 +0000 2017,Sat Nov 25 01:20:59 +0000 2017,Sat Nov 25 02:07:46 +0000 2017,Sat Nov 25 02:10:29 +0000 2017,Sat Nov 25 02:16:13 +0000 2017,,,,,,,,,,@Delta Hi! I want to reschedule a flight. I tried through your web page but didn’t work. How can I do or whom I have to contact? Thanks,@157548 Hey there. I will be happy to assist. Is this a voluntary change you are wanting to make to your reservation?  *HFG,@Delta Wooow!! So fast! Yes it’s voluntary please.,"@157548 Also, the dates and flight numbers you would like to be changed to and I will be happy to give you a quote.  *HFG",@Delta The date it’s: December 8 2017. The flight number it’s: DL 673.,@157548 Copy. Please share the confirmation number via private message after you follow us.  *HFG,@Delta Thanks a lot. I already send you a private message.,@157548 ...Twitter agent that can take your payment. Thank.  *HFG 2/2,@Delta I have a question if I take a ticket with a similar fare the 187 will be the same?,@157548 I am not sure I understand your question.  *HFG,"@Delta you told me that is not enough value to make a change based on the fare I have, because the ticket I choose it's cheaper than the one I want to change. If I choose a ticket with similar price the reschedule price will be the same (187.50) or less. thanks",,,,,,,,,,2025-09-26T23:11:55.861Z,job_20250926_204453,2
68d71dd6df49affd617f063b,900,68ce563252b33355379dfdc8,Product Inquiry regarding Shipping/Delivery,Product Inquiry,Shipping/Delivery,Neutral,,176597,176595,176596,176598,176599,176600,,,,,,,,,,,,,,,157549,Delta,157549,Delta,157549,Delta,,,,,,,,,,,,,,,Customer,Service Provider,Customer,Service Provider,Customer,Service Provider,,,,,,,,,,,,,,,true,false,true,false,true,false,,,,,,,,,,,,,,,Sat Nov 25 00:29:39 +0000 2017,Sat Nov 25 00:32:14 +0000 2017,Sat Nov 25 00:37:16 +0000 2017,Sat Nov 25 00:43:55 +0000 2017,Sat Nov 25 00:44:14 +0000 2017,Sat Nov 25 00:47:53 +0000 2017,,,,,,,,,,,,,,,@Delta I left a pair of headphones on a plane would there be anyway to get those back,"@157549 Oh no, if you fill out this form, we will be able to start looking for you. Was your flight today? https://t.co/PFXvMptCcO *TBT",@Delta It was today. Flight 1969 underneath seat 18c,@157549 You left them on the flight to ATL correct. *TBT,@Delta From ATL to Austin,"@157549 Pyeatt, I check with our Austin Lost and Found, nothing was turned in yet. Please continue to fill out that link, and we can start the search. *TBT",,,,,,,,,,,,,,,2025-09-26T23:12:22.686Z,job_20250926_204453,2
68d71de1df49affd617f063c,901,68ce563252b33355379dfdc9, regarding ,,,,,176602,176601,,,,,,,,,,,,,,,,,,,157550,Delta,,,,,,,,,,,,,,,,,,,Customer,Service Provider,,,,,,,,,,,,,,,,,,,true,false,,,,,,,,,,,,,,,,,,,Sat Nov 25 00:26:28 +0000 2017,Sat Nov 25 00:27:38 +0000 2017,,,,,,,,,,,,,,,,,,,Thanks @Delta and @140153 for a great parade once again this year. https://t.co/RX3dKaa1LF,"@157550 @140153 Thank you, for sharing such a lovely memory! ❤ *AST",,,,,,,,,,,,,,,,,,,2025-09-26T23:12:33.394Z,job_20250926_204453,2
68d71dfddf49affd617f063d,904,68ce563252b33355379dfdcc,Complaint regarding Travel/Flight,Complaint,Travel/Flight,Negative,,176610,176608,176609,,,,,,,,,,,,,,,,,,143228,Delta,143228,,,,,,,,,,,,,,,,,,Customer,Service Provider,Customer,,,,,,,,,,,,,,,,,,true,false,true,,,,,,,,,,,,,,,,,,Sat Nov 25 00:16:49 +0000 2017,Sat Nov 25 00:19:26 +0000 2017,Sat Nov 25 00:20:53 +0000 2017,,,,,,,,,,,,,,,,,,"Second busted suitcase this year. I’m starting to take this personal, @delta ;) https://t.co/mpI4webHNW","@143228 We don't mean it, we promise! We'll get it taken care of if you can show the damage to an airport bag agent, or write Baggage about it at https://t.co/9MuDnQcztE *HWG",@Delta I’ll see if I can find one in Brisbane. Y’all are the best :),,,,,,,,,,,,,,,,,,2025-09-26T23:13:01.256Z,job_20250926_204453,2
68d71e12df49affd617f063e,906,68ce563252b33355379dfdce,Complaint regarding Technical Support,Complaint,Technical Support,Negative,,177266,,,,,,,,,,,,,,,,,,,,157732,,,,,,,,,,,,,,,,,,,,Customer,,,,,,,,,,,,,,,,,,,,true,,,,,,,,,,,,,,,,,,,,Sat Nov 25 00:10:51 +0000 2017,,,,,,,,,,,,,,,,,,,,"@JetBlue use to be the airline of good customer service. Now it's apparently the airline of ""no"". Mosaic is already the worst frequent flyer program and doesn't seem like you really care about your mosaic flyers anymore. Might be time to try @AmericanAir or @Delta or @116450",,,,,,,,,,,,,,,,,,,,2025-09-26T23:13:22.121Z,job_20250926_204453,2
68d71e38df49affd617f063f,908,68ce563252b33355379dfdd0,Complaint regarding Technical Support,Complaint,Technical Support,Negative,,178547,178546,178545,178543,178541,178542,178544,,,,,,,,,,,,,,158098,Delta,158098,158098,Delta,158098,Delta,,,,,,,,,,,,,,Customer,Service Provider,Customer,Customer,Service Provider,Customer,Service Provider,,,,,,,,,,,,,,true,false,true,true,false,true,false,,,,,,,,,,,,,,Thu Oct 05 00:32:09 +0000 2017,Thu Oct 05 00:52:50 +0000 2017,Thu Oct 05 01:44:36 +0000 2017,Thu Oct 05 01:46:02 +0000 2017,Thu Oct 05 01:58:35 +0000 2017,Thu Oct 05 02:00:32 +0000 2017,Thu Oct 05 02:03:54 +0000 2017,,,,,,,,,,,,,,"Just spent 30 minutes on the phone with @Delta because of a bug on their website, only to get transfered around with no result. Great.",@158098 My apologies for your disappointment. This is certainly not the impression we want to portray to our customers. *HEC,"@Delta This doesn't solve my problem. I still don't have a boarding pass, and won't get my time back...",@Delta The second guy who sent me back to the first guy without letting me speak was especially rude. I'm more than disappointed.,@158098 We can understand your frustration. I hope that you were able to receive your boarding pass.  *ALA,@Delta No. I lost half an hour. No result. Can you help me ? I would hate to be losing my time again.,@158098 Please DM us your confirmation so we can look into this.  *ALA https://t.co/6iDGBJAc2m,,,,,,,,,,,,,,2025-09-26T23:14:00.831Z,job_20250926_204453,2
68d71e45df49affd617f0640,917,68ce563252b33355379dfdd9,Other regarding General,Other,General,Neutral,,178738,178737,,,,,,,,,,,,,,,,,,,158126,Delta,,,,,,,,,,,,,,,,,,,Customer,Service Provider,,,,,,,,,,,,,,,,,,,true,false,,,,,,,,,,,,,,,,,,,Wed Oct 04 15:17:28 +0000 2017,Wed Oct 04 15:35:42 +0000 2017,,,,,,,,,,,,,,,,,,,So clooooose! @Delta https://t.co/LlWkJcBYXV,@158126 We look forward to having you as a Million Miler in the SkyMiles program.  *HML,,,,,,,,,,,,,,,,,,,2025-09-26T23:14:13.687Z,job_20250926_204453,2
68d71e51df49affd617f0641,918,68ce563252b33355379dfdda,Feedback regarding General,Feedback,General,Positive,,178742,178741,,,,,,,,,,,,,,,,,,,158127,Delta,,,,,,,,,,,,,,,,,,,Customer,Service Provider,,,,,,,,,,,,,,,,,,,true,false,,,,,,,,,,,,,,,,,,,Wed Oct 04 15:28:37 +0000 2017,Wed Oct 04 15:33:46 +0000 2017,,,,,,,,,,,,,,,,,,,Thanks @delta flight #2221 from #Atl to #Bos - #smooth,@158127 Glad you enjoyed your experience!  *ARD,,,,,,,,,,,,,,,,,,,2025-09-26T23:14:25.385Z,job_20250926_204453,2
68d71e6fdf49affd617f0642,921,68ce563252b33355379dfddd,Product Inquiry regarding Travel/Flight,Product Inquiry,Travel/Flight,Neutral,,178767,178765,178763,178761,178762,178764,,,,,,,,,,,,,,,158130,Delta,158130,Delta,158130,Delta,,,,,,,,,,,,,,,Customer,Service Provider,Customer,Service Provider,Customer,Service Provider,,,,,,,,,,,,,,,true,false,true,false,true,false,,,,,,,,,,,,,,,Wed Oct 04 14:21:13 +0000 2017,Wed Oct 04 14:23:45 +0000 2017,Wed Oct 04 15:10:50 +0000 2017,Wed Oct 04 15:23:15 +0000 2017,Wed Oct 04 15:24:30 +0000 2017,Wed Oct 04 16:25:00 +0000 2017,,,,,,,,,,,,,,,"@Delta is it true I have to pay extra to pick my seat?? My elderly parents are traveling home from Europe, can they sit together w/o $$?","@158130 Hi there. There are free seating options offered. However, if they're wanted Preferred or Comfort + seating there is a charge. *HKM",@Delta 3/ delta agent said this scam started 3 months ago.,@158130 If you need online assistance contact our Online Customer Support Desk at 888 750 3284. *ALS,@Delta What I need is for airlines to stop ripping people off!! We paid over $1100 for each ticket! They should be guaranteed seats together!!,"@158130 Hi, Kat, I truly understand your frustration, KLM does charge for advance seating it is only complimentary within the check-in window.  *TRR",,,,,,,,,,,,,,,2025-09-26T23:14:55.719Z,job_20250926_204453,2
68d71e7ddf49affd617f0643,930,68ce563252b33355379dfde6,Technical Support regarding Travel,Technical Support,Travel,Negative,,178802,178801,,,,,,,,,,,,,,,,,,,158139,Delta,,,,,,,,,,,,,,,,,,,Customer,Service Provider,,,,,,,,,,,,,,,,,,,true,false,,,,,,,,,,,,,,,,,,,Wed Oct 04 13:37:34 +0000 2017,Wed Oct 04 14:17:29 +0000 2017,,,,,,,,,,,,,,,,,,,Headed to #IDWeek - always disappointing when @Delta ‘s in air WiFi is not functional.,"@158139 Hello, Doug. Very sorry to hear. If you need any help, let us know.  *ARD",,,,,,,,,,,,,,,,,,,2025-09-26T23:15:09.477Z,job_20250926_204453,2
68d71e8bdf49affd617f0644,933,68ce563252b33355379dfde9,Product Inquiry regarding Product Info,Product Inquiry,Product Info,Positive,,178808,178807,,,,,,,,,,,,,,,,,,,158142,Delta,,,,,,,,,,,,,,,,,,,Customer,Service Provider,,,,,,,,,,,,,,,,,,,true,false,,,,,,,,,,,,,,,,,,,Wed Oct 04 13:56:40 +0000 2017,Wed Oct 04 14:10:27 +0000 2017,,,,,,,,,,,,,,,,,,,"The benefits show, when you're a long term @Delta customer. #skyclub",@158142 Keep climbing! *ALS,,,,,,,,,,,,,,,,,,,2025-09-26T23:15:23.329Z,job_20250926_204453,2
68d71e97df49affd617f0645,934,68ce563252b33355379dfdea,Feedback regarding General,Feedback,General,Positive,,178810,178809,,,,,,,,,,,,,,,,,,,158143,Delta,,,,,,,,,,,,,,,,,,,Customer,Service Provider,,,,,,,,,,,,,,,,,,,true,false,,,,,,,,,,,,,,,,,,,Wed Oct 04 13:48:28 +0000 2017,Wed Oct 04 14:09:23 +0000 2017,,,,,,,,,,,,,,,,,,,Sometimes being a frequent flyer pays off. Thanks @delta for the hot coffee and the upgrade!… https://t.co/j5Hf9NhEcP,@158143 Keep climbing! *ALS,,,,,,,,,,,,,,,,,,,2025-09-26T23:15:35.894Z,job_20250926_204453,2
68d71ea7df49affd617f0646,937,68ce563252b33355379dfded,Technical Support regarding Product Info,Technical Support,Product Info,Neutral,,178843,178842,,,,,,,,,,,,,,,,,,,158154,Delta,,,,,,,,,,,,,,,,,,,Customer,Service Provider,,,,,,,,,,,,,,,,,,,true,false,,,,,,,,,,,,,,,,,,,Wed Oct 04 13:30:58 +0000 2017,Wed Oct 04 13:47:40 +0000 2017,,,,,,,,,,,,,,,,,,,"@Delta are you ever planning to fix your broken ""upgrade"" request process for Comfort+ online?  Is this one more enhancement too? #delta","@158154 Hi Troy. One of the enhancement offered, you now have the opportunity to opt out of being upgraded to a middle seat. *ALS",,,,,,,,,,,,,,,,,,,2025-09-26T23:15:51.095Z,job_20250926_204453,2
68d71eb2df49affd617f0647,941,68ce563252b33355379dfdf1,Feedback regarding General,Feedback,General,Positive,,178857,178856,,,,,,,,,,,,,,,,,,,158159,Delta,,,,,,,,,,,,,,,,,,,Customer,Service Provider,,,,,,,,,,,,,,,,,,,true,false,,,,,,,,,,,,,,,,,,,Wed Oct 04 13:27:57 +0000 2017,Wed Oct 04 13:28:48 +0000 2017,,,,,,,,,,,,,,,,,,,So happy to say @Delta has helped to alleviate some of my anxiety today #thankful,@158159 We are always here for you!  *ARD,,,,,,,,,,,,,,,,,,,2025-09-26T23:16:02.600Z,job_20250926_204453,2
68d71ec3df49affd617f0648,948,68ce563252b33355379dfdf8,Complaint regarding Technical Support,Complaint,Technical Support,Negative,,181039,181037,181038,,,,,,,,,,,,,,,,,,158519,Delta,158519,,,,,,,,,,,,,,,,,,Customer,Service Provider,Customer,,,,,,,,,,,,,,,,,,true,false,true,,,,,,,,,,,,,,,,,,Wed Oct 04 12:50:18 +0000 2017,Wed Oct 04 12:52:55 +0000 2017,Wed Oct 04 12:54:36 +0000 2017,,,,,,,,,,,,,,,,,,@Delta flight #4962. Your glight attendant was pathetic today.  Flight attendant hid in kitchen to avoid people.,@158519 Please ring your call button if you need immediate assistance.  *ALS,"@Delta Yah...he comes people ask for update, give a i have no control amd back to hiding",,,,,,,,,,,,,,,,,,2025-09-26T23:16:19.433Z,job_20250926_204453,2
68d71ed1df49affd617f0649,949,68ce563252b33355379dfdf9,Technical Support regarding Travel,Technical Support,Travel,Neutral,,181046,181045,,,,,,,,,,,,,,,,,,,158522,Delta,,,,,,,,,,,,,,,,,,,Customer,Service Provider,,,,,,,,,,,,,,,,,,,true,false,,,,,,,,,,,,,,,,,,,Wed Oct 04 13:41:24 +0000 2017,Wed Oct 04 14:21:38 +0000 2017,,,,,,,,,,,,,,,,,,,@Delta can you help me change a flight?,"@158522 Hi, Annie. Please DM your confirmation number, I'll be happy to help.  *TJH https://t.co/6iDGBJRMTU",,,,,,,,,,,,,,,,,,,2025-09-26T23:16:33.213Z,job_20250926_204453,2
68d71edfdf49affd617f064a,952,68ce563252b33355379dfdfc,Feedback regarding General,Feedback,General,Positive,,181349,181348,,,,,,,,,,,,,,,,,,,158591,Delta,,,,,,,,,,,,,,,,,,,Customer,Service Provider,,,,,,,,,,,,,,,,,,,true,false,,,,,,,,,,,,,,,,,,,Wed Oct 04 13:38:57 +0000 2017,Wed Oct 04 13:41:06 +0000 2017,,,,,,,,,,,,,,,,,,,Very friendly and helpful @Delta crew this morning!,@158591 Glad to hear! So glad to have you onboard with us. Always a pleasure to serve you! Have a great day! *HKM,,,,,,,,,,,,,,,,,,,2025-09-26T23:16:47.722Z,job_20250926_204453,2
68d71ef0df49affd617f064b,956,68ce563252b33355379dfe00,Feedback regarding General,Feedback,General,Positive,,181372,181371,,,,,,,,,,,,,,,,,,,158600,Delta,,,,,,,,,,,,,,,,,,,Customer,Service Provider,,,,,,,,,,,,,,,,,,,true,false,,,,,,,,,,,,,,,,,,,Wed Oct 04 11:57:12 +0000 2017,Wed Oct 04 12:01:06 +0000 2017,,,,,,,,,,,,,,,,,,,Have a great day everyone!!!!\n\n#HumpDay #RiseAndGrind #BizTravel \n\nCC: @10180 @158601 @Delta @158602 @158603 https://t.co/uzGRIfEB19,@158600 @10180 @158601 @158602 @158603 Hey thanks! You do the same! 😄 *HKM,,,,,,,,,,,,,,,,,,,2025-09-26T23:17:04.141Z,job_20250926_204453,2
68d71f08df49affd617f064c,960,68ce563252b33355379dfe04,Complaint regarding Travel/Transportation,Complaint,Travel/Transportation,Negative,,181478,181477,181475,181474,181473,,,,,,,,,,,,,,,,158633,Delta,158633,158633,Delta,,,,,,,,,,,,,,,,Customer,Service Provider,Customer,Customer,Service Provider,,,,,,,,,,,,,,,,true,false,true,true,false,,,,,,,,,,,,,,,,Wed Oct 04 11:25:57 +0000 2017,Wed Oct 04 11:28:15 +0000 2017,Wed Oct 04 11:36:13 +0000 2017,Wed Oct 04 11:45:40 +0000 2017,Wed Oct 04 11:52:15 +0000 2017,,,,,,,,,,,,,,,,"Oh @delta it’s scheduled boarding time for DL3514 at BNA and there’s no agent at gate, nor any functioning signage.",@158633 I don't have any delays or any updates on that flight at this time. Still checking. *TJM,@Delta Ok boarding started.,"@Delta I’ve flown @delta out of BNA a couple of times this year. Solid impressions: disorganized, slow, uncommunicative.",@158633 I apologize for our service and will forward your concerns to the airport staff. We do value your input. Thank you. *TJM,,,,,,,,,,,,,,,,2025-09-26T23:17:28.689Z,job_20250926_204453,2
68d71f20df49affd617f064d,961,68ce563252b33355379dfe05,Complaint regarding General,Complaint,General,Negative,,181483,181482,181481,181480,,,,,,,,,,,,,,,,,158473,Delta,158473,Delta,,,,,,,,,,,,,,,,,Customer,Service Provider,Customer,Service Provider,,,,,,,,,,,,,,,,,true,false,true,false,,,,,,,,,,,,,,,,,Wed Oct 04 12:27:12 +0000 2017,Wed Oct 04 12:30:31 +0000 2017,Wed Oct 04 12:41:08 +0000 2017,Wed Oct 04 12:44:41 +0000 2017,,,,,,,,,,,,,,,,,"Seems to be a lot of @Delta crew members hopping on this flight. Just wish ""Blane"" had not cut in front of me to get on first. #manners",@158473 Oh goodness. I'm sorry for that experience.  *ALY,@Delta I was literally right behind him as we entered the plane.He even turned around to tell me he had to go further to store his luggage.#noclue,@158473 I wish to express my sincere apology. Thank you for sending in your feedback as it will be reported to our leadership team. *ALS,,,,,,,,,,,,,,,,,2025-09-26T23:17:52.326Z,job_20250926_204453,2
68d71f2fdf49affd617f064e,964,68ce563252b33355379dfe08,Order Status regarding Orders,Order Status,Orders,Neutral,,181505,181504,,,,,,,,,,,,,,,,,,,158644,Delta,,,,,,,,,,,,,,,,,,,Customer,Service Provider,,,,,,,,,,,,,,,,,,,true,false,,,,,,,,,,,,,,,,,,,Wed Oct 04 10:53:48 +0000 2017,Wed Oct 04 10:56:52 +0000 2017,,,,,,,,,,,,,,,,,,,@Delta how is it possible that I just booked a flight with delta over the phone for $596 yet if you look online that same flight is $220?,@158644 Is the lower showing on https://t.co/lVlOjYwO0A or another site? *AMR,,,,,,,,,,,,,,,,,,,2025-09-26T23:18:07.608Z,job_20250926_204453,2
68d71f45df49affd617f064f,968,68ce563252b33355379dfe0c,Complaint regarding Technical Support,Complaint,Technical Support,Negative,,181524,181523,181520,181519,,,,,,,,,,,,,,,,,158597,Delta,158597,Delta,,,,,,,,,,,,,,,,,Customer,Service Provider,Customer,Service Provider,,,,,,,,,,,,,,,,,true,false,true,false,,,,,,,,,,,,,,,,,Wed Oct 04 10:18:36 +0000 2017,Wed Oct 04 10:25:57 +0000 2017,Wed Oct 04 10:28:48 +0000 2017,Wed Oct 04 10:33:34 +0000 2017,,,,,,,,,,,,,,,,,@Delta you have made this trip difficult. I book my trip 7 months in advance and you change my seat and not let me carry on a bag. #loyalty,@158597 I regret the frustration we've caused you. *TDH,@Delta Watching everyone else carry on their bag and having the rude attendant tell me I can't...when i have a flight to catch,"@158597 I'm sorry. What is the Delta flight number, you are on? *AMR",,,,,,,,,,,,,,,,,2025-09-26T23:18:29.163Z,job_20250926_204453,2
68d71f5cdf49affd617f0650,970,68ce563252b33355379dfe0e,Product Inquiry regarding Warranty,Product Inquiry,Warranty,Neutral,,181570,181569,181568,181567,181566,181565,,,,,,,,,,,,,,,158656,Delta,158656,Delta,158656,Delta,,,,,,,,,,,,,,,Customer,Service Provider,Customer,Service Provider,Customer,Service Provider,,,,,,,,,,,,,,,true,false,true,false,true,false,,,,,,,,,,,,,,,Wed Oct 04 10:03:07 +0000 2017,Wed Oct 04 10:05:42 +0000 2017,Wed Oct 04 10:09:46 +0000 2017,Wed Oct 04 10:14:52 +0000 2017,Wed Oct 04 10:15:59 +0000 2017,Wed Oct 04 10:16:47 +0000 2017,,,,,,,,,,,,,,,"@Delta still wearing my Delta hat as I'm about to board a @126403 flight. It's getting a little grimy, could you send me a new one? https://t.co/Kr49spGlDe",@158656 Very nice. We'll look into sending another one to you.  *TDH,@Delta Dope! DM me for my address. I'm open to other promotional products as well 😂,@158656 You may follow us via Twitter.  *TDH,@Delta I already am,@158656 Awesome. *TDH,,,,,,,,,,,,,,,2025-09-26T23:18:52.231Z,job_20250926_204453,2
68d71f73df49affd617f0651,987,68ce563252b33355379dfe1f,Complaint regarding Travel,Complaint,Travel,Negative,,181771,181770,181769,181768,,,,,,,,,,,,,,,,,158710,Delta,158710,Delta,,,,,,,,,,,,,,,,,Customer,Service Provider,Customer,Service Provider,,,,,,,,,,,,,,,,,true,false,true,false,,,,,,,,,,,,,,,,,Sat Nov 11 15:36:20 +0000 2017,Sat Nov 11 16:10:49 +0000 2017,Sat Nov 25 01:22:24 +0000 2017,Sat Nov 25 01:24:53 +0000 2017,,,,,,,,,,,,,,,,,You know what I really love?  When @delta upgrades me to a “comfy” middle seat between 2 large men from an aisle! ....NOT! 😩worse travel day ever!,"@158710 Hi Debbie, thanks for contacting us. I apologize for the discomfort you are experiencing. I will be sure to share your feedback with our Leadership team. *HKC",@Delta I got home from work and received a lovely basket of apology and wishing my nephew well. Very thoughtful and appreciated! Thank you- nice touch.,"@158710 You're welcome, have a great weekend. *TBT",,,,,,,,,,,,,,,,,2025-09-26T23:19:15.550Z,job_20250926_204453,2
68d71f84df49affd617f0652,989,68ce563252b33355379dfe21,Technical Support regarding Travel/Transportation,Technical Support,Travel/Transportation,Positive,,181775,181774,,,,,,,,,,,,,,,,,,,158712,Delta,,,,,,,,,,,,,,,,,,,Customer,Service Provider,,,,,,,,,,,,,,,,,,,true,false,,,,,,,,,,,,,,,,,,,Sat Nov 25 01:12:21 +0000 2017,Sat Nov 25 01:14:05 +0000 2017,,,,,,,,,,,,,,,,,,,"A man much older than me, said ""Go West young man"" So I am &amp; trusting @delta to get me there safe (:!! #gig @6267 https://t.co/TxEOh8OrqN","@158712 We've got you covered, Leon. No worries! *HCA",,,,,,,,,,,,,,,,,,,2025-09-26T23:19:32.561Z,job_20250926_204453,2
68d71f98df49affd617f0653,996,68ce563252b33355379dfe28,Product Inquiry regarding Travel,Product Inquiry,Travel,Neutral,,182152,182151,182150,182149,,,,,,,,,,,,,,,,,158817,Delta,158817,Delta,,,,,,,,,,,,,,,,,Customer,Service Provider,Customer,Service Provider,,,,,,,,,,,,,,,,,true,false,true,false,,,,,,,,,,,,,,,,,Wed Oct 04 22:02:36 +0000 2017,Wed Oct 04 22:09:08 +0000 2017,Wed Oct 04 22:13:39 +0000 2017,Wed Oct 04 22:13:55 +0000 2017,,,,,,,,,,,,,,,,,"@Delta If I book domestic basic economy, but I am a Gold Medallion, AMEX Platinum, how many bags can I check for free?","@158817 Hi, there. You'll have the same baggage allowance which is 1 free personal item, 1 carry on, and your first 2 checked bags are free.  *TCH","@Delta Great, thank you!",@158817 You are very welcome. *AMC,,,,,,,,,,,,,,,,,2025-09-26T23:19:52.001Z,job_20250926_204453,2
68d71faedf49affd617f0654,1001,68ce563352b33355379dfe2d,Technical Support regarding General,Technical Support,General,Neutral,,182620,182619,182618,182617,,,,,,,,,,,,,,,,,158943,Delta,158943,Delta,,,,,,,,,,,,,,,,,Customer,Service Provider,Customer,Service Provider,,,,,,,,,,,,,,,,,true,false,true,false,,,,,,,,,,,,,,,,,Wed Oct 04 20:54:02 +0000 2017,Wed Oct 04 21:00:18 +0000 2017,Wed Oct 04 21:50:17 +0000 2017,Wed Oct 04 21:53:33 +0000 2017,,,,,,,,,,,,,,,,,"@Delta what’s your lost and found url? When I search it, a https://t.co/Jsw2GDIhN2 site comes up first.",@158943 Hello! I am here to help. Could you provide your confirmation number via DM so I can take a look for you? Thanks. *TDL... 1/2,@Delta Can you just post your lost and found website please?,@158943 Please follow via DM for assistance. Thanks *TDL https://t.co/6iDGBJAc2m,,,,,,,,,,,,,,,,,2025-09-26T23:20:14.369Z,job_20250926_204453,2
68d71fc0df49affd617f0655,1014,68ce563352b33355379dfe3a,Order Status regarding Shipping/Delivery,Order Status,Shipping/Delivery,Negative,,184820,184819,,,,,,,,,,,,,,,,,,,159462,Delta,,,,,,,,,,,,,,,,,,,Customer,Service Provider,,,,,,,,,,,,,,,,,,,true,false,,,,,,,,,,,,,,,,,,,Mon Oct 16 18:24:58 +0000 2017,Mon Oct 16 18:45:49 +0000 2017,,,,,,,,,,,,,,,,,,,Late departures happen... Early departures (when I usually leave no margin for error) UGH. Killing me today @Delta https://t.co/CNeT52xltd,@159462 My apologies for those issues. I see the SFO Airport requested an early departure due to traffic. I see you are boarded. Thanks for... 1/2,,,,,,,,,,,,,,,,,,,2025-09-26T23:20:32.512Z,job_20250926_204453,2
68d71fd4df49affd617f0656,1018,68ce563352b33355379dfe3e,Technical Support regarding General,Technical Support,General,Negative,,185073,185072,185071,185070,,,,,,,,,,,,,,,,,159528,Delta,159528,Delta,,,,,,,,,,,,,,,,,Customer,Service Provider,Customer,Service Provider,,,,,,,,,,,,,,,,,true,false,true,false,,,,,,,,,,,,,,,,,Wed Oct 11 22:48:37 +0000 2017,Wed Oct 11 23:55:05 +0000 2017,Wed Oct 11 23:56:10 +0000 2017,Thu Oct 12 01:06:30 +0000 2017,,,,,,,,,,,,,,,,,"@Delta I love flying with you &amp; amazing customer service, but Live Chat feature is horrible. All they do is tell you to call cust service","@159528 We appreciate your feedback, Anthony. We regret your disappointment and will be sure to pass this along to our Leadership Team. *AJC",@Delta Also please pass along how amazing your customer service is as well. Thx,@159528 Thanks for the shout out! 😊 *ALA,,,,,,,,,,,,,,,,,2025-09-26T23:20:52.730Z,job_20250926_204453,2
68d71febdf49affd617f0657,1022,68ce563352b33355379dfe42,Complaint regarding Technical Support,Complaint,Technical Support,Negative,,185334,185333,185332,185331,,,,,,,,,,,,,,,,,159585,Delta,159585,Delta,,,,,,,,,,,,,,,,,Customer,Service Provider,Customer,Service Provider,,,,,,,,,,,,,,,,,true,false,true,false,,,,,,,,,,,,,,,,,Tue Oct 24 17:43:29 +0000 2017,Tue Oct 24 17:51:38 +0000 2017,Tue Oct 24 17:53:28 +0000 2017,Tue Oct 24 17:56:26 +0000 2017,,,,,,,,,,,,,,,,,"@Delta at least if we have to sit on runway for 2+ hours and counting, your flight attendants could be a lot less rude...",@159585 Our crew is usually the friendliest in the skies;  I am so sorry for your experience. Thank you for flying Delta. *TJM,"@Delta this is usually true but not today.  And today is the day you want the crew that is ""the friendliest in the skies""",@159585 My sincere apologies. Is there anything I can do to assist?    *TJM,,,,,,,,,,,,,,,,,2025-09-26T23:21:15.007Z,job_20250926_204453,2
68d72006df49affd617f0658,1023,68ce563352b33355379dfe43,Technical Support regarding Travel/Flight,Technical Support,Travel/Flight,Neutral,,185341,185340,185339,185337,185336,185335,,,,,,,,,,,,,,,159586,Delta,159586,Delta,159586,Delta,,,,,,,,,,,,,,,Customer,Service Provider,Customer,Service Provider,Customer,Service Provider,,,,,,,,,,,,,,,true,false,true,false,true,false,,,,,,,,,,,,,,,Tue Oct 24 17:16:26 +0000 2017,Tue Oct 24 17:17:15 +0000 2017,Tue Oct 24 17:21:41 +0000 2017,Tue Oct 24 17:25:06 +0000 2017,Tue Oct 24 17:51:44 +0000 2017,Tue Oct 24 17:55:04 +0000 2017,,,,,,,,,,,,,,,@Delta why 2 hours to get through to customer service?? I need help!,"@159586 I would love to help! I am sorry for the delayed phone wait times, we are experiencing higher than normal times due to weather systems. *TBW",@Delta I need to talk to someone I accidentally changed seats using the app and need to change it back! But not sure what my options are now.,@159586 Can you please send me your confirmation number? I would be happy to look. *TBW,@Delta @delta my issue was satisfactorily resolved! Thanks so much for great customer service!,"@159586 You are very welcome on behalf of *TBW, Tweet us anytime. *TJM",,,,,,,,,,,,,,,2025-09-26T23:21:42.908Z,job_20250926_204453,2
68d72023df49affd617f0659,1024,68ce563352b33355379dfe44,Feedback regarding General,Feedback,General,Positive,,185345,185344,185343,185342,,,,,,,,,,,,,,,,,159587,Delta,159587,Delta,,,,,,,,,,,,,,,,,Customer,Service Provider,Customer,Service Provider,,,,,,,,,,,,,,,,,true,false,true,false,,,,,,,,,,,,,,,,,Tue Oct 24 17:28:16 +0000 2017,Tue Oct 24 17:34:17 +0000 2017,Tue Oct 24 17:49:01 +0000 2017,Tue Oct 24 17:52:51 +0000 2017,,,,,,,,,,,,,,,,,Mega kudos 2 Augusta GA @Delta Rep. Michael J. &amp; team. ROCKED! Just married w/all 6 kids...weather delay...he owed it 4 us from desk 2 gate! https://t.co/yHHYUVJnLo,"@159587 Hi, John, wow! Thank you so much for the shout out to Michael, I will make sure your comments are forwarded to his Leadership Team. *TRR","@Delta Please tell him and everyone at Augusta we made our initial Atlanta connection and the ""Brady Bunch"" sends a big ""Thank You!"" #PeopleWhoDo https://t.co/qQq7ROg62M","@159587 Thanks for the photo, John, of the ""Brady Bunch.""  Glad to hear you made the connection. Have a great day! 😄 *TJF",,,,,,,,,,,,,,,,,2025-09-26T23:22:11.763Z,job_20250926_204453,2
68d72033df49affd617f065a,1029,68ce563352b33355379dfe49,Technical Support regarding General,Technical Support,General,Negative,,185657,185656,,,,,,,,,,,,,,,,,,,159657,Delta,,,,,,,,,,,,,,,,,,,Customer,Service Provider,,,,,,,,,,,,,,,,,,,true,false,,,,,,,,,,,,,,,,,,,Wed Oct 04 21:15:43 +0000 2017,Wed Oct 04 21:18:55 +0000 2017,,,,,,,,,,,,,,,,,,,"@Delta Wow, 47 min wait time for a call back, that's top notch customer service right there 😬",@159657 Please follow and elaborate via DM explaining what we can help you with.  *AST https://t.co/6iDGBJAc2m,,,,,,,,,,,,,,,,,,,2025-09-26T23:22:27.767Z,job_20250926_204453,2
68d7204cdf49affd617f065b,1039,68ce563352b33355379dfe53,Technical Support regarding Airline,Technical Support,Airline,Negative,,185882,185881,185879,185878,,,,,,,,,,,,,,,,,159723,Delta,159723,Delta,,,,,,,,,,,,,,,,,Customer,Service Provider,Customer,Service Provider,,,,,,,,,,,,,,,,,true,false,true,false,,,,,,,,,,,,,,,,,Wed Oct 04 20:41:11 +0000 2017,Wed Oct 04 20:47:43 +0000 2017,Wed Oct 04 20:58:25 +0000 2017,Wed Oct 04 21:06:17 +0000 2017,,,,,,,,,,,,,,,,,@Delta only 1 agent working the sky priority line at Detroit. Total joke for your premium customers who’s line is longer than the normal one https://t.co/2HvH3wMYhP,"@159723 Hi Jared, I'm very sorry for the wait time in line and any inconvenience this may have caused.  *HRS","@Delta What are you going to do about this? I get better service from your non-hubs vs ATL, DTW, LAX etc.",@159723 ...passengers.   *TDL 2/2,,,,,,,,,,,,,,,,,2025-09-26T23:22:52.008Z,job_20250926_204453,2
68d7205bdf49affd617f065c,1041,68ce563352b33355379dfe55,Product Inquiry regarding Travel,Product Inquiry,Travel,Neutral,,186319,186318,,,,,,,,,,,,,,,,,,,159788,Delta,,,,,,,,,,,,,,,,,,,Customer,Service Provider,,,,,,,,,,,,,,,,,,,true,false,,,,,,,,,,,,,,,,,,,Wed Oct 04 20:48:42 +0000 2017,Wed Oct 04 20:55:27 +0000 2017,,,,,,,,,,,,,,,,,,,Can't remember the last @delta flight I've been on with no tv's or plugs 🤦🏻‍♂️,"@159788 Hi, Samm, I'm so sorry we let you down. I'll forward your comments to my Leadership Team. *TRR",,,,,,,,,,,,,,,,,,,2025-09-26T23:23:07.592Z,job_20250926_204453,2
68d7206fdf49affd617f065d,1042,68ce563352b33355379dfe56,Product Inquiry regarding Account/Billing,Product Inquiry,Account/Billing,Neutral,,186322,186321,,,,,,,,,,,,,,,,,,,159789,Delta,,,,,,,,,,,,,,,,,,,Customer,Service Provider,,,,,,,,,,,,,,,,,,,true,false,,,,,,,,,,,,,,,,,,,Wed Oct 04 20:51:02 +0000 2017,Wed Oct 04 20:55:10 +0000 2017,,,,,,,,,,,,,,,,,,,@DELTA why are some of my flights not giving me MQMs. It is the same flight I do all the time?!?,"@159789 Hi. Please DM your confirmation number, and I'll be happy to check on this for you. Thanks. *TMS https://t.co/6iDGBJAc2m",,,,,,,,,,,,,,,,,,,2025-09-26T23:23:27.405Z,job_20250926_204453,2
68d72080df49affd617f065e,1043,68ce563352b33355379dfe57,Order Status regarding Travel/Flight,Order Status,Travel/Flight,Neutral,,186325,186323,186324,186326,,,,,,,,,,,,,,,,,159790,Delta,159790,Delta,,,,,,,,,,,,,,,,,Customer,Service Provider,Customer,Service Provider,,,,,,,,,,,,,,,,,true,false,true,false,,,,,,,,,,,,,,,,,Wed Oct 04 20:49:25 +0000 2017,Wed Oct 04 20:53:14 +0000 2017,Thu Oct 05 05:03:45 +0000 2017,Thu Oct 05 05:04:55 +0000 2017,,,,,,,,,,,,,,,,,@Delta Hi! Can you tell me the status of flight 4003? The app and website are giving conflicting info.,@159790 It's scheduled to arrive early...at 514pm. *AAB,"@Delta Perfect, thank you so much!",@159790 You are most welcome! 😊 *HSD,,,,,,,,,,,,,,,,,2025-09-26T23:23:44.599Z,job_20250926_204453,2
68d72093df49affd617f065f,1044,68ce563352b33355379dfe58,Product Inquiry regarding Travel/Aviation,Product Inquiry,Travel/Aviation,Neutral,,186331,186330,,,,,,,,,,,,,,,,,,,159791,Delta,,,,,,,,,,,,,,,,,,,Customer,Service Provider,,,,,,,,,,,,,,,,,,,true,false,,,,,,,,,,,,,,,,,,,Wed Oct 04 20:38:15 +0000 2017,Wed Oct 04 20:52:52 +0000 2017,,,,,,,,,,,,,,,,,,,@delta if my wife and i are flying first class will we be able to use the sky club (lax) ?,@159791 Here is a link with detailed information regarding entrance/admittance to the lounge.  https://t.co/hZrd1LXvoC. *AST,,,,,,,,,,,,,,,,,,,2025-09-26T23:24:03.377Z,job_20250926_204453,2
68d720b5df49affd617f0660,1045,68ce563352b33355379dfe59,Technical Support regarding Travel/Transportation,Technical Support,Travel/Transportation,Negative,,186345,186344,186343,186342,186341,186340,,,,,,,,,,,,,,,159794,Delta,159794,Delta,159794,Delta,,,,,,,,,,,,,,,Customer,Service Provider,Customer,Service Provider,Customer,Service Provider,,,,,,,,,,,,,,,true,false,true,false,true,false,,,,,,,,,,,,,,,Wed Oct 04 17:22:18 +0000 2017,Wed Oct 04 17:36:46 +0000 2017,Wed Oct 04 17:43:39 +0000 2017,Wed Oct 04 17:47:25 +0000 2017,Wed Oct 04 20:50:26 +0000 2017,Wed Oct 04 20:51:59 +0000 2017,,,,,,,,,,,,,,,Why does @Delta Flight 1291 absolutely reek of urine in cabin? Flight attendant doesn’t know either.  3 mores hours of this.  😬,"@159794 Oh no! I'm sorry Drew. I can't say that I can answer that. Do they have another seat to move to, away from the restrooms? *TMS",@Delta I asked immediately.  It’s a full flight. He said I can’t move.  I’m in row 40 so not that close to bathroom.   Disappointing experience!,"@159794 I wish there was something I could do to help. Can you DM your confirmation number, please? Thanks. *TMS https://t.co/6iDGBJAc2m",@Delta I send DM’ed it to you.  Thanks.,@159794 Thanks. I'm looking into this now. *AMC,,,,,,,,,,,,,,,2025-09-26T23:24:37.296Z,job_20250926_204453,2
68d720c6df49affd617f0661,1047,68ce563352b33355379dfe5b,Complaint regarding Account/Billing,Complaint,Account/Billing,Negative,,186435,186434,,,,,,,,,,,,,,,,,,,159839,Delta,,,,,,,,,,,,,,,,,,,Customer,Service Provider,,,,,,,,,,,,,,,,,,,true,false,,,,,,,,,,,,,,,,,,,Wed Oct 04 20:39:10 +0000 2017,Wed Oct 04 20:42:10 +0000 2017,,,,,,,,,,,,,,,,,,,"@Delta I want my money back. I transferred miles and had to pay for that nonetheless, and I was totally lied to and made feel stupid by yoy","@159839 Hi, Joanna. Thanks for your patience while I read through the previous conversation thread. *AAB",,,,,,,,,,,,,,,,,,,2025-09-26T23:24:54.750Z,job_20250926_204453,2
68d720d4df49affd617f0662,1048,68ce563352b33355379dfe5c,Other regarding General,Other,General,Neutral,,186535,186534,,,,,,,,,,,,,,,,,,,159873,Delta,,,,,,,,,,,,,,,,,,,Customer,Service Provider,,,,,,,,,,,,,,,,,,,true,false,,,,,,,,,,,,,,,,,,,Wed Oct 04 20:32:40 +0000 2017,Wed Oct 04 20:34:29 +0000 2017,,,,,,,,,,,,,,,,,,,Thank you @Delta and @12431 for bringing us to @12432 for @12433 annual convention https://t.co/zoY5C5j8dB,@159873 Thanks for the shout out. Hope you have an awesome convention! *TJF,,,,,,,,,,,,,,,,,,,2025-09-26T23:25:08.918Z,job_20250926_204453,2
68d720e0df49affd617f0663,1052,68ce563352b33355379dfe60,Product Inquiry regarding Travel,Product Inquiry,Travel,Positive,,187690,,,,,,,,,,,,,,,,,,,,160043,,,,,,,,,,,,,,,,,,,,Customer,,,,,,,,,,,,,,,,,,,,true,,,,,,,,,,,,,,,,,,,,Sun Oct 01 21:48:04 +0000 2017,,,,,,,,,,,,,,,,,,,,"Honeymoon to be here with our family. @Delta and @Kimpton hotels have been so helpful in changing my reservations, handling everything /2",,,,,,,,,,,,,,,,,,,,2025-09-26T23:25:20.536Z,job_20250926_204453,2
68d720efdf49affd617f0664,1054,68ce563352b33355379dfe62,Feedback regarding General,Feedback,General,Positive,,189473,189472,,,,,,,,,,,,,,,,,,,160432,Delta,,,,,,,,,,,,,,,,,,,Customer,Service Provider,,,,,,,,,,,,,,,,,,,true,false,,,,,,,,,,,,,,,,,,,Wed Oct 04 09:53:05 +0000 2017,Wed Oct 04 09:55:57 +0000 2017,,,,,,,,,,,,,,,,,,,@Delta LGA-DTW The pilot says good morning and shakes every1s hand. Wow. Sweet. That's a 1st. Thank you Capt.,@160432 Thank you for recognizing our employee. Every day our team is working to make flying with us better.  *TDH,,,,,,,,,,,,,,,,,,,2025-09-26T23:25:35.826Z,job_20250926_204453,2
68d720fedf49affd617f0665,1056,68ce563352b33355379dfe64,Complaint regarding Technical,Complaint,Technical,Negative,,189478,189477,,,,,,,,,,,,,,,,,,,160434,Delta,,,,,,,,,,,,,,,,,,,Customer,Service Provider,,,,,,,,,,,,,,,,,,,true,false,,,,,,,,,,,,,,,,,,,Wed Oct 04 09:13:46 +0000 2017,Wed Oct 04 09:16:08 +0000 2017,,,,,,,,,,,,,,,,,,,"@Delta Please Help. I need to sort out a problem with my flights, I’ve emailed and had no response, called on many occasions but either been cut off or you can’t / won’t deal with it #desperate","@160434 Hello, Darrell. How can we help?  *AOS",,,,,,,,,,,,,,,,,,,2025-09-26T23:25:50.984Z,job_20250926_204453,2
68d7210cdf49affd617f0666,1057,68ce563352b33355379dfe65,Feedback regarding General,Feedback,General,Positive,,189480,189479,,,,,,,,,,,,,,,,,,,160435,Delta,,,,,,,,,,,,,,,,,,,Customer,Service Provider,,,,,,,,,,,,,,,,,,,true,false,,,,,,,,,,,,,,,,,,,Wed Oct 04 09:12:25 +0000 2017,Wed Oct 04 09:13:37 +0000 2017,,,,,,,,,,,,,,,,,,,I have to commend @Delta for their service. So accommodating during a difficult time flying from Las Vegas to NYC on Sunday. Thank you 👏🏼,"@160435 We are here to assist, Nikki.  *ALA",,,,,,,,,,,,,,,,,,,2025-09-26T23:26:04.071Z,job_20250926_204453,2
68d7211bdf49affd617f0667,1058,68ce563352b33355379dfe66,Feedback regarding General,Feedback,General,Positive,,189482,189481,,,,,,,,,,,,,,,,,,,160436,Delta,,,,,,,,,,,,,,,,,,,Customer,Service Provider,,,,,,,,,,,,,,,,,,,true,false,,,,,,,,,,,,,,,,,,,Wed Oct 04 07:33:21 +0000 2017,Wed Oct 04 07:37:17 +0000 2017,,,,,,,,,,,,,,,,,,,@Delta flight 2222 to LAX - Captain just came out and Thanked us for our business! Shocked! Good Job Captain and FO 2222! 😎💪🎉,"@160436 It is always our pleasure to have you on board, Corland.  *ALA",,,,,,,,,,,,,,,,,,,2025-09-26T23:26:19.566Z,job_20250926_204453,2
68d7212adf49affd617f0668,1061,68ce563352b33355379dfe69,Product Inquiry regarding Travel,Product Inquiry,Travel,Neutral,,189488,189487,,,,,,,,,,,,,,,,,,,160439,Delta,,,,,,,,,,,,,,,,,,,Customer,Service Provider,,,,,,,,,,,,,,,,,,,true,false,,,,,,,,,,,,,,,,,,,Wed Oct 04 06:54:41 +0000 2017,Wed Oct 04 06:57:10 +0000 2017,,,,,,,,,,,,,,,,,,,@DELTA can I use club at AMS?,"@160439 Hi, Ralph. Which club are you inquiring about? DM us your confirmation number via this link.  *ALA https://t.co/6iDGBJAc2m",,,,,,,,,,,,,,,,,,,2025-09-26T23:26:34.346Z,job_20250926_204453,2
68d72138df49affd617f0669,1062,68ce563352b33355379dfe6a,Feedback regarding General,Feedback,General,Positive,,189490,189489,,,,,,,,,,,,,,,,,,,160440,Delta,,,,,,,,,,,,,,,,,,,Customer,Service Provider,,,,,,,,,,,,,,,,,,,true,false,,,,,,,,,,,,,,,,,,,Wed Oct 04 06:36:06 +0000 2017,Wed Oct 04 06:37:42 +0000 2017,,,,,,,,,,,,,,,,,,,@Delta LAX to JFK on your 767-300 #DeltaOne What a fantastic flight! And amazing service on board. #Delta Will see you soon to #LAX,@160440 We appreciate your feedback. Thank you for choosing Delta.  *ALA,,,,,,,,,,,,,,,,,,,2025-09-26T23:26:48.142Z,job_20250926_204453,2
68d73da07222cee3d33c8603,1077,68ce563352b33355379dfe79,Complaint regarding Travel/Transportation,Complaint,Travel/Transportation,Negative,,200565,200564,,,,,,,,,,,,,,,,,,,163328,Delta,,,,,,,,,,,,,,,,,,,Customer,Service Provider,,,,,,,,,,,,,,,,,,,true,false,,,,,,,,,,,,,,,,,,,Wed Oct 04 19:35:39 +0000 2017,Wed Oct 04 19:39:20 +0000 2017,,,,,,,,,,,,,,,,,,,"It's disappointing that @delta now charges $75 to standby on the D.C./LGA shuttle, even for Silver Medallion. Makes me feel like 💩",@163328 We do understand and regret that you're disappointed with this new fee. Thank you for your input.  *TJM,,,,,,,,,,,,,,,,,,,2025-09-27T01:28:00.321Z,job_20250927_012637,2
68d73db37222cee3d33c8604,1068,68ce563352b33355379dfe70, regarding ,,,,,189516,189515,,,,,,,,,,,,,,,,,,,160445,Delta,,,,,,,,,,,,,,,,,,,Customer,Service Provider,,,,,,,,,,,,,,,,,,,true,false,,,,,,,,,,,,,,,,,,,Wed Oct 04 05:12:00 +0000 2017,Wed Oct 04 05:14:05 +0000 2017,,,,,,,,,,,,,,,,,,,Arrived safely via @Delta to beautiful @4358 thank you @13263 for the #opportunity #Skyline view for the #month ahead https://t.co/eDtXH7Ikqg,@160445 Thanks for sharing this cool pic! *ALY,,,,,,,,,,,,,,,,,,,2025-09-27T01:28:19.000Z,job_20250927_012637,2
68d73dd37222cee3d33c8605,1074,68ce563352b33355379dfe76,Technical Support regarding Travel,Technical Support,Travel,Neutral,,196204,196203,196198,196195,196196,196199,,,,,,,,,,,,,,,162165,162166,162165,Delta,162165,Delta,,,,,,,,,,,,,,,Customer,Customer,Customer,Service Provider,Customer,Service Provider,,,,,,,,,,,,,,,true,true,true,false,true,false,,,,,,,,,,,,,,,Thu Oct 05 01:46:09 +0000 2017,Thu Oct 05 01:46:58 +0000 2017,Thu Oct 05 01:47:57 +0000 2017,Thu Oct 05 02:00:40 +0000 2017,Thu Oct 05 02:01:58 +0000 2017,Thu Oct 05 02:19:14 +0000 2017,,,,,,,,,,,,,,,"Argh I accidentally bought some kind of ghetto @Delta ticket where you don't even get a seat when you check in. Will be ""Assigned at gate"" 😬",@162165 @Delta Oh god dude yeah you don’t want to do that. Comfort plus is a good option.,@162166 @Delta Too late... will have to be charming to the gate person I suppose. My please don't bump me face.,"@162165 Hello, Paul. Our gate agent will be more than happy to assist with a seat assignment.  *HDG",@Delta 🤞thanks,@162165 Sure thing. 😊 *HDG,,,,,,,,,,,,,,,2025-09-27T01:28:51.675Z,job_20250927_012637,2
68d73de57222cee3d33c8606,1073,68ce563352b33355379dfe75,Feedback regarding General,Feedback,General,Positive,,193402,193401,,,,,,,,,,,,,,,,,,,158815,Delta,,,,,,,,,,,,,,,,,,,Customer,Service Provider,,,,,,,,,,,,,,,,,,,true,false,,,,,,,,,,,,,,,,,,,Thu Oct 05 01:46:05 +0000 2017,Thu Oct 05 02:02:20 +0000 2017,,,,,,,,,,,,,,,,,,,What kind of sourcery is this @Delta? Never have I had back to back segments with any airline that were this good!,@158815 Wow! We appreciate this tremendous feedback! We thank you for choosing us! *HEC,,,,,,,,,,,,,,,,,,,2025-09-27T01:29:09.308Z,job_20250927_012637,2
68d73e017222cee3d33c8607,1067,68ce563352b33355379dfe6f,Product Inquiry regarding Travel/Flight,Product Inquiry,Travel/Flight,Neutral,,189513,189512,189510,189509,189508,189507,,,,,,,,,,,,,,,136890,Delta,136890,Delta,136890,Delta,,,,,,,,,,,,,,,Customer,Service Provider,Customer,Service Provider,Customer,Service Provider,,,,,,,,,,,,,,,true,false,true,false,true,false,,,,,,,,,,,,,,,Wed Oct 04 04:55:16 +0000 2017,Wed Oct 04 04:58:03 +0000 2017,Wed Oct 04 04:58:51 +0000 2017,Wed Oct 04 05:11:42 +0000 2017,Wed Oct 04 05:13:46 +0000 2017,Wed Oct 04 05:15:05 +0000 2017,,,,,,,,,,,,,,,@Delta can I use a ruc on my flight from Sacramento on Sunday?,@136890 We do not have upgrade space available. Would you like to be waitlisted?  *HDG,@Delta yes please.  Thank you so much,@136890 I'm sorry it looks like you have used all of your regional upgrade certificates. *HDG,@Delta hmm news to me. Thanks for checking,@136890 Anytime!  *HDG,,,,,,,,,,,,,,,2025-09-27T01:29:37.866Z,job_20250927_012637,2
68d73e157222cee3d33c8608,1078,68ce563352b33355379dfe7a,Product Inquiry regarding General,Product Inquiry,General,Neutral,,200567,200566,,,,,,,,,,,,,,,,,,,163329,Delta,,,,,,,,,,,,,,,,,,,Customer,Service Provider,,,,,,,,,,,,,,,,,,,true,false,,,,,,,,,,,,,,,,,,,Wed Oct 04 19:31:52 +0000 2017,Wed Oct 04 19:37:24 +0000 2017,,,,,,,,,,,,,,,,,,,"@Delta I LOVE your Sky Deck at JFK T4, but can you please boost the WiFi? Pretty much unusable outside.","@163329 We will pass this on to leadership. It's a great suggestion to have WiFi capabilities there, too. 2/2 *TJW",,,,,,,,,,,,,,,,,,,2025-09-27T01:29:57.342Z,job_20250927_012637,2
68d73e357222cee3d33c8609,1082,68ce563352b33355379dfe7e,Feedback regarding General,Feedback,General,Positive,,200581,200579,200577,200578,200580,,,,,,,,,,,,,,,,163334,163333,Delta,163333,Delta,,,,,,,,,,,,,,,,Customer,Customer,Service Provider,Customer,Service Provider,,,,,,,,,,,,,,,,true,true,false,true,false,,,,,,,,,,,,,,,,Wed Oct 04 17:19:57 +0000 2017,Wed Oct 04 19:17:17 +0000 2017,Wed Oct 04 19:18:19 +0000 2017,Wed Oct 04 19:19:23 +0000 2017,Wed Oct 04 19:29:19 +0000 2017,,,,,,,,,,,,,,,,Pink mood lighting for breast cancer awareness month  instead of the usual blue... @Delta https://t.co/PCMlfyDE3r,"@163334 @Delta I, personally, want this EVERY flight lmao","@163333 Hi, Heather, I agree with you it's beautiful and for such a great cause. *TRR","@Delta Keep being awesome, as usual, Delta 💖","@163333 Thanks for the kind words, Heather. It's our customers who are the awesome ones! 😉 *TJE",,,,,,,,,,,,,,,,2025-09-27T01:30:29.213Z,job_20250927_012637,2
68d73e757222cee3d33c860a,1086,68ce563352b33355379dfe82,Order Status regarding Shipping/Delivery,Order Status,Shipping/Delivery,Neutral,,200601,200600,200599,200598,200595,200594,200591,200589,200590,200592,200593,,,,,,,,,,163338,Delta,163338,Delta,163338,Delta,163338,Delta,163338,163338,Delta,,,,,,,,,,Customer,Service Provider,Customer,Service Provider,Customer,Service Provider,Customer,Service Provider,Customer,Customer,Service Provider,,,,,,,,,,true,false,true,false,true,false,true,false,true,true,false,,,,,,,,,,Wed Oct 04 18:26:13 +0000 2017,Wed Oct 04 18:42:06 +0000 2017,Wed Oct 04 18:46:18 +0000 2017,Wed Oct 04 18:48:49 +0000 2017,Wed Oct 04 18:56:30 +0000 2017,Wed Oct 04 19:08:40 +0000 2017,Wed Oct 04 19:09:16 +0000 2017,Wed Oct 04 19:09:47 +0000 2017,Fri Nov 10 04:29:07 +0000 2017,Fri Nov 10 04:29:48 +0000 2017,Fri Nov 10 04:45:29 +0000 2017,,,,,,,,,,@Delta I'm on DL4896 to SLC then DL0725 to OAK. I just received a notice that my luggage is on DL80 to ATL.  When will it be in OAK?,@163338 Hi Henry. I do apologize about the bag. It will be there at approximately 11:08 pm.  Please see the baggage service agent in OAK. *TMS,@Delta I'm supposed to drive to Sacremento when I land. Can I get the luggage routed to Sacremento?,"@163338 I can try, but I can't promise that will happen. They will deliver it to you though.  *TMS",@Delta Will they deliver it to my hotel in Sacremento tonight?,"@163338 I got the reroute through. No guarantees, but please speak with the agent in OAK upon arrival. *TMS",@Delta Will do. Thank you.,@163338 My pleasure. I am sorry about the bag.  *TMS,@Delta @Delta Even though my bag did not arrive in time you stepped up and took great care of me. Thank you making it right.,@Delta Thank you for making it right.,"@163338 You're very welcome, Henry. Thank you for sharing your experience! *ABN",,,,,,,,,,2025-09-27T01:31:33.766Z,job_20250927_012637,2
68d73e867222cee3d33c860b,1095,68ce563352b33355379dfe8b,Feedback regarding General,Feedback,General,Positive,,200630,200629,,,,,,,,,,,,,,,,,,,163348,Delta,,,,,,,,,,,,,,,,,,,Customer,Service Provider,,,,,,,,,,,,,,,,,,,true,false,,,,,,,,,,,,,,,,,,,Wed Oct 04 18:37:33 +0000 2017,Wed Oct 04 18:45:09 +0000 2017,,,,,,,,,,,,,,,,,,,"MD90 at ATL. Thanks for the flight, @delta https://t.co/hJ7V4wqYfm","@163348 Oh, very nice! Thank you! ✈ *TMT",,,,,,,,,,,,,,,,,,,2025-09-27T01:31:50.599Z,job_20250927_012637,2
68d73e9a7222cee3d33c860c,1101,68ce563352b33355379dfe91,Feedback regarding General,Feedback,General,Positive,,200701,200700,,,,,,,,,,,,,,,,,,,163369,Delta,,,,,,,,,,,,,,,,,,,Customer,Service Provider,,,,,,,,,,,,,,,,,,,true,false,,,,,,,,,,,,,,,,,,,Wed Oct 04 18:29:03 +0000 2017,Wed Oct 04 18:39:37 +0000 2017,,,,,,,,,,,,,,,,,,,I appreciate the personal touch of service @Delta &amp; Cpt. Dane Hunter. Thank you! https://t.co/I4lMVVPSzh,@163369 Thanks for sharing. What an awesome gesture from Captain Hunter. We also appreciate you here at Twitter! 😄 *TJF,,,,,,,,,,,,,,,,,,,2025-09-27T01:32:10.442Z,job_20250927_012637,2
68d73eaf7222cee3d33c860d,1103,68ce563352b33355379dfe93,Feedback regarding General,Feedback,General,Positive,,200705,200704,,,,,,,,,,,,,,,,,,,163371,Delta,,,,,,,,,,,,,,,,,,,Customer,Service Provider,,,,,,,,,,,,,,,,,,,true,false,,,,,,,,,,,,,,,,,,,Wed Oct 04 18:24:37 +0000 2017,Wed Oct 04 18:36:10 +0000 2017,,,,,,,,,,,,,,,,,,,@Delta nice job @163372 this is why I don't fly @SouthwestAir GREAT meal! https://t.co/xtllZZYqWa,@163371 Hi Michael. We appreciate the shout out! Enjoy your flight. See you again soon. Thanks. *TAS,,,,,,,,,,,,,,,,,,,2025-09-27T01:32:31.209Z,job_20250927_012637,2
68d73ec57222cee3d33c860e,1108,68ce563352b33355379dfe98,Order Status regarding Travel,Order Status,Travel,Neutral,,200721,200720,,,,,,,,,,,,,,,,,,,163377,Delta,,,,,,,,,,,,,,,,,,,Customer,Service Provider,,,,,,,,,,,,,,,,,,,true,false,,,,,,,,,,,,,,,,,,,Wed Oct 04 18:14:06 +0000 2017,Wed Oct 04 18:26:55 +0000 2017,,,,,,,,,,,,,,,,,,,"@Delta Im looking to change my reward flight last minute, hold time on phone is 45 mins. Flight I'm changing to leaves in 3 hours. Plz help!","@163377 Hi Joey, pls DM your confirm # and I'd be happy to see if we can assist.  *TJW https://t.co/6iDGBJAc2m",,,,,,,,,,,,,,,,,,,2025-09-27T01:32:53.730Z,job_20250927_012637,2
68d73ed47222cee3d33c860f,1110,68ce563352b33355379dfe9a,Complaint regarding General,Complaint,General,Negative,,200725,200724,,,,,,,,,,,,,,,,,,,163379,Delta,,,,,,,,,,,,,,,,,,,Customer,Service Provider,,,,,,,,,,,,,,,,,,,true,false,,,,,,,,,,,,,,,,,,,Wed Oct 04 18:05:38 +0000 2017,Wed Oct 04 18:24:28 +0000 2017,,,,,,,,,,,,,,,,,,,Really thinking @Delta might like my money from now on.,@163379 Your satisfaction is our goal. *TAS,,,,,,,,,,,,,,,,,,,2025-09-27T01:33:08.363Z,job_20250927_012637,2
68d73eea7222cee3d33c8610,1112,68ce563352b33355379dfe9c,Feedback regarding General,Feedback,General,Positive,,200730,200729,,,,,,,,,,,,,,,,,,,163381,Delta,,,,,,,,,,,,,,,,,,,Customer,Service Provider,,,,,,,,,,,,,,,,,,,true,false,,,,,,,,,,,,,,,,,,,Wed Oct 04 17:59:03 +0000 2017,Wed Oct 04 18:11:54 +0000 2017,,,,,,,,,,,,,,,,,,,I'm so impressed with my flight on @Delta the service is impeccable and the plane feels luxurious. I have free internet too (for an hr)😭❤️,"@163381 Thank you so much for the kind words. We appreciate it and we appreciate you, too! 😄 *TJF",,,,,,,,,,,,,,,,,,,2025-09-27T01:33:30.780Z,job_20250927_012637,2
68d73efe7222cee3d33c8611,1114,68ce563352b33355379dfe9e,Product Inquiry regarding Technical,Product Inquiry,Technical,Neutral,,200739,200738,,,,,,,,,,,,,,,,,,,163383,Delta,,,,,,,,,,,,,,,,,,,Customer,Service Provider,,,,,,,,,,,,,,,,,,,true,false,,,,,,,,,,,,,,,,,,,Wed Oct 04 17:49:26 +0000 2017,Wed Oct 04 18:06:45 +0000 2017,,,,,,,,,,,,,,,,,,,"@Delta I booked new flight 2 #Tampa w/ @JetBlue ur service &amp; voucher program wouldn't help me. this won't change anything,no response needed",@163383 I am so sorry Joe not understanding what happened. How can I assist?  *TJM,,,,,,,,,,,,,,,,,,,2025-09-27T01:33:50.445Z,job_20250927_012637,2
68d73f107222cee3d33c8612,1118,68ce563352b33355379dfea2,Technical Support regarding Travel,Technical Support,Travel,Negative,,200754,200753,,,,,,,,,,,,,,,,,,,163390,Delta,,,,,,,,,,,,,,,,,,,Customer,Service Provider,,,,,,,,,,,,,,,,,,,true,false,,,,,,,,,,,,,,,,,,,Wed Oct 04 17:34:19 +0000 2017,Wed Oct 04 17:56:05 +0000 2017,,,,,,,,,,,,,,,,,,,@Delta I am having trouble with a flight situation this weekend. I think loyalty should be shown for some people. #changefee is harsh #help,@163390 ...my Leadership Team.  *TRR 2/2,,,,,,,,,,,,,,,,,,,2025-09-27T01:34:08.629Z,job_20250927_012637,2
68d73f227222cee3d33c8613,1119,68ce563352b33355379dfea3,Feedback regarding General,Feedback,General,Positive,,200850,200849,,,,,,,,,,,,,,,,,,,163415,Delta,,,,,,,,,,,,,,,,,,,Customer,Service Provider,,,,,,,,,,,,,,,,,,,true,false,,,,,,,,,,,,,,,,,,,Wed Oct 04 23:51:08 +0000 2017,Wed Oct 04 23:55:56 +0000 2017,,,,,,,,,,,,,,,,,,,Woohoo. Connected easily to @Delta fast wifi through my trial @28841 membership.,@163415 Glad to hear you were able to connect quickly on board this evening.  *HDG,,,,,,,,,,,,,,,,,,,2025-09-27T01:34:26.040Z,job_20250927_012637,2
68d73f3f7222cee3d33c8614,1123,68ce563352b33355379dfea7,Complaint regarding Travel,Complaint,Travel,Negative,,200876,200875,200873,200871,200872,200874,,,,,,,,,,,,,,,163423,Delta,163423,Delta,163423,Delta,,,,,,,,,,,,,,,Customer,Service Provider,Customer,Service Provider,Customer,Service Provider,,,,,,,,,,,,,,,true,false,true,false,true,false,,,,,,,,,,,,,,,Wed Oct 04 23:06:38 +0000 2017,Wed Oct 04 23:07:57 +0000 2017,Wed Oct 04 23:40:49 +0000 2017,Wed Oct 04 23:46:37 +0000 2017,Thu Oct 05 00:26:42 +0000 2017,Thu Oct 05 00:41:54 +0000 2017,,,,,,,,,,,,,,,Fuck ya'll forreal. @Delta,@163423 What happened? Please share.  *HEC,@Delta Your employees wouldn't let my bag on the plane because even though I arrived before the time needed and did a pre check in. I wasted $200,@163423 Sorry to hear this! Are you in need of immediate assistance with your flight or your bag? *HDV,@Delta Yes,@163423 Please follow and elaborate via DM with details on how I can help.  *AST https://t.co/6iDGBJAc2m,,,,,,,,,,,,,,,2025-09-27T01:34:55.786Z,job_20250927_012637,2
68d73f547222cee3d33c8615,1126,68ce563352b33355379dfeaa,Technical Support regarding General,Technical Support,General,Neutral,,200887,200886,,,,,,,,,,,,,,,,,,,163426,Delta,,,,,,,,,,,,,,,,,,,Customer,Service Provider,,,,,,,,,,,,,,,,,,,true,false,,,,,,,,,,,,,,,,,,,Wed Oct 04 23:30:48 +0000 2017,Wed Oct 04 23:42:06 +0000 2017,,,,,,,,,,,,,,,,,,,"@DELTA hello, I left a grey suit jacket on flight DL1775.  Did you happen to find it?  Thx",@163426 You would first report with Lost and Found via this link https://t.co/MP6jL2kP4P. *HDV,,,,,,,,,,,,,,,,,,,2025-09-27T01:35:16.474Z,job_20250927_012637,2
68d73f6c7222cee3d33c8616,1127,68ce563352b33355379dfeab,Complaint regarding Airline/Travel,Complaint,Airline/Travel,Negative,,200889,200888,,,,,,,,,,,,,,,,,,,163427,Delta,,,,,,,,,,,,,,,,,,,Customer,Service Provider,,,,,,,,,,,,,,,,,,,true,false,,,,,,,,,,,,,,,,,,,Wed Oct 04 23:37:41 +0000 2017,Wed Oct 04 23:40:48 +0000 2017,,,,,,,,,,,,,,,,,,,"@Delta terminal C at ATL is worse than LGA. To add insult to injury the Sky Club is awful. Small, dirty, and no A/C. Wasted $. #NeverAgain",@163427 Oh no! I'm sorry about that. I wish your experience was better than what's described.  *TCH,,,,,,,,,,,,,,,,,,,2025-09-27T01:35:40.332Z,job_20250927_012637,2
68d73f7f7222cee3d33c8617,1130,68ce563352b33355379dfeae,Technical Support regarding Travel,Technical Support,Travel,Negative,,200897,200896,,,,,,,,,,,,,,,,,,,163429,Delta,,,,,,,,,,,,,,,,,,,Customer,Service Provider,,,,,,,,,,,,,,,,,,,true,false,,,,,,,,,,,,,,,,,,,Wed Oct 04 23:33:27 +0000 2017,Wed Oct 04 23:35:19 +0000 2017,,,,,,,,,,,,,,,,,,,@Delta surprised wife &amp; kids having a disappointingly long wait checking in for an international flight at Newark airport - Delta JFK fast,@163429 Hi Sebastian. Sorry for the long wait. Please let us know if we can be of assistance. *TMS,,,,,,,,,,,,,,,,,,,2025-09-27T01:35:59.339Z,job_20250927_012637,2
68d73f927222cee3d33c8618,1133,68ce563352b33355379dfeb1,Complaint regarding Travel,Complaint,Travel,Negative,,201034,201033,,,,,,,,,,,,,,,,,,,163465,Delta,,,,,,,,,,,,,,,,,,,Customer,Service Provider,,,,,,,,,,,,,,,,,,,true,false,,,,,,,,,,,,,,,,,,,Wed Oct 04 23:23:45 +0000 2017,Wed Oct 04 23:24:34 +0000 2017,,,,,,,,,,,,,,,,,,,I literally just remembered that @Delta never reimbursed my family for our flight tickets like they said they were going to.😠😠😠,@163465 2/2 https://t.co/6iDGBJAc2m,,,,,,,,,,,,,,,,,,,2025-09-27T01:36:18.518Z,job_20250927_012637,2
68d73fa67222cee3d33c8619,1140,68ce563352b33355379dfeb8,Technical Support regarding Travel,Technical Support,Travel,Neutral,,201181,201180,,,,,,,,,,,,,,,,,,,163493,Delta,,,,,,,,,,,,,,,,,,,Customer,Service Provider,,,,,,,,,,,,,,,,,,,true,false,,,,,,,,,,,,,,,,,,,Wed Oct 04 21:50:19 +0000 2017,Wed Oct 04 22:56:35 +0000 2017,,,,,,,,,,,,,,,,,,,Hey @Delta my friend has a kid with disabilities and cannot travel to Puerto Rico at the moment. Can you offer some support?,@163493 A detailed travel waiver has been posted here https://t.co/dLLJC0Jee2 and provides guidance on options.  *HAA,,,,,,,,,,,,,,,,,,,2025-09-27T01:36:38.153Z,job_20250927_012637,2
68d73fbc7222cee3d33c861a,1142,68ce563352b33355379dfeba,Technical Support regarding Airlines,Technical Support,Airlines,Negative,,201187,201185,201186,201188,,,,,,,,,,,,,,,,,163495,Delta,163495,Delta,,,,,,,,,,,,,,,,,Customer,Service Provider,Customer,Service Provider,,,,,,,,,,,,,,,,,true,false,true,false,,,,,,,,,,,,,,,,,Wed Oct 04 21:45:12 +0000 2017,Wed Oct 04 22:54:16 +0000 2017,Thu Oct 05 08:59:32 +0000 2017,Thu Oct 05 09:03:39 +0000 2017,,,,,,,,,,,,,,,,,.@Delta makes Diamond status even harder to achieve https://t.co/Hy4IKoLfYO #avgeek,@163495 ...full advantage of all the benefits of Diamond.  *HAA 2/2,@Delta That’s great news!,@163495 Thank you for your loyalty to Delta. 😉 *HCK,,,,,,,,,,,,,,,,,2025-09-27T01:37:00.920Z,job_20250927_012637,2
68d73fcc7222cee3d33c861b,1143,68ce563352b33355379dfebb,Technical Support regarding General,Technical Support,General,Neutral,,201193,201192,,,,,,,,,,,,,,,,,,,163496,Delta,,,,,,,,,,,,,,,,,,,Customer,Service Provider,,,,,,,,,,,,,,,,,,,true,false,,,,,,,,,,,,,,,,,,,Wed Oct 04 22:49:23 +0000 2017,Wed Oct 04 22:53:25 +0000 2017,,,,,,,,,,,,,,,,,,,@DELTA What number do I use to call Delta from another country? In Norway and need to call.,@163496 Thanks for reaching out to us. Please give me a few moments to look into this for you. *AMC,,,,,,,,,,,,,,,,,,,2025-09-27T01:37:16.281Z,job_20250927_012637,2
68d73fe17222cee3d33c861c,1145,68ce563352b33355379dfebd,Technical Support regarding Travel,Technical Support,Travel,Negative,,201201,201200,,,,,,,,,,,,,,,,,,,163498,Delta,,,,,,,,,,,,,,,,,,,Customer,Service Provider,,,,,,,,,,,,,,,,,,,true,false,,,,,,,,,,,,,,,,,,,Wed Oct 04 22:34:59 +0000 2017,Wed Oct 04 22:46:11 +0000 2017,,,,,,,,,,,,,,,,,,,@Delta this plane is kinda dirty :/ that’s just one piece of trash out of at least 3-4 in my row. DL0884 MSP&gt;SAN 17D. https://t.co/UoGvIJ6vI5,@163498 Oh no! So sorry for that. Could you provide your confirmation number via DM so I can assist?  *TDL https://t.co/6iDGBJAc2m,,,,,,,,,,,,,,,,,,,2025-09-27T01:37:37.400Z,job_20250927_012637,2
68d73ff77222cee3d33c861d,1158,68ce563352b33355379dfeca,Account/Billing regarding Reservations,Account/Billing,Reservations,Neutral,,202848,202846,202847,202849,202850,,,,,,,,,,,,,,,,163991,Delta,163991,Delta,163991,,,,,,,,,,,,,,,,Customer,Service Provider,Customer,Service Provider,Customer,,,,,,,,,,,,,,,,true,false,true,false,true,,,,,,,,,,,,,,,,Wed Oct 04 16:45:56 +0000 2017,Wed Oct 04 17:12:36 +0000 2017,Fri Oct 06 07:00:26 +0000 2017,Fri Oct 06 07:09:04 +0000 2017,Fri Oct 06 07:10:10 +0000 2017,,,,,,,,,,,,,,,,@Delta Can you help me turn off my upgrade request for comfort plus?,@163991 Hello. I can assist with any current reservations. Pls DM your SkyMiles number. Thanks! *TJF https://t.co/6iDGBJAc2m,@Delta Could I actually get follow up assistance on this?,"@163991 Please, allow me a few minutes while I check your reservation. *AMV","@Delta No rush, I messaged with my info.",,,,,,,,,,,,,,,,2025-09-27T01:37:59.211Z,job_20250927_012637,2
68d740117222cee3d33c861e,1159,68ce563352b33355379dfecb,Complaint regarding Technical Support,Complaint,Technical Support,Negative,,202855,202854,202852,202851,,,,,,,,,,,,,,,,,163992,Delta,163992,Delta,,,,,,,,,,,,,,,,,Customer,Service Provider,Customer,Service Provider,,,,,,,,,,,,,,,,,true,false,true,false,,,,,,,,,,,,,,,,,Wed Oct 04 15:11:09 +0000 2017,Wed Oct 04 16:08:56 +0000 2017,Wed Oct 04 16:15:23 +0000 2017,Wed Oct 04 17:08:13 +0000 2017,,,,,,,,,,,,,,,,,@Delta REMEMBER THAT TIME I LOST MY BACKPACK AND I TOLD YOU EXACTLY WHERE IT WAS AND U DID NOTHING ABOUT IT???,"@163992 Hi there, if they locate your item they will contact you. If you do not hear from them it means that they didn't locate the item. *TRR",@Delta No shit. You all told me to get on my next flight because I could easily get back my bag....allllllll lies with u people,@163992 I wish your experience had gone more smoothly and apologize it hasn't. Have you received any updates via e-mail? 2/2 *TJE,,,,,,,,,,,,,,,,,2025-09-27T01:38:25.257Z,job_20250927_012637,2
68d740217222cee3d33c861f,1164,68ce563352b33355379dfed0,Complaint regarding Shipping/Delivery,Complaint,Shipping/Delivery,Negative,,202867,202866,,,,,,,,,,,,,,,,,,,163997,Delta,,,,,,,,,,,,,,,,,,,Customer,Service Provider,,,,,,,,,,,,,,,,,,,true,false,,,,,,,,,,,,,,,,,,,Wed Oct 04 16:06:32 +0000 2017,Wed Oct 04 16:54:49 +0000 2017,,,,,,,,,,,,,,,,,,,"@Delta: suitcase missed flight, will be to Seattle at 9:45pm and be delivered Me:OK, Today, No Bag delivered, sorry bag missed flight again",@163997 Please don't hesitate to reach out if you require further assistance. 2/2 *TJE,,,,,,,,,,,,,,,,,,,2025-09-27T01:38:41.681Z,job_20250927_012637,2
68d740337222cee3d33c8620,1169,68ce563352b33355379dfed5,Technical Support regarding Travel,Technical Support,Travel,Neutral,,202878,202877,,,,,,,,,,,,,,,,,,,164002,Delta,,,,,,,,,,,,,,,,,,,Customer,Service Provider,,,,,,,,,,,,,,,,,,,true,false,,,,,,,,,,,,,,,,,,,Wed Oct 04 15:50:08 +0000 2017,Wed Oct 04 16:48:11 +0000 2017,,,,,,,,,,,,,,,,,,,@Delta are you able to add my KTN to my travel tomorrow? Business trip and I don't have an account so I don't think it's on my res...,@164002 Hi there! I'd be happy to help you with this. Pls DM your confirmation and KTN.  *TJE https://t.co/6iDGBJAc2m,,,,,,,,,,,,,,,,,,,2025-09-27T01:38:59.910Z,job_20250927_012637,2
68d740417222cee3d33c8621,1171,68ce563352b33355379dfed7,Feedback regarding General,Feedback,General,Positive,,202882,202881,,,,,,,,,,,,,,,,,,,164004,Delta,,,,,,,,,,,,,,,,,,,Customer,Service Provider,,,,,,,,,,,,,,,,,,,true,false,,,,,,,,,,,,,,,,,,,Wed Oct 04 15:45:04 +0000 2017,Wed Oct 04 16:46:23 +0000 2017,,,,,,,,,,,,,,,,,,,Flying out on vacation! @Delta great customer service! https://t.co/H2w9gX7sl5,"@164004 Have a fabulous trip, Jake! :-) *AAB",,,,,,,,,,,,,,,,,,,2025-09-27T01:39:13.321Z,job_20250927_012637,2
68d740507222cee3d33c8622,1172,68ce563352b33355379dfed8,Feedback regarding General,Feedback,General,Positive,,202884,202883,,,,,,,,,,,,,,,,,,,164005,Delta,,,,,,,,,,,,,,,,,,,Customer,Service Provider,,,,,,,,,,,,,,,,,,,true,false,,,,,,,,,,,,,,,,,,,Wed Oct 04 15:38:21 +0000 2017,Wed Oct 04 16:45:43 +0000 2017,,,,,,,,,,,,,,,,,,,"Free wifi on a flight is always a good thing. @Delta, you're just the greatest.",@164005 Thanks for the shout out Callum! We're glad you enjoy flying with us and thanks for your continued loyalty. ✈ *TJE,,,,,,,,,,,,,,,,,,,2025-09-27T01:39:28.481Z,job_20250927_012637,2
68d7405d7222cee3d33c8623,1173,68ce563352b33355379dfed9,Feedback regarding General,Feedback,General,Positive,,202886,202885,,,,,,,,,,,,,,,,,,,164006,Delta,,,,,,,,,,,,,,,,,,,Customer,Service Provider,,,,,,,,,,,,,,,,,,,true,false,,,,,,,,,,,,,,,,,,,Wed Oct 04 15:38:05 +0000 2017,Wed Oct 04 16:43:53 +0000 2017,,,,,,,,,,,,,,,,,,,@delta had great consumer service this morning @128969 !  Thanks Mr. J Good!,"@164006 Thanks Brenda, On behalf of all of us we would like to thank you for choosing Delta.  *TJM",,,,,,,,,,,,,,,,,,,2025-09-27T01:39:41.622Z,job_20250927_012637,2
68d7407c7222cee3d33c8624,1182,68ce563352b33355379dfee2,Complaint regarding Technical Support,Complaint,Technical Support,Negative,,206247,206245,206246,206248,206251,206252,,,,,,,,,,,,,,,164834,Delta,164834,Delta,164834,Delta,,,,,,,,,,,,,,,Customer,Service Provider,Customer,Service Provider,Customer,Service Provider,,,,,,,,,,,,,,,true,false,true,false,true,false,,,,,,,,,,,,,,,Wed Nov 01 22:46:16 +0000 2017,Wed Nov 01 22:58:06 +0000 2017,Wed Nov 01 23:16:25 +0000 2017,Wed Nov 01 23:24:37 +0000 2017,Wed Nov 01 23:35:26 +0000 2017,Wed Nov 01 23:44:59 +0000 2017,,,,,,,,,,,,,,,"@delta boarded DL 28 &amp; upgraded into DL One. Then removed from 1st, semt back 2 coach. Is this how u treat DM members / 2m milers? Disgrace",@164834 My apologies for that. What did the crew say as the reason please? *HRO,@Delta Does it matter? I was prematurely upgraded and then latterly removed from 1st class. Incompetent &amp; a poor way to treat loyal customers,@164834 ...Management Team. Thank you. *HRO 3/3,@Delta I was ‘cleared’ to board using a system wide upgrade certificate. Presumably I never cleared. Which is inept and no way to treat customers,@164834 ...Team. Thank you.  *HRO 2/2,,,,,,,,,,,,,,,2025-09-27T01:40:12.570Z,job_20250927_012637,2
68d740a37222cee3d33c8625,1185,68ce563352b33355379dfee5,Complaint regarding Technical Support,Complaint,Technical Support,Negative,,206997,206996,206992,206988,206989,206993,,,,,,,,,,,,,,,165010,Delta,165010,Delta,165010,Delta,,,,,,,,,,,,,,,Customer,Service Provider,Customer,Service Provider,Customer,Service Provider,,,,,,,,,,,,,,,true,false,true,false,true,false,,,,,,,,,,,,,,,Fri Oct 06 19:16:26 +0000 2017,Fri Oct 06 20:20:43 +0000 2017,Fri Oct 06 22:24:20 +0000 2017,Fri Oct 06 22:39:19 +0000 2017,Fri Oct 06 22:55:33 +0000 2017,Fri Oct 06 23:20:35 +0000 2017,,,,,,,,,,,,,,,Not cool @Delta!!  Paid 1st class upgrade - charged on Card but boarding pass and seat not even biz class #badservice #nohelp #unhappycamper,@165010 Oh no! I'm sorry that this has happpend. Please follow/DM with your conf. # for review.  *HJB https://t.co/6iDGBJAc2m,@Delta just DMed...,"@165010 ...this charge, so I don't have anything to send to Refunds. *HWG 2/2",@Delta AND there are first class seats open?? wth?! no ONE offered to upgrade or even offer for me to rebuy the upgrade?!?!,"@165010 Chantelle, do you have the 13 digit transaction number for the purchase? *ACJ",,,,,,,,,,,,,,,2025-09-27T01:40:51.655Z,job_20250927_012637,2
68d740bc7222cee3d33c8626,1190,68ce563352b33355379dfeea,Technical Support regarding Travel,Technical Support,Travel,Neutral,,207201,207199,207200,207202,,,,,,,,,,,,,,,,,165015,Delta,165015,Delta,,,,,,,,,,,,,,,,,Customer,Service Provider,Customer,Service Provider,,,,,,,,,,,,,,,,,true,false,true,false,,,,,,,,,,,,,,,,,Fri Oct 06 22:18:19 +0000 2017,Fri Oct 06 22:29:53 +0000 2017,Fri Oct 06 22:41:50 +0000 2017,Fri Oct 06 23:12:25 +0000 2017,,,,,,,,,,,,,,,,,@Delta @165016 and I were wondering why didn't we get to board with #12Status on our flight to LAX... #GoHawks #LABound 💚🏈💙,"@165015 Hi, there. Were you traveling from Seattle today?  *HDG",@Delta Hello! We were! We are traveling SEA &gt; LAX,@165015 ...bringing this to our attention.  *HDG 2/2,,,,,,,,,,,,,,,,,2025-09-27T01:41:16.229Z,job_20250927_012637,2
68d740d57222cee3d33c8627,1192,68ce563352b33355379dfeec,Technical Support regarding Travel/Transportation,Technical Support,Travel/Transportation,Negative,,207322,207320,207321,207323,,,,,,,,,,,,,,,,,165046,Delta,165046,Delta,,,,,,,,,,,,,,,,,Customer,Service Provider,Customer,Service Provider,,,,,,,,,,,,,,,,,true,false,true,false,,,,,,,,,,,,,,,,,Fri Oct 20 22:41:14 +0000 2017,Fri Oct 20 23:12:55 +0000 2017,Fri Oct 20 23:21:53 +0000 2017,Fri Oct 20 23:46:41 +0000 2017,,,,,,,,,,,,,,,,,.....and we were just told the WiFi is broken on this plane.  @Delta I’m not impressed so far. https://t.co/M0NtJ6iNQs,@165046 Hi Jonathan. I am so sorry for the inconvenience. Please follow/DM your confirmation code or tkt # to better assist. *TKR,"@Delta my confirmation # is HIWD97.   On a positive note, if you get this it means the WiFi started working.","@165046 For security purposes, pls delete your last tweet with your confirmation code. *TKR",,,,,,,,,,,,,,,,,2025-09-27T01:41:41.423Z,job_20250927_012637,2
68d740e87222cee3d33c8628,1194,68ce563352b33355379dfeee,Complaint regarding Travel,Complaint,Travel,Negative,,207327,207326,,,,,,,,,,,,,,,,,,,165048,Delta,,,,,,,,,,,,,,,,,,,Customer,Service Provider,,,,,,,,,,,,,,,,,,,true,false,,,,,,,,,,,,,,,,,,,Fri Oct 20 22:37:20 +0000 2017,Fri Oct 20 23:10:53 +0000 2017,,,,,,,,,,,,,,,,,,,Not exactly my definition of @Delta Comfort. TV for everyone but me... https://t.co/8dVkxb7fyS,@165048 Oh my. Please follow/DM your confirmation number to this link. *ACJ https://t.co/6iDGBJAc2m,,,,,,,,,,,,,,,,,,,2025-09-27T01:42:00.196Z,job_20250927_012637,2
68d741027222cee3d33c8629,1195,68ce563352b33355379dfeef,Order Status regarding Travel/Transportation,Order Status,Travel/Transportation,Negative,,207357,207356,207355,207352,207350,207351,207353,,,,,,,,,,,,,,165050,Delta,165050,165050,Delta,165050,Delta,,,,,,,,,,,,,,Customer,Service Provider,Customer,Customer,Service Provider,Customer,Service Provider,,,,,,,,,,,,,,true,false,true,true,false,true,false,,,,,,,,,,,,,,Fri Oct 20 21:50:04 +0000 2017,Fri Oct 20 22:06:49 +0000 2017,Fri Oct 20 22:13:08 +0000 2017,Fri Oct 20 22:24:41 +0000 2017,Fri Oct 20 23:09:36 +0000 2017,Sat Oct 21 00:03:47 +0000 2017,Sat Oct 21 00:35:37 +0000 2017,,,,,,,,,,,,,,6 hour flight delay with @Delta \n\nNow I’ve gotta nap in the terminal. 😴,@165050 Oh no! I'm so sorry to hear this. What is your confirmation number? *AMC,@Delta H25PDA,@Delta @Delta,@165050 I greatly apologize for the delay. It appears that your delay was caused by weather. *AMC,@Delta Right...... thanks?,@165050 Our sincere apologies for the delay. We appreciate your continued patience. Please let us know if we can further assist. *AJC,,,,,,,,,,,,,,2025-09-27T01:42:26.632Z,job_20250927_012637,2
68d741157222cee3d33c862a,1196,68ce563352b33355379dfef0,Technical Support regarding Account/Billing,Technical Support,Account/Billing,Neutral,,207360,207358,207359,207361,,,,,,,,,,,,,,,,,165051,Delta,165051,Delta,,,,,,,,,,,,,,,,,Customer,Service Provider,Customer,Service Provider,,,,,,,,,,,,,,,,,true,false,true,false,,,,,,,,,,,,,,,,,Fri Oct 20 22:34:52 +0000 2017,Fri Oct 20 23:08:07 +0000 2017,Fri Oct 20 23:10:44 +0000 2017,Fri Oct 20 23:31:59 +0000 2017,,,,,,,,,,,,,,,,,@Delta y r u charging my husband and me to sit next to each other? Do I need my marriage certificate? #equality #love,@165051 Hi Benjamin. Please follow/DM your confirmation code or ticket number to learn more. *TKR,@Delta DM sent. Please help.,@165051 Thank you. *TKR,,,,,,,,,,,,,,,,,2025-09-27T01:42:45.391Z,job_20250927_012637,2
68d7412b7222cee3d33c862b,1205,68ce563352b33355379dfef9,Complaint regarding Technical,Complaint,Technical,Negative,,214187,214186,214183,214182,,,,,,,,,,,,,,,,,159839,Delta,159839,Delta,,,,,,,,,,,,,,,,,Customer,Service Provider,Customer,Service Provider,,,,,,,,,,,,,,,,,true,false,true,false,,,,,,,,,,,,,,,,,Wed Oct 04 20:09:04 +0000 2017,Wed Oct 04 20:12:54 +0000 2017,Wed Oct 04 20:14:05 +0000 2017,Wed Oct 04 20:20:04 +0000 2017,,,,,,,,,,,,,,,,,@Delta trying to use your useless miles to book a car and CS says they can help with the tech difficulties but they lied,@159839 ...American Express Credit Card. *TRR 2/2,@Delta Yeah @Delta thank you for assuming I'm an idiot. I know that. My significant other does and he was trying to.,@159839 ...credit card.  https://t.co/Uj3G8oxbeG but it seems at this time they are having technical difficulties and to try again... 2/3,,,,,,,,,,,,,,,,,2025-09-27T01:43:07.778Z,job_20250927_012637,2
68d7413a7222cee3d33c862c,1206,68ce563352b33355379dfefa,Feedback regarding General,Feedback,General,Positive,,214190,214189,,,,,,,,,,,,,,,,,,,166868,Delta,,,,,,,,,,,,,,,,,,,Customer,Service Provider,,,,,,,,,,,,,,,,,,,true,false,,,,,,,,,,,,,,,,,,,Wed Oct 04 20:17:10 +0000 2017,Wed Oct 04 20:18:58 +0000 2017,,,,,,,,,,,,,,,,,,,"@Delta thank you for feeding our troops today on their flight to Texas from Quonset,my husband was on that flight.🇺🇸❤️",@166868 Thanks! It is our pleasure to take care of our passengers !✈ *TDL,,,,,,,,,,,,,,,,,,,2025-09-27T01:43:22.365Z,job_20250927_012637,2
68d7414a7222cee3d33c862d,1002,68ce563352b33355379dfe2e,Order Status regarding Travel,Order Status,Travel,Neutral,,183069,183068,,,,,,,,,,,,,,,,,,,159055,Delta,,,,,,,,,,,,,,,,,,,Customer,Service Provider,,,,,,,,,,,,,,,,,,,true,false,,,,,,,,,,,,,,,,,,,Wed Oct 04 21:49:03 +0000 2017,Wed Oct 04 21:51:49 +0000 2017,,,,,,,,,,,,,,,,,,,@Delta I am unable to change my flight on your website and I have been on hold for 25 mins.  Can you guys help?,"@159055 Hi. Please DM your confirmation number, and I will take a look at this for you. Thanks. *TMS https://t.co/6iDGBJAc2m",,,,,,,,,,,,,,,,,,,2025-09-27T01:43:38.765Z,job_20250927_012637,2
68d741597222cee3d33c862e,1003,68ce563352b33355379dfe2f,Feedback regarding General,Feedback,General,Positive,,183089,183088,,,,,,,,,,,,,,,,,,,158639,Delta,,,,,,,,,,,,,,,,,,,Customer,Service Provider,,,,,,,,,,,,,,,,,,,true,false,,,,,,,,,,,,,,,,,,,Wed Oct 04 21:49:15 +0000 2017,Wed Oct 04 21:51:45 +0000 2017,,,,,,,,,,,,,,,,,,,"Well, another kudos to @Delta today - amazing gate agents at A27 at @128559 - service w a smile despite a packed flight and angry fliers",@158639 @128559 You are most welcome! Thank you for choosing Delta! 😊 *TDL,,,,,,,,,,,,,,,,,,,2025-09-27T01:43:53.195Z,job_20250927_012637,2
68d7416b7222cee3d33c862f,1007,68ce563352b33355379dfe33,Product Information regarding Product Info,Product Information,Product Info,Neutral,,183769,183768,,,,,,,,,,,,,,,,,,,159217,Delta,,,,,,,,,,,,,,,,,,,Customer,Service Provider,,,,,,,,,,,,,,,,,,,true,false,,,,,,,,,,,,,,,,,,,Wed Oct 04 21:38:52 +0000 2017,Wed Oct 04 21:44:18 +0000 2017,,,,,,,,,,,,,,,,,,,@Delta how is this *Economy Comfort? 13 A/B on DL0051. I had more room in main on my last flight. https://t.co/Htr9kfKWWP,@159217 May I please have you DM your confirmation # here? DL51 has not taken off yet today. *TMT https://t.co/6iDGBJAc2m,,,,,,,,,,,,,,,,,,,2025-09-27T01:44:11.130Z,job_20250927_012637,2
68d7417b7222cee3d33c8630,1009,68ce563352b33355379dfe35,Technical Support regarding Travel,Technical Support,Travel,Neutral,,183838,183837,,,,,,,,,,,,,,,,,,,159239,Delta,,,,,,,,,,,,,,,,,,,Customer,Service Provider,,,,,,,,,,,,,,,,,,,true,false,,,,,,,,,,,,,,,,,,,Wed Oct 04 21:35:36 +0000 2017,Wed Oct 04 21:37:43 +0000 2017,,,,,,,,,,,,,,,,,,,"@delta flying home from Britain tomorrow and overnight my flights were all changed, all my seats, some paid for lost. Any explanations?",@159239 May I please have you DM your confirmation # here? *TMT https://t.co/6iDGBJAc2m,,,,,,,,,,,,,,,,,,,2025-09-27T01:44:27.875Z,job_20250927_012637,2
68d7418d7222cee3d33c8631,1011,68ce563352b33355379dfe37,Complaint regarding Travel,Complaint,Travel,Negative,,183993,183992,,,,,,,,,,,,,,,,,,,159291,Delta,,,,,,,,,,,,,,,,,,,Customer,Service Provider,,,,,,,,,,,,,,,,,,,true,false,,,,,,,,,,,,,,,,,,,Wed Oct 04 21:26:31 +0000 2017,Wed Oct 04 21:30:18 +0000 2017,,,,,,,,,,,,,,,,,,,@Delta so glad I booked my flight 6 months ago to sit by a friend and ended up stuck in a middle seat in a different section,"@159291 I'm sorry to hear of your experience. We always do our best, but unfortunately this time we missed a beat. *TJF",,,,,,,,,,,,,,,,,,,2025-09-27T01:44:45.925Z,job_20250927_012637,2
68d741a27222cee3d33c8632,1012,68ce563352b33355379dfe38,Technical Support regarding Travel/Flight,Technical Support,Travel/Flight,Neutral,,184015,184014,184013,184012,,,,,,,,,,,,,,,,,159297,Delta,159297,Delta,,,,,,,,,,,,,,,,,Customer,Service Provider,Customer,Service Provider,,,,,,,,,,,,,,,,,true,false,true,false,,,,,,,,,,,,,,,,,Wed Oct 04 21:06:23 +0000 2017,Wed Oct 04 21:14:01 +0000 2017,Wed Oct 04 21:21:28 +0000 2017,Wed Oct 04 21:23:51 +0000 2017,,,,,,,,,,,,,,,,,Hi @delta how does the 20 minute baggage thing work? It's been 20 minutes and I don't have my bag.,@159297 Just complete the below form no later than three days after your flight's arrival: https://t.co/9qP7jNm0t7 *HJH,@Delta Thanks!,@159297 You're welcome. Again my apologies. *HJH,,,,,,,,,,,,,,,,,2025-09-27T01:45:06.915Z,job_20250927_012637,2
68d741b67222cee3d33c8633,1016,68ce563352b33355379dfe3c,Complaint regarding Technical Support,Complaint,Technical Support,Negative,,185043,185042,185041,,,,,,,,,,,,,,,,,,Delta,159526,Delta,,,,,,,,,,,,,,,,,,Service Provider,Customer,Service Provider,,,,,,,,,,,,,,,,,,false,true,false,,,,,,,,,,,,,,,,,,Wed Oct 11 20:12:10 +0000 2017,Thu Oct 12 00:02:03 +0000 2017,Thu Oct 12 01:10:50 +0000 2017,,,,,,,,,,,,,,,,,,Our thoughts on the #DayoftheGirl: Don't ever stop. Always #KeepClimbing. https://t.co/zswGlnYexK,@Delta CUSTOMER SERVICE SUCKS... FLIGHTS ARENT ON TIME... SEATS ARE HORRIBLE &amp; OVER PRICED FOR WHAT DELTA DELIVERS ON! NEVER AGAIN!,@159526 Yikes! What's going on? *AAB,,,,,,,,,,,,,,,,,,2025-09-27T01:45:26.812Z,job_20250927_012637,2
68d741cc7222cee3d33c8634,1020,68ce563352b33355379dfe40,Technical Support regarding General,Technical Support,General,Neutral,,185093,185091,185089,185086,185087,,,,,,,,,,,,,,,,159530,Delta,159530,Delta,159531,,,,,,,,,,,,,,,,Customer,Service Provider,Customer,Service Provider,Customer,,,,,,,,,,,,,,,,true,false,true,false,true,,,,,,,,,,,,,,,,Thu Oct 12 00:28:58 +0000 2017,Thu Oct 12 00:45:55 +0000 2017,Thu Oct 12 00:54:16 +0000 2017,Thu Oct 12 01:02:42 +0000 2017,Thu Oct 12 01:06:44 +0000 2017,,,,,,,,,,,,,,,,Hey @Delta is your app and website down?,"@159530 Hi, Eric. What's the issue that you are experiencing?  *HDG",@Delta Since my flights delayed and I will likely get stranded it's tough with no app to get the platinum number or get new flights.,@159530 Checking on this now.  *HDG,@Delta @159530 X2 here - can’t get to my trip or ticket through your app or website.,,,,,,,,,,,,,,,,2025-09-27T01:45:48.260Z,job_20250927_012637,2
68d741de7222cee3d33c8635,1021,68ce563352b33355379dfe41,Technical Support regarding Travel/Transportation,Technical Support,Travel/Transportation,Negative,,185096,185095,185094,,,,,,,,,,,,,,,,,,159532,159532,Delta,,,,,,,,,,,,,,,,,,Customer,Customer,Service Provider,,,,,,,,,,,,,,,,,,true,true,false,,,,,,,,,,,,,,,,,,Wed Oct 11 23:49:23 +0000 2017,Wed Oct 11 23:50:47 +0000 2017,Thu Oct 12 01:01:29 +0000 2017,,,,,,,,,,,,,,,,,,@Delta flight 1774 stuck on runway for 1.5 hours while other flights landed after us and got right to gate. What gives???!??,@Delta I understand safety but other flights got to gate and we did not.  Help please.,"@159532 Our apologies for the delay in getting you to your gate, Shelley.  *ALA",,,,,,,,,,,,,,,,,,2025-09-27T01:46:06.222Z,job_20250927_012637,2
68d741ea7222cee3d33c8636,1032,68ce563352b33355379dfe4c,Feedback regarding General,Feedback,General,Positive,,185787,185786,,,,,,,,,,,,,,,,,,,159697,Delta,,,,,,,,,,,,,,,,,,,Customer,Service Provider,,,,,,,,,,,,,,,,,,,true,false,,,,,,,,,,,,,,,,,,,Wed Oct 04 21:01:16 +0000 2017,Wed Oct 04 21:14:38 +0000 2017,,,,,,,,,,,,,,,,,,,Huge shout out to @Delta for accommodating changes to my trip for the Marine Corps Ball! Bless you guys❤️ #Delta,@159697 Enjoy the flight and the ball. *HJH,,,,,,,,,,,,,,,,,,,2025-09-27T01:46:18.899Z,job_20250927_012637,2
68d741fc7222cee3d33c8637,1050,68ce563352b33355379dfe5e,Product Inquiry regarding Orders,Product Inquiry,Orders,Neutral,,187411,187410,,,,,,,,,,,,,,,,,,,159971,Delta,,,,,,,,,,,,,,,,,,,Customer,Service Provider,,,,,,,,,,,,,,,,,,,true,false,,,,,,,,,,,,,,,,,,,Thu Oct 05 01:43:49 +0000 2017,Thu Oct 05 01:57:13 +0000 2017,,,,,,,,,,,,,,,,,,,@Delta Helped mom buy tix but then realized she has $100 Delta gift card. Can it be applied or do we cancel tix &amp; buy again to use gift?,"@159971 Hi, Cynthia. She would need to cancel the current one and purchase it again. We are unable to add it after ticketing.  *ALA",,,,,,,,,,,,,,,,,,,2025-09-27T01:46:36.950Z,job_20250927_012637,2
68d7420f7222cee3d33c8638,1051,68ce563352b33355379dfe5f,Product Inquiry regarding Travel/Flight,Product Inquiry,Travel/Flight,Negative,,187475,187474,187473,187472,,,,,,,,,,,,,,,,,159996,Delta,159996,Delta,,,,,,,,,,,,,,,,,Customer,Service Provider,Customer,Service Provider,,,,,,,,,,,,,,,,,true,false,true,false,,,,,,,,,,,,,,,,,Thu Oct 05 00:53:34 +0000 2017,Thu Oct 05 01:08:04 +0000 2017,Thu Oct 05 01:43:06 +0000 2017,Thu Oct 05 01:55:36 +0000 2017,,,,,,,,,,,,,,,,,@Delta. I believe that a flight from Australia to California has no charging options in the main cabin.,"@159996 Hi, Brian. Let us know if we can assist with your reservation.  *ALA",@Delta Nothing to help with just find it totally unbelievable that a 14 hour flight from Australia to California has no charging options.,@159996 Our apologies for the inconvenience this has caused.  *ALA,,,,,,,,,,,,,,,,,2025-09-27T01:46:55.733Z,job_20250927_012637,2
68d7421c7222cee3d33c8639,1063,68ce563352b33355379dfe6b,Feedback regarding General,Feedback,General,Positive,,189492,189491,,,,,,,,,,,,,,,,,,,160441,Delta,,,,,,,,,,,,,,,,,,,Customer,Service Provider,,,,,,,,,,,,,,,,,,,true,false,,,,,,,,,,,,,,,,,,,Wed Oct 04 06:09:49 +0000 2017,Wed Oct 04 06:15:25 +0000 2017,,,,,,,,,,,,,,,,,,,Got another upgrade for my flight home from Miami ☀️ Thanks @Delta! #AllTheWayUp,@160441 Whoot whoot! Enjoy your flight! 😊 *HDG,,,,,,,,,,,,,,,,,,,2025-09-27T01:47:08.481Z,job_20250927_012637,2
68d7422e7222cee3d33c863a,1064,68ce563352b33355379dfe6c,Technical Support regarding Travel,Technical Support,Travel,Neutral,,189495,189494,189493,,,,,,,,,,,,,,,,,,160442,160442,Delta,,,,,,,,,,,,,,,,,,Customer,Customer,Service Provider,,,,,,,,,,,,,,,,,,true,true,false,,,,,,,,,,,,,,,,,,Wed Oct 04 05:40:59 +0000 2017,Wed Oct 04 05:43:06 +0000 2017,Wed Oct 04 05:43:49 +0000 2017,,,,,,,,,,,,,,,,,,@Delta Hi. Flight in a few hours and I just noticed my middle initial was moved to the last letter of my first name in my boarding pass. 1/,@Delta Is this a problem? (Seems like one.) Can you help? 3/3,@160442 Not aware of any problem overall.  *ALY,,,,,,,,,,,,,,,,,,2025-09-27T01:47:26.302Z,job_20250927_012637,2
68d7423b7222cee3d33c863b,1069,68ce563352b33355379dfe71,Complaint regarding Technical Support,Complaint,Technical Support,Negative,,189519,189518,,,,,,,,,,,,,,,,,,,160446,Delta,,,,,,,,,,,,,,,,,,,Customer,Service Provider,,,,,,,,,,,,,,,,,,,true,false,,,,,,,,,,,,,,,,,,,Wed Oct 04 05:11:13 +0000 2017,Wed Oct 04 05:13:56 +0000 2017,,,,,,,,,,,,,,,,,,,My whole experience with @Delta has been horrible today,@160446 We don't like hearing that. Let us know if there is anything we can do to assist.  *ALA,,,,,,,,,,,,,,,,,,,2025-09-27T01:47:39.871Z,job_20250927_012637,2
68d7424b7222cee3d33c863c,1076,68ce563352b33355379dfe78,Other regarding General,Other,General,Neutral,,200563,200562,,,,,,,,,,,,,,,,,,,163326,Delta,,,,,,,,,,,,,,,,,,,Customer,Service Provider,,,,,,,,,,,,,,,,,,,true,false,,,,,,,,,,,,,,,,,,,Wed Oct 04 19:38:58 +0000 2017,Wed Oct 04 19:40:09 +0000 2017,,,,,,,,,,,,,,,,,,,Toasting to #BreastCancerAwarenessMonth with a @Delta #pinkmartini @10927 @163327 #getamammogram #findacure https://t.co/MZfw08GQpS,"@163326 @10927 @163327 Cheers, enjoy your flight! ✈ *AST",,,,,,,,,,,,,,,,,,,2025-09-27T01:47:55.761Z,job_20250927_012637,2
68d7425c7222cee3d33c863d,1085,68ce563352b33355379dfe81,Complaint regarding Travel/Transportation,Complaint,Travel/Transportation,Negative,,200588,200587,,,,,,,,,,,,,,,,,,,163337,Delta,,,,,,,,,,,,,,,,,,,Customer,Service Provider,,,,,,,,,,,,,,,,,,,true,false,,,,,,,,,,,,,,,,,,,Wed Oct 04 19:05:36 +0000 2017,Wed Oct 04 19:10:20 +0000 2017,,,,,,,,,,,,,,,,,,,"10 minutes ago, these were 390... @Delta playin games 😩😤 https://t.co/m70UnSYc5O","@163337 Hi, Colt, I'm so sorry to see this, unfortunately, our fares are subject to change until ticketed. *TRR",,,,,,,,,,,,,,,,,,,2025-09-27T01:48:12.448Z,job_20250927_012637,2
68d7426b7222cee3d33c863e,1090,68ce563352b33355379dfe86,Technical Support regarding Travel/Transportation,Technical Support,Travel/Transportation,Neutral,,200615,200614,,,,,,,,,,,,,,,,,,,163342,Delta,,,,,,,,,,,,,,,,,,,Customer,Service Provider,,,,,,,,,,,,,,,,,,,true,false,,,,,,,,,,,,,,,,,,,Wed Oct 04 18:49:44 +0000 2017,Wed Oct 04 18:53:58 +0000 2017,,,,,,,,,,,,,,,,,,,@Delta what's best way to claim a lost item left on flight?,"@163342 Hi, to file a lost item report, pls see the attached link.  https://t.co/PFXvMptCcO *TJW",,,,,,,,,,,,,,,,,,,2025-09-27T01:48:27.717Z,job_20250927_012637,2
68d7427d7222cee3d33c863f,1091,68ce563352b33355379dfe87,Complaint regarding Travel/Transportation,Complaint,Travel/Transportation,Negative,,200620,200618,200617,200616,,,,,,,,,,,,,,,,,163343,Delta,163343,Delta,,,,,,,,,,,,,,,,,Customer,Service Provider,Customer,Service Provider,,,,,,,,,,,,,,,,,true,false,true,false,,,,,,,,,,,,,,,,,Wed Oct 04 18:04:56 +0000 2017,Wed Oct 04 18:15:10 +0000 2017,Wed Oct 04 18:50:31 +0000 2017,Wed Oct 04 18:53:25 +0000 2017,,,,,,,,,,,,,,,,,Really?! 7 passengers in line waiting line to drop luggage. @Delta https://t.co/4RAswb25sH,@163343 Oh no! Which airport are you in? *AMC,@Delta Thanks.,@163343 Thank you for the information and I hope you have a wonderful day! *TRR,,,,,,,,,,,,,,,,,2025-09-27T01:48:45.843Z,job_20250927_012637,2
68d742907222cee3d33c8640,1092,68ce563352b33355379dfe88,Order Status regarding Travel,Order Status,Travel,Neutral,,200624,200623,200622,200621,,,,,,,,,,,,,,,,,163344,Delta,163344,Delta,,,,,,,,,,,,,,,,,Customer,Service Provider,Customer,Service Provider,,,,,,,,,,,,,,,,,true,false,true,false,,,,,,,,,,,,,,,,,Wed Oct 04 18:35:14 +0000 2017,Wed Oct 04 18:42:31 +0000 2017,Wed Oct 04 18:43:29 +0000 2017,Wed Oct 04 18:51:52 +0000 2017,,,,,,,,,,,,,,,,,@delta being on hold for an hour is stupid. This shouldn't be so hard,@163344 What can I help with? *TMT,@Delta Hoping to change my flight today. Scheduled to leave at 7:44 but I am ready now,@163344 Please DM your confirmation #.  *TMT https://t.co/6iDGBJAc2m,,,,,,,,,,,,,,,,,2025-09-27T01:49:04.391Z,job_20250927_012637,2
68d7429d7222cee3d33c8641,1094,68ce563352b33355379dfe8a,Complaint regarding General,Complaint,General,Negative,,200628,200627,,,,,,,,,,,,,,,,,,,163347,Delta,,,,,,,,,,,,,,,,,,,Customer,Service Provider,,,,,,,,,,,,,,,,,,,true,false,,,,,,,,,,,,,,,,,,,Wed Oct 04 18:40:39 +0000 2017,Wed Oct 04 18:45:57 +0000 2017,,,,,,,,,,,,,,,,,,,@Delta y'all really suck:/,"@163347 Hi Katie, it seems we have let you down. I'm very sorry for this. Is there something we can do to help? *TJW",,,,,,,,,,,,,,,,,,,2025-09-27T01:49:17.112Z,job_20250927_012637,2
68d742b47222cee3d33c8642,1096,68ce563352b33355379dfe8c,Feedback regarding Technical Support,Feedback,Technical Support,Positive,,200634,200633,200632,200631,,,,,,,,,,,,,,,,,163349,Delta,163349,Delta,,,,,,,,,,,,,,,,,Customer,Service Provider,Customer,Service Provider,,,,,,,,,,,,,,,,,true,false,true,false,,,,,,,,,,,,,,,,,Wed Oct 04 18:07:43 +0000 2017,Wed Oct 04 18:18:52 +0000 2017,Wed Oct 04 18:38:29 +0000 2017,Wed Oct 04 18:44:22 +0000 2017,,,,,,,,,,,,,,,,,We just had our flight delayed to #HartfordCT from #Minneapolis and the @Delta crew at Gate 20/21 are #RockStars! Thanks for great service!,@163349 So happy they could help you. Thank you for the shout out! 😄 *TMS,@Delta Y'all are awesome @Delta crew!!!,@163349 Thanks! Have a great day. 😄 *TJF,,,,,,,,,,,,,,,,,2025-09-27T01:49:40.954Z,job_20250927_012637,2
68d742cb7222cee3d33c8643,1097,68ce563352b33355379dfe8d,Feedback regarding General,Feedback,General,Positive,,200638,200637,200636,200635,,,,,,,,,,,,,,,,,163350,Delta,163350,Delta,,,,,,,,,,,,,,,,,Customer,Service Provider,Customer,Service Provider,,,,,,,,,,,,,,,,,true,false,true,false,,,,,,,,,,,,,,,,,Wed Oct 04 16:52:33 +0000 2017,Wed Oct 04 17:18:11 +0000 2017,Wed Oct 04 18:36:55 +0000 2017,Wed Oct 04 18:43:39 +0000 2017,,,,,,,,,,,,,,,,,I accidentally left my iPad on a @Delta plane last night and @163351 just found it for me. So happy I could cry. THANK YOU SO MUCH!! 😭,"@163350 Hi, Angie, I am so happy to hear you were reunited with your iPad. Happy tears are always the best tears. I hope you have a great day! *TRR","@Delta Thank you @Delta, so glad I can trust your flight attendants!!!",@163350 Thanks for the kind words. I am so glad your iPad was located.  😄 *TJF,,,,,,,,,,,,,,,,,2025-09-27T01:50:03.938Z,job_20250927_012637,2
68d742e27222cee3d33c8644,1100,68ce563352b33355379dfe90,Product Inquiry regarding Travel/Flight,Product Inquiry,Travel/Flight,Neutral,,200695,200694,200693,200692,,,,,,,,,,,,,,,,,163366,Delta,163366,Delta,,,,,,,,,,,,,,,,,Customer,Service Provider,Customer,Service Provider,,,,,,,,,,,,,,,,,true,false,true,false,,,,,,,,,,,,,,,,,Wed Oct 04 17:57:57 +0000 2017,Wed Oct 04 18:10:27 +0000 2017,Wed Oct 04 18:31:11 +0000 2017,Wed Oct 04 18:41:23 +0000 2017,,,,,,,,,,,,,,,,,"Hi @Delta, how do I add baggage information while booking a flight via your site? Can't find it anywhere...",@163366 Thanks for reaching out to us. You will be able to add baggage during the check-in process within 24 hours of the flight. *AMC,@Delta Thanks! Can I also pay for the baggage directly on the airport or does it have to be done during the check in?,"@163366 Yes, you can definitely pay at the airport! *TJH",,,,,,,,,,,,,,,,,2025-09-27T01:50:26.149Z,job_20250927_012637,2
68d742ee7222cee3d33c8645,1102,68ce563352b33355379dfe92,Other regarding General,Other,General,Neutral,,200703,200702,,,,,,,,,,,,,,,,,,,163370,Delta,,,,,,,,,,,,,,,,,,,Customer,Service Provider,,,,,,,,,,,,,,,,,,,true,false,,,,,,,,,,,,,,,,,,,Wed Oct 04 18:29:04 +0000 2017,Wed Oct 04 18:36:14 +0000 2017,,,,,,,,,,,,,,,,,,,@delta #DeltaFlyAway,"@163370 Hi, Kelly. Hope you are having an awesome day. Is there anything I may assist you with today? *TJF",,,,,,,,,,,,,,,,,,,2025-09-27T01:50:38.438Z,job_20250927_012637,2
68d742fa7222cee3d33c8646,1111,68ce563352b33355379dfe9b,Feedback regarding General,Feedback,General,Positive,,200728,200727,,,,,,,,,,,,,,,,,,,163380,Delta,,,,,,,,,,,,,,,,,,,Customer,Service Provider,,,,,,,,,,,,,,,,,,,true,false,,,,,,,,,,,,,,,,,,,Wed Oct 04 18:06:52 +0000 2017,Wed Oct 04 18:18:12 +0000 2017,,,,,,,,,,,,,,,,,,,chris at @delta did me a solid today. thank you chris.,@163380 That's AWESOME! We're glad to hear that Chris was there for you. *AMC,,,,,,,,,,,,,,,,,,,2025-09-27T01:50:50.935Z,job_20250927_012637,2
68d743087222cee3d33c8647,1117,68ce563352b33355379dfea1,Complaint regarding General,Complaint,General,Negative,,200752,200751,,,,,,,,,,,,,,,,,,,163389,Delta,,,,,,,,,,,,,,,,,,,Customer,Service Provider,,,,,,,,,,,,,,,,,,,true,false,,,,,,,,,,,,,,,,,,,Wed Oct 04 17:37:11 +0000 2017,Wed Oct 04 17:58:12 +0000 2017,,,,,,,,,,,,,,,,,,,"Dear @Delta, please don’t think about doing the same thing as them. https://t.co/rVyXRqFp4t","@163389 Dear Angel, we will share your feedback! Thanks. *TMT",,,,,,,,,,,,,,,,,,,2025-09-27T01:51:04.643Z,job_20250927_012637,2
68d7431c7222cee3d33c8648,1121,68ce563352b33355379dfea5,Refund regarding Account/Billing,Refund,Account/Billing,Neutral,,200868,200867,,,,,,,,,,,,,,,,,,,163421,Delta,,,,,,,,,,,,,,,,,,,Customer,Service Provider,,,,,,,,,,,,,,,,,,,true,false,,,,,,,,,,,,,,,,,,,Wed Oct 04 23:45:28 +0000 2017,Wed Oct 04 23:47:19 +0000 2017,,,,,,,,,,,,,,,,,,,"@Delta is it possible to get a refund (already credited back) plus a ""credit"" on another ticket? My travel agent is saying we have both",@163421 Hello! I am here to help. Could you provide the number via DM so I can take a look for you? Thanks. *TDL https://t.co/6iDGBJAc2m,,,,,,,,,,,,,,,,,,,2025-09-27T01:51:24.020Z,job_20250927_012637,2
68d743307222cee3d33c8649,1129,68ce563352b33355379dfead,Feedback regarding General,Feedback,General,Positive,,200895,200894,200893,200892,,,,,,,,,,,,,,,,,160441,Delta,160441,Delta,,,,,,,,,,,,,,,,,Customer,Service Provider,Customer,Service Provider,,,,,,,,,,,,,,,,,true,false,true,false,,,,,,,,,,,,,,,,,Wed Oct 04 23:32:16 +0000 2017,Wed Oct 04 23:34:09 +0000 2017,Wed Oct 04 23:36:52 +0000 2017,Wed Oct 04 23:38:23 +0000 2017,,,,,,,,,,,,,,,,,My upgrade got upgraded... Unwinding with a glass of red in first class. Cheers to #CargoFS17 and #ElevateCargo 🍷 Thanks @Delta,"@160441 Whoa! You are on a roll! Happy to have you with us again, Skylar. *HDG",@Delta This is why I choose Delta! Thanks for the stellar service 👍🏼,@160441 😊 ✈ Have a great week. *TBT,,,,,,,,,,,,,,,,,2025-09-27T01:51:44.172Z,job_20250927_012637,2
68d7433d7222cee3d33c864a,1137,68ce563352b33355379dfeb5,Technical Support regarding Technical,Technical Support,Technical,Neutral,,201172,201171,,,,,,,,,,,,,,,,,,,163490,Delta,,,,,,,,,,,,,,,,,,,Customer,Service Provider,,,,,,,,,,,,,,,,,,,true,false,,,,,,,,,,,,,,,,,,,Wed Oct 04 23:04:45 +0000 2017,Wed Oct 04 23:12:47 +0000 2017,,,,,,,,,,,,,,,,,,,@Delta and your app is not working for me to make the changed,"@163490 Thanks for reaching out, I have replied to your DMs. 😊 *AST",,,,,,,,,,,,,,,,,,,2025-09-27T01:51:57.101Z,job_20250927_012637,2
68d7434b7222cee3d33c864b,1139,68ce563352b33355379dfeb7,Product Information regarding Product Info,Product Information,Product Info,Neutral,,201178,201177,,,,,,,,,,,,,,,,,,,163492,Delta,,,,,,,,,,,,,,,,,,,Customer,Service Provider,,,,,,,,,,,,,,,,,,,true,false,,,,,,,,,,,,,,,,,,,Wed Oct 04 23:04:13 +0000 2017,Wed Oct 04 23:05:24 +0000 2017,,,,,,,,,,,,,,,,,,,About to bring my favorite guitar with me on this flight to Chicago. Don’t do me wrong @Delta 🙏,@163492 Thanks for choosing to fly with us. Enjoy your flight.✈ *AMC,,,,,,,,,,,,,,,,,,,2025-09-27T01:52:11.734Z,job_20250927_012637,2
68d7435e7222cee3d33c864c,1148,68ce563352b33355379dfec0,Feedback regarding General,Feedback,General,Positive,,202810,202808,202809,202811,,,,,,,,,,,,,,,,,163980,Delta,163980,Delta,,,,,,,,,,,,,,,,,Customer,Service Provider,Customer,Service Provider,,,,,,,,,,,,,,,,,true,false,true,false,,,,,,,,,,,,,,,,,Wed Oct 04 17:37:04 +0000 2017,Wed Oct 04 17:45:07 +0000 2017,Thu Oct 05 01:35:37 +0000 2017,Thu Oct 05 01:41:01 +0000 2017,,,,,,,,,,,,,,,,,Damn it @Delta if a cremudgeon like me can’t complain the u must have git it right. Today’s AGS crew was terrific,@163980 Great to hear! Happy Travels! 😊 *HDV,@Delta It gets into quality of life for a hard core traveler. It makes a difference. Please share that,@163980 Have a great night! 🌙 *HYC,,,,,,,,,,,,,,,,,2025-09-27T01:52:30.943Z,job_20250927_012637,2
68d743727222cee3d33c864d,1150,68ce563352b33355379dfec2,Order Status regarding Travel/Flight,Order Status,Travel/Flight,Neutral,,202822,202821,202820,202819,,,,,,,,,,,,,,,,,163983,Delta,163983,Delta,,,,,,,,,,,,,,,,,Customer,Service Provider,Customer,Service Provider,,,,,,,,,,,,,,,,,true,false,true,false,,,,,,,,,,,,,,,,,Wed Oct 04 16:51:04 +0000 2017,Wed Oct 04 17:08:57 +0000 2017,Wed Oct 04 17:27:54 +0000 2017,Wed Oct 04 17:33:41 +0000 2017,,,,,,,,,,,,,,,,,Hi @Delta ! Just wanted to check if any upgrade space had opened for the 2 GUCs I applied to my Austria trip in a few weeks? Thanks!,@163983 I'm showing you are still waitlisted. It has not cleared yet. Fingers crossed! *HDV,@Delta Ok thanks for checking! 🤞,"@163983 My pleasure, Jon.  Thank you for your loyalty. *HML",,,,,,,,,,,,,,,,,2025-09-27T01:52:50.936Z,job_20250927_012637,2
68d743847222cee3d33c864e,1151,68ce563352b33355379dfec3,Complaint regarding Travel,Complaint,Travel,Negative,,202828,202827,202825,202824,,,,,,,,,,,,,,,,,163984,145284,163984,Delta,,,,,,,,,,,,,,,,,Customer,Customer,Customer,Service Provider,,,,,,,,,,,,,,,,,true,true,true,false,,,,,,,,,,,,,,,,,Wed Oct 04 13:16:13 +0000 2017,Wed Oct 04 14:59:30 +0000 2017,Wed Oct 04 17:13:57 +0000 2017,Wed Oct 04 17:31:10 +0000 2017,,,,,,,,,,,,,,,,,More flight delays. Cheers @Delta. This time a fault on the plane #Iaintevergettinghome,@163984 @Delta Yikes again...too early for a drink?,@145284 @Delta Finally got to SLC. Now a three hour wait for next flight to LA,"@163984 Again, I'm really sorry for the trouble. *HKM",,,,,,,,,,,,,,,,,2025-09-27T01:53:08.871Z,job_20250927_012637,2
68d743977222cee3d33c864f,1152,68ce563352b33355379dfec4,Product Inquiry regarding Travel/Flights,Product Inquiry,Travel/Flights,Positive,,202833,202832,,,,,,,,,,,,,,,,,,,163985,Delta,,,,,,,,,,,,,,,,,,,Customer,Service Provider,,,,,,,,,,,,,,,,,,,true,false,,,,,,,,,,,,,,,,,,,Wed Oct 04 16:51:14 +0000 2017,Wed Oct 04 17:20:20 +0000 2017,,,,,,,,,,,,,,,,,,,"When you get the CONGRATULATIONS email from @5185 for @1678 &amp; @17050... @Delta flights, here we come 👊 CC: @82307 https://t.co/zC3ytqwdFC","@163985 Yay! We're looking forward to welcoming you onboard, Allison. ✈ *TJE",,,,,,,,,,,,,,,,,,,2025-09-27T01:53:27.573Z,job_20250927_012637,2
68d743a67222cee3d33c8650,1157,68ce563352b33355379dfec9,Technical Support regarding Travel/Transportation,Technical Support,Travel/Transportation,Neutral,,202845,202844,,,,,,,,,,,,,,,,,,,163990,Delta,,,,,,,,,,,,,,,,,,,Customer,Service Provider,,,,,,,,,,,,,,,,,,,true,false,,,,,,,,,,,,,,,,,,,Wed Oct 04 16:38:44 +0000 2017,Wed Oct 04 17:13:58 +0000 2017,,,,,,,,,,,,,,,,,,,@Delta time to turn on the AC on flight 1915 to Atlanta from MSP.,"@163990 Hey, Ben. Pls reach out to a member of the flt crew for immediate attention.  *AAB",,,,,,,,,,,,,,,,,,,2025-09-27T01:53:42.327Z,job_20250927_012637,2
68d743b67222cee3d33c8651,1168,68ce563352b33355379dfed4,Product Inquiry regarding Travel/Aviation,Product Inquiry,Travel/Aviation,Neutral,,202876,202875,,,,,,,,,,,,,,,,,,,164001,Delta,,,,,,,,,,,,,,,,,,,Customer,Service Provider,,,,,,,,,,,,,,,,,,,true,false,,,,,,,,,,,,,,,,,,,Wed Oct 04 16:00:00 +0000 2017,Wed Oct 04 16:51:21 +0000 2017,,,,,,,,,,,,,,,,,,,@delta Flying to SJU on Oct 7. Bringing ONLY relief supplies - will the baggage waiver still be in effect?,"@164001 Hi, Betsy. Pls DM your conf # so I may check on this for you. *AAB",,,,,,,,,,,,,,,,,,,2025-09-27T01:53:58.308Z,job_20250927_012637,2
68d743c87222cee3d33c8652,1175,68ce563352b33355379dfedb,Complaint regarding Travel,Complaint,Travel,Negative,,202891,202890,,,,,,,,,,,,,,,,,,,164008,Delta,,,,,,,,,,,,,,,,,,,Customer,Service Provider,,,,,,,,,,,,,,,,,,,true,false,,,,,,,,,,,,,,,,,,,Wed Oct 04 15:24:12 +0000 2017,Wed Oct 04 16:30:06 +0000 2017,,,,,,,,,,,,,,,,,,,"@Delta Can you please NOT re-arrange seats?  My family (2 yo inc) just got split into 3 diff seats.  Called to get back together, lost econ+",@164008 I'm very sorry your seats were moved. Pls DM your confirm # if you need assistance correcting this. *TJW https://t.co/6iDGBJAc2m,,,,,,,,,,,,,,,,,,,2025-09-27T01:54:16.820Z,job_20250927_012637,2
68d743e17222cee3d33c8653,1177,68ce563352b33355379dfedd,Product Inquiry regarding Travel/Booking,Product Inquiry,Travel/Booking,Neutral,,202898,202896,202897,202899,,,,,,,,,,,,,,,,,164010,Delta,164010,Delta,,,,,,,,,,,,,,,,,Customer,Service Provider,Customer,Service Provider,,,,,,,,,,,,,,,,,true,false,true,false,,,,,,,,,,,,,,,,,Wed Oct 04 15:15:29 +0000 2017,Wed Oct 04 16:16:10 +0000 2017,Wed Oct 04 16:16:46 +0000 2017,Wed Oct 04 17:00:34 +0000 2017,,,,,,,,,,,,,,,,,"@Delta - if I bought a basic economy ticket but later want it to be a regular economy, can I pay for a upgrade?",@164010 That is a very restrictive type of ticket. Thank you for reaching out.   *TJM,@Delta yea i know. bought it by mistake. oh well - now i know better for next time.,@164010 I am so sorry. Thank you for reaching out!  *TJM,,,,,,,,,,,,,,,,,2025-09-27T01:54:41.343Z,job_20250927_012637,2
68d743f77222cee3d33c8654,1178,68ce563352b33355379dfede,Complaint regarding Technical Support,Complaint,Technical Support,Negative,,202903,202901,202902,202904,,,,,,,,,,,,,,,,,143727,Delta,143727,Delta,,,,,,,,,,,,,,,,,Customer,Service Provider,Customer,Service Provider,,,,,,,,,,,,,,,,,true,false,true,false,,,,,,,,,,,,,,,,,Wed Oct 04 16:13:31 +0000 2017,Wed Oct 04 16:16:02 +0000 2017,Wed Oct 04 16:19:06 +0000 2017,Wed Oct 04 17:15:56 +0000 2017,,,,,,,,,,,,,,,,,@Delta you really need to modify the upgrade policy. I appreciate it but didn’t want a window seat. I was fine with the exit row aisle! 😡😡,"@143727 Gregory, I'm sorry about your seat! Are you currently onboard the flt? *HKM",@Delta Already on board. I suggest allowing one to accept the proposed upgrade when it’s outside of ones seat preference. Thanks for the reply,@143727 Totally understand and appreciate the suggestion. Thanks so much for tweeting. *HKM,,,,,,,,,,,,,,,,,2025-09-27T01:55:03.492Z,job_20250927_012637,2
68d744067222cee3d33c8655,1179,68ce563352b33355379dfedf,Technical Support regarding Travel,Technical Support,Travel,Neutral,,203267,203266,,,,,,,,,,,,,,,,,,,164110,Delta,,,,,,,,,,,,,,,,,,,Customer,Service Provider,,,,,,,,,,,,,,,,,,,true,false,,,,,,,,,,,,,,,,,,,Thu Oct 05 01:23:56 +0000 2017,Thu Oct 05 01:50:45 +0000 2017,,,,,,,,,,,,,,,,,,,"@Delta my flight just landed. Connecting flight boards 4 min before we land, no gate listed on connecting flt. How does this make sense?","@164110 My apologies, Kasey. Pls follow/DM your conf # if you're in need of assistance. *AAB",,,,,,,,,,,,,,,,,,,2025-09-27T01:55:18.741Z,job_20250927_012637,2
68d744167222cee3d33c8656,1181,68ce563352b33355379dfee1,Feedback regarding Technical,Feedback,Technical,Positive,,206244,206243,,,,,,,,,,,,,,,,,,,164833,Delta,,,,,,,,,,,,,,,,,,,Customer,Service Provider,,,,,,,,,,,,,,,,,,,true,false,,,,,,,,,,,,,,,,,,,Wed Nov 01 22:49:20 +0000 2017,Wed Nov 01 22:58:13 +0000 2017,,,,,,,,,,,,,,,,,,,what a great day flying @Delta 2627 and 1390! great crews. great flights. #skymiles #delta,"@164833 Hi, Andrew! It's a pleasure to have you with us today!  *HDG",,,,,,,,,,,,,,,,,,,2025-09-27T01:55:34.436Z,job_20250927_012637,2
68d744267222cee3d33c8657,1184,68ce563352b33355379dfee4,Feedback regarding General,Feedback,General,Positive,,206987,206986,,,,,,,,,,,,,,,,,,,165009,Delta,,,,,,,,,,,,,,,,,,,Customer,Service Provider,,,,,,,,,,,,,,,,,,,true,false,,,,,,,,,,,,,,,,,,,Fri Oct 06 22:23:32 +0000 2017,Fri Oct 06 22:35:59 +0000 2017,,,,,,,,,,,,,,,,,,,Great service in 1st class by Cole on flight DL 1663 ATL to MKE @Delta. The service has been just ok lately he put Delta back up there.,@165009 That's wonderful to hear! We'll make sure to pass along your praises for Cole.  *TJH,,,,,,,,,,,,,,,,,,,2025-09-27T01:55:50.778Z,job_20250927_012637,2
68d744367222cee3d33c8658,1202,68ce563352b33355379dfef6,Complaint regarding General,Complaint,General,Negative,,213499,213498,213497,,,,,,,,,,,,,,,,,,166709,166709,Delta,,,,,,,,,,,,,,,,,,Customer,Customer,Service Provider,,,,,,,,,,,,,,,,,,true,true,false,,,,,,,,,,,,,,,,,,Thu Oct 05 01:01:31 +0000 2017,Thu Oct 05 01:02:42 +0000 2017,Thu Oct 05 01:21:45 +0000 2017,,,,,,,,,,,,,,,,,,@Delta - first thank you note I've received for being a passenger PHL-RDU https://t.co/KYMw2NocyN,"@Delta Unfortunately my name is not Brook Boylston, but A for effort.",@166709 Oops! Sorry about that.  *ALA,,,,,,,,,,,,,,,,,,2025-09-27T01:56:06.226Z,job_20250927_012637,2
68d744467222cee3d33c8659,1203,68ce563352b33355379dfef7,Complaint regarding Technical Support,Complaint,Technical Support,Negative,,214174,214173,,,,,,,,,,,,,,,,,,,166866,Delta,,,,,,,,,,,,,,,,,,,Customer,Service Provider,,,,,,,,,,,,,,,,,,,true,false,,,,,,,,,,,,,,,,,,,Wed Oct 04 20:20:28 +0000 2017,Wed Oct 04 20:23:55 +0000 2017,,,,,,,,,,,,,,,,,,,A full @Delta flight to JFK on a tiny CRJ plane. Lots of cabin luggage and the gate agent decided to outsource the pain to the poor FA.,"@166866 That's not good. Thanks for bringing this to our attention, Ivan. *AAB",,,,,,,,,,,,,,,,,,,2025-09-27T01:56:22.148Z,job_20250927_012637,2
68d744607222cee3d33c865a,1204,68ce563352b33355379dfef8,Complaint regarding Warranty,Complaint,Warranty,Negative,,214180,214179,214178,214176,214175,,,,,,,,,,,,,,,,166867,166867,Delta,166867,Delta,,,,,,,,,,,,,,,,Customer,Customer,Service Provider,Customer,Service Provider,,,,,,,,,,,,,,,,true,true,false,true,false,,,,,,,,,,,,,,,,Wed Oct 04 19:44:09 +0000 2017,Wed Oct 04 19:51:08 +0000 2017,Wed Oct 04 19:53:43 +0000 2017,Wed Oct 04 20:03:01 +0000 2017,Wed Oct 04 20:21:36 +0000 2017,,,,,,,,,,,,,,,,@DELTA luggage damaged Delta rep just said I'm sorry that's not fixing my luggage,@Delta I did she said sorry but delta would do nothing,"@166867 Oh no, as I understand the feeling. They would be the ones to inspect the bag and decide if a File Reference would need to be created. *AST",@Delta It's a shame I've had the bag for 3 weeks she agreed the bag was damaged but laughed and said Delta does nothing,@166867 You may wish to contact our baggage Team at (800) 325-8224. Monday through Friday from 7:00 AM to 3:00 AM. *AST,,,,,,,,,,,,,,,,2025-09-27T01:56:48.287Z,job_20250927_012637,2
68d7446c7222cee3d33c865b,1208,68ce563352b33355379dfefc,Feedback regarding General,Feedback,General,Positive,,214194,214193,,,,,,,,,,,,,,,,,,,166870,Delta,,,,,,,,,,,,,,,,,,,Customer,Service Provider,,,,,,,,,,,,,,,,,,,true,false,,,,,,,,,,,,,,,,,,,Wed Oct 04 20:11:54 +0000 2017,Wed Oct 04 20:14:45 +0000 2017,,,,,,,,,,,,,,,,,,,Nice job @Delta flight 1534 crew.  Raised $330 for breast cancer research!,"@166870 Wow, that's awesome! We love what we do!  *TJH",,,,,,,,,,,,,,,,,,,2025-09-27T01:57:00.570Z,job_20250927_012637,2
68d744827222cee3d33c865c,1214,68ce563352b33355379dff02,Order Status regarding Orders,Order Status,Orders,Neutral,,214553,214552,214551,214550,,,,,,,,,,,,,,,,,166966,Delta,166966,Delta,,,,,,,,,,,,,,,,,Customer,Service Provider,Customer,Service Provider,,,,,,,,,,,,,,,,,true,false,true,false,,,,,,,,,,,,,,,,,Thu Oct 05 00:36:45 +0000 2017,Thu Oct 05 00:52:42 +0000 2017,Thu Oct 05 00:53:44 +0000 2017,Thu Oct 05 01:03:22 +0000 2017,,,,,,,,,,,,,,,,,"@Delta I need urgent help, justfly buy the ticket, I miss adding a surname and they already put it, but you do not reflect it and want to $$",@166966 We are not sure what you mean. Please DM us your confirmation number via this link.  *ALA https://t.co/6iDGBJAc2m,@Delta I need you to add a last name to my ticket,@166966 Got it. Please share your confirmation number via DM.  *ALA,,,,,,,,,,,,,,,,,2025-09-27T01:57:22.338Z,job_20250927_012637,2
68d7448f7222cee3d33c865d,1217,68ce563352b33355379dff05,Feedback regarding General,Feedback,General,Positive,,214560,214559,,,,,,,,,,,,,,,,,,,166969,Delta,,,,,,,,,,,,,,,,,,,Customer,Service Provider,,,,,,,,,,,,,,,,,,,true,false,,,,,,,,,,,,,,,,,,,Thu Oct 05 00:48:57 +0000 2017,Thu Oct 05 01:00:39 +0000 2017,,,,,,,,,,,,,,,,,,,Yassssss @Delta coming through with the free upgrade to Comfort+ with no one beside me. 🙌🏻,"@166969 We hope you have a comfortable ride, Vikki.  *ALA",,,,,,,,,,,,,,,,,,,2025-09-27T01:57:35.741Z,job_20250927_012637,2
68d7449c7222cee3d33c865e,1220,68ce563352b33355379dff08,Other regarding General,Other,General,Neutral,,214572,214571,,,,,,,,,,,,,,,,,,,158767,Delta,,,,,,,,,,,,,,,,,,,Customer,Service Provider,,,,,,,,,,,,,,,,,,,true,false,,,,,,,,,,,,,,,,,,,Thu Oct 05 00:42:28 +0000 2017,Thu Oct 05 00:53:15 +0000 2017,,,,,,,,,,,,,,,,,,,I knew we were friends @delta https://t.co/LQIQYeEJsq https://t.co/UHcQMR3oqL,@158767 Enjoy!  *HVI,,,,,,,,,,,,,,,,,,,2025-09-27T01:57:48.457Z,job_20250927_012637,2
68d744a97222cee3d33c865f,1224,68ce563352b33355379dff0c,Technical Support regarding Travel/Flight,Technical Support,Travel/Flight,Neutral,,214582,214581,,,,,,,,,,,,,,,,,,,164001,Delta,,,,,,,,,,,,,,,,,,,Customer,Service Provider,,,,,,,,,,,,,,,,,,,true,false,,,,,,,,,,,,,,,,,,,Thu Oct 05 00:43:10 +0000 2017,Thu Oct 05 00:44:46 +0000 2017,,,,,,,,,,,,,,,,,,,@delta can I put a small solar charger  in checked baggage?,"@164001 Hi, pls DM your conf # for further assistance. *AAB",,,,,,,,,,,,,,,,,,,2025-09-27T01:58:01.331Z,job_20250927_012637,2
68d744b87222cee3d33c8660,1227,68ce563352b33355379dff0f,Complaint regarding Technical Support,Complaint,Technical Support,Negative,,214593,214592,,,,,,,,,,,,,,,,,,,166978,Delta,,,,,,,,,,,,,,,,,,,Customer,Service Provider,,,,,,,,,,,,,,,,,,,true,false,,,,,,,,,,,,,,,,,,,Thu Oct 05 00:17:33 +0000 2017,Thu Oct 05 00:20:32 +0000 2017,,,,,,,,,,,,,,,,,,,@Delta it’s really sad that you lost me as a customer on my first trip with you... your customer services needs a lot of work!,"@166978 Oh no! Please DM me more details of your experience, including your confirmation number. *AMC",,,,,,,,,,,,,,,,,,,2025-09-27T01:58:16.909Z,job_20250927_012637,2
68d744ca7222cee3d33c8661,1231,68ce563352b33355379dff13,Complaint regarding Returns,Complaint,Returns,Negative,,214605,214604,,,,,,,,,,,,,,,,,,,166982,Delta,,,,,,,,,,,,,,,,,,,Customer,Service Provider,,,,,,,,,,,,,,,,,,,true,false,,,,,,,,,,,,,,,,,,,Wed Oct 04 23:57:57 +0000 2017,Thu Oct 05 00:00:27 +0000 2017,,,,,,,,,,,,,,,,,,,@delta how convenient your website boots me off when I fill in all info to voice a complaint regarding a lost item report 1294954 #stolen,@166982 I am so sorry about your lost computer. Please use this to voice your concerns.  https://t.co/fPLXqv8KGq *TMS,,,,,,,,,,,,,,,,,,,2025-09-27T01:58:34.284Z,job_20250927_012637,2
68d744d97222cee3d33c8662,1235,68ce563352b33355379dff17,Product Inquiry regarding Air Travel,Product Inquiry,Air Travel,Neutral,,218432,218431,,,,,,,,,,,,,,,,,,,168092,Delta,,,,,,,,,,,,,,,,,,,Customer,Service Provider,,,,,,,,,,,,,,,,,,,true,false,,,,,,,,,,,,,,,,,,,Thu Oct 05 01:17:25 +0000 2017,Thu Oct 05 02:03:33 +0000 2017,,,,,,,,,,,,,,,,,,,Best @Delta sky club for catching a quick snooze after a red eye and before my connecting flight at DTW?,@168092 Nice! Glad to hear you are now rested. Thanks for the mention.  *AST,,,,,,,,,,,,,,,,,,,2025-09-27T01:58:49.354Z,job_20250927_012637,2
68d744ed7222cee3d33c8663,1241,68ce563352b33355379dff1d,Feedback regarding Customer Service,Feedback,Customer Service,Positive,,218453,218452,,,,,,,,,,,,,,,,,,,168096,Delta,,,,,,,,,,,,,,,,,,,Customer,Service Provider,,,,,,,,,,,,,,,,,,,true,false,,,,,,,,,,,,,,,,,,,Thu Oct 05 01:06:53 +0000 2017,Thu Oct 05 01:40:16 +0000 2017,,,,,,,,,,,,,,,,,,,"@Delta there was an absolutely wonderful flight attendant on my flight from CVG-DCA, how can I make sure her good deed gets noted?",@168096 Hi there. Please DM us your confirmation number and her name via this link.  *ALA https://t.co/6iDGBJAc2m,,,,,,,,,,,,,,,,,,,2025-09-27T01:59:09.336Z,job_20250927_012637,2
68d745037222cee3d33c8664,1245,68ce563352b33355379dff21,Technical Support regarding Travel/Flight,Technical Support,Travel/Flight,Neutral,,219080,219078,219079,,,,,,,,,,,,,,,,,,168235,Delta,168235,,,,,,,,,,,,,,,,,,Customer,Service Provider,Customer,,,,,,,,,,,,,,,,,,true,false,true,,,,,,,,,,,,,,,,,,Thu Oct 05 02:22:14 +0000 2017,Thu Oct 05 02:23:08 +0000 2017,Thu Oct 05 02:26:15 +0000 2017,,,,,,,,,,,,,,,,,,@Delta can I add my KTN to a flight once I've already checked in?,"@168235 Hi, Katie. We'll have to uncheck you, add the KTN, and then you'll have to check-in again. *ABN",@Delta Great thanks! Do I need to message you my confirmation number? My KTN is now on my skymiles account but wasn't before.,,,,,,,,,,,,,,,,,,2025-09-27T01:59:31.725Z,job_20250927_012637,2
68d745147222cee3d33c8665,1248,68ce563352b33355379dff24,Feedback regarding General,Feedback,General,Positive,,219089,219088,,,,,,,,,,,,,,,,,,,168238,Delta,,,,,,,,,,,,,,,,,,,Customer,Service Provider,,,,,,,,,,,,,,,,,,,true,false,,,,,,,,,,,,,,,,,,,Thu Oct 05 02:09:43 +0000 2017,Thu Oct 05 02:20:52 +0000 2017,,,,,,,,,,,,,,,,,,,@Delta DL4798. Delayed then replaned but the attendant Kurt made it a great experience. #Delta,"@168238 We're glad Kurt turned things around and made them positive. Thank you for sharing, Eric! *ABN",,,,,,,,,,,,,,,,,,,2025-09-27T01:59:48.726Z,job_20250927_012637,2
68d745277222cee3d33c8666,1251,68ce563352b33355379dff27,Product Inquiry regarding Orders,Product Inquiry,Orders,Neutral,,219097,219096,,,,,,,,,,,,,,,,,,,168240,Delta,,,,,,,,,,,,,,,,,,,Customer,Service Provider,,,,,,,,,,,,,,,,,,,true,false,,,,,,,,,,,,,,,,,,,Thu Oct 05 01:54:42 +0000 2017,Thu Oct 05 02:12:24 +0000 2017,,,,,,,,,,,,,,,,,,,@DELTA my wife only has one ticket. We have three stops. What's that mean???,"@168240 Hi, Nick. Please provide her confirmation # via the link. *ABN https://t.co/6iDGBJAc2m",,,,,,,,,,,,,,,,,,,2025-09-27T02:00:07.848Z,job_20250927_012637,2
68d7453a7222cee3d33c8667,1257,68ce563352b33355379dff2d,Complaint regarding Technical Support,Complaint,Technical Support,Negative,,219630,219629,,,,,,,,,,,,,,,,,,,168365,Delta,,,,,,,,,,,,,,,,,,,Customer,Service Provider,,,,,,,,,,,,,,,,,,,true,false,,,,,,,,,,,,,,,,,,,Thu Oct 05 02:43:32 +0000 2017,Thu Oct 05 02:54:23 +0000 2017,,,,,,,,,,,,,,,,,,,THATS A BIG LIE @Delta my phone didn't work at all. https://t.co/TbEOutNhgC,@168365 Sorry to hear that. Please DM us your ticket number via this link.  *ALA https://t.co/6iDGBJAc2m,,,,,,,,,,,,,,,,,,,2025-09-27T02:00:26.083Z,job_20250927_012637,2
68d7454a7222cee3d33c8668,1260,68ce563352b33355379dff30,Technical Support regarding General,Technical Support,General,Neutral,,223262,223261,,,,,,,,,,,,,,,,,,,169325,Delta,,,,,,,,,,,,,,,,,,,Customer,Service Provider,,,,,,,,,,,,,,,,,,,true,false,,,,,,,,,,,,,,,,,,,Thu Oct 05 03:40:26 +0000 2017,Thu Oct 05 04:02:07 +0000 2017,,,,,,,,,,,,,,,,,,,@delta what are the chances of my recovering something left on a plane on Oct 3? Can I fill out a form to get help with this?,"@169325 Hi, Linda. Yes. Please complete the attached form for Lost and Found Central to begin the search.  https://t.co/PFXvMptCcO *ALY",,,,,,,,,,,,,,,,,,,2025-09-27T02:00:42.989Z,job_20250927_012637,2
68d7455a7222cee3d33c8669,1266,68ce563352b33355379dff36,Technical Support regarding General,Technical Support,General,Neutral,,223277,223276,,,,,,,,,,,,,,,,,,,169331,Delta,,,,,,,,,,,,,,,,,,,Customer,Service Provider,,,,,,,,,,,,,,,,,,,true,false,,,,,,,,,,,,,,,,,,,Thu Oct 05 03:31:01 +0000 2017,Thu Oct 05 03:40:55 +0000 2017,,,,,,,,,,,,,,,,,,,@Delta I need your assistance and can't wait on hold for an hour. Please dm me.,"@169331 Our condolences go out to you and your family, Sethy. Please DM us your confirmation number.  *ALA https://t.co/6iDGBJAc2m",,,,,,,,,,,,,,,,,,,2025-09-27T02:00:58.530Z,job_20250927_012637,2
68d745687222cee3d33c866a,1267,68ce563352b33355379dff37,Technical Support regarding General,Technical Support,General,Neutral,,223279,223278,,,,,,,,,,,,,,,,,,,169332,Delta,,,,,,,,,,,,,,,,,,,Customer,Service Provider,,,,,,,,,,,,,,,,,,,true,false,,,,,,,,,,,,,,,,,,,Thu Oct 05 03:09:29 +0000 2017,Thu Oct 05 03:29:31 +0000 2017,,,,,,,,,,,,,,,,,,,@delta LGA gate D11 today did anyone turn in a black North Face jacket?,"@169332 Hi, John. Please contact our LGA Lost&amp; Found at 718-565-3965.  *ALA",,,,,,,,,,,,,,,,,,,2025-09-27T02:01:12.568Z,job_20250927_012637,2
68d745797222cee3d33c866b,1270,68ce563352b33355379dff3a,Technical Support regarding General,Technical Support,General,Negative,,223288,223287,,,,,,,,,,,,,,,,,,,169335,Delta,,,,,,,,,,,,,,,,,,,Customer,Service Provider,,,,,,,,,,,,,,,,,,,true,false,,,,,,,,,,,,,,,,,,,Thu Oct 05 03:01:56 +0000 2017,Thu Oct 05 03:19:04 +0000 2017,,,,,,,,,,,,,,,,,,,There has to be a better way to customer service than being on hold for a combined hour and a half. @Delta can’t we just use chat?,@169335 I'm sorry for the hold time. We may be able to help here. What's going on?  *HDG,,,,,,,,,,,,,,,,,,,2025-09-27T02:01:29.099Z,job_20250927_012637,2
68d745887222cee3d33c866c,1272,68ce563352b33355379dff3c,Feedback regarding General,Feedback,General,Positive,,223294,223293,223292,223291,,,,,,,,,,,,,,,,,169337,Delta,169337,Delta,,,,,,,,,,,,,,,,,Customer,Service Provider,Customer,Service Provider,,,,,,,,,,,,,,,,,true,false,true,false,,,,,,,,,,,,,,,,,Thu Oct 05 03:08:04 +0000 2017,Thu Oct 05 03:10:45 +0000 2017,Thu Oct 05 03:11:15 +0000 2017,Thu Oct 05 03:14:17 +0000 2017,,,,,,,,,,,,,,,,,"Beijing to Seattle, not bad, 11 hours of sleep. @Delta https://t.co/RKf7h58FML","@169337 Have a comfy flight, Tong!  *HDG",@Delta Thanks!,@169337 😉 *HDG,,,,,,,,,,,,,,,,,2025-09-27T02:01:44.184Z,job_20250927_012637,2
68d745967222cee3d33c866d,1277,68ce563352b33355379dff41,Other regarding Product Info,Other,Product Info,Positive,,224161,224160,,,,,,,,,,,,,,,,,,,169564,Delta,,,,,,,,,,,,,,,,,,,Customer,Service Provider,,,,,,,,,,,,,,,,,,,true,false,,,,,,,,,,,,,,,,,,,Thu Oct 05 04:36:49 +0000 2017,Thu Oct 05 04:40:37 +0000 2017,,,,,,,,,,,,,,,,,,,Enjoying the @delta Queen while she's still doing her thing... https://t.co/spakZC7a7t,@169564 She is such a beauty! Thanks so much for sharing Kenneth! 😊 *HSD,,,,,,,,,,,,,,,,,,,2025-09-27T02:01:58.082Z,job_20250927_012637,2
68d745a47222cee3d33c866e,1278,68ce563352b33355379dff42,Feedback regarding General,Feedback,General,Positive,,224163,224162,,,,,,,,,,,,,,,,,,,163493,Delta,,,,,,,,,,,,,,,,,,,Customer,Service Provider,,,,,,,,,,,,,,,,,,,true,false,,,,,,,,,,,,,,,,,,,Thu Oct 05 04:18:14 +0000 2017,Thu Oct 05 04:32:17 +0000 2017,,,,,,,,,,,,,,,,,,,Thank you @Delta - my friend got her tickets changed. True customer service! Shine on!!!,"@163493 That is great to hear, Karishna.  *ALA",,,,,,,,,,,,,,,,,,,2025-09-27T02:02:12.570Z,job_20250927_012637,2
68d745ca7222cee3d33c866f,1279,68ce563352b33355379dff43,Technical Support regarding Travel/Flight,Technical Support,Travel/Flight,Neutral,,224174,224173,224166,224164,224165,224167,224168,224169,224170,224171,,,,,,,,,,,169565,Delta,169565,Delta,169565,Delta,169565,Delta,169565,Delta,,,,,,,,,,,Customer,Service Provider,Customer,Service Provider,Customer,Service Provider,Customer,Service Provider,Customer,Service Provider,,,,,,,,,,,true,false,true,false,true,false,true,false,true,false,,,,,,,,,,,Thu Oct 05 04:20:29 +0000 2017,Thu Oct 05 04:24:12 +0000 2017,Thu Oct 05 04:24:51 +0000 2017,Thu Oct 05 04:31:32 +0000 2017,Thu Oct 19 13:43:05 +0000 2017,Thu Oct 19 13:48:56 +0000 2017,Thu Oct 19 15:03:06 +0000 2017,Thu Oct 19 15:05:40 +0000 2017,Fri Oct 20 01:38:39 +0000 2017,Fri Oct 20 01:53:52 +0000 2017,,,,,,,,,,,@delta question for you: can I use a regional upgrade cert after a flt is booked or must it be used at booking?,"@169565 ...of course, but in the event that it isn't available, you can always be placed on the waitlist.  *HSD 2/2",@Delta Thanks! Do I call for that or can I apply it myself somehow?,@169565 ...if it's not available I will waitlist you.  *HSD 2/2,@Delta Hi. Can you pls apply a certificate to my LAX&gt;BOS flight today?  Thank you!,@169565 Hi Andrew. I'm showing you are on the standby list using a Regional Upgrade. *ALS,@Delta thank you!,"@169565 Anytime, Andrew!  *HMB",@Delta Thanks again. Can you pls confirm this is applied to my LAX to BOS flight and if I’m in queue? Thank you!,@169565 Sorry for the mix-up. Everything is adjusted now. *HWG,,,,,,,,,,,2025-09-27T02:02:50.969Z,job_20250927_012637,2
68d745db7222cee3d33c8670,1281,68ce563352b33355379dff45,Technical Support regarding Travel,Technical Support,Travel,Neutral,,224672,224670,224669,,,,,,,,,,,,,,,,,,144995,144995,Delta,,,,,,,,,,,,,,,,,,Customer,Customer,Service Provider,,,,,,,,,,,,,,,,,,true,true,false,,,,,,,,,,,,,,,,,,Thu Oct 05 05:32:06 +0000 2017,Thu Oct 05 05:33:34 +0000 2017,Thu Oct 05 05:41:40 +0000 2017,,,,,,,,,,,,,,,,,,@Delta My brother forgot his military garment bag on the carousel at JFK. It has his Marines uniforms. Can you help us out?,"@Delta We have the claim check number (he was on DL2040 SFO-JFK), so hopefully that'll help.",@144995 ...items to him  *HSD 2/2,,,,,,,,,,,,,,,,,,2025-09-27T02:03:07.587Z,job_20250927_012637,2
68d745f07222cee3d33c8671,1289,68ce563352b33355379dff4d,Feedback regarding Technical Support,Feedback,Technical Support,Positive,,225657,225656,225655,,,,,,,,,,,,,,,,,,169912,169911,Delta,,,,,,,,,,,,,,,,,,Customer,Customer,Service Provider,,,,,,,,,,,,,,,,,,true,true,false,,,,,,,,,,,,,,,,,,Sat Nov 25 02:19:17 +0000 2017,Sat Nov 25 02:21:19 +0000 2017,Sat Nov 25 02:23:35 +0000 2017,,,,,,,,,,,,,,,,,,Thank you @Delta for handling the belligerent drunk on this flight!! \n\nNow off to NC!!! \n\n✈️🙌,@169912 @Delta Awesome job delta have fun safe trip nc westlecade this wkend good luck with u match  too 🐰,"@169911 Hello, Ronnie. Your safety will ALWAYS be our #1 priority. Thank you for sharing.  *AFM",,,,,,,,,,,,,,,,,,2025-09-27T02:03:28.463Z,job_20250927_012637,2
68d746047222cee3d33c8672,1292,68ce563352b33355379dff50,Complaint regarding Travel,Complaint,Travel,Negative,,225673,225672,,,,,,,,,,,,,,,,,,,169915,Delta,,,,,,,,,,,,,,,,,,,Customer,Service Provider,,,,,,,,,,,,,,,,,,,true,false,,,,,,,,,,,,,,,,,,,Sat Nov 25 02:11:49 +0000 2017,Sat Nov 25 02:17:09 +0000 2017,,,,,,,,,,,,,,,,,,,"@ChaseSupport We booked out Thanksgiving flight through Chase Rewards and the airline (@Delta) auto checked us in today for our return flight but we've been put on the stand by wait list, without assigned seats!!  What gives?!  This is unacceptable.",@169915 I am sorry to hear that. Pls follow/DM your confirmation or ticket number to take a look. *AFM https://t.co/6iDGBJAc2m,,,,,,,,,,,,,,,,,,,2025-09-27T02:03:48.966Z,job_20250927_012637,2
68d746217222cee3d33c8673,1294,68ce563352b33355379dff52,Technical Support regarding Travel/Flight,Technical Support,Travel/Flight,Positive,,225891,225889,225890,,,,,,,,,,,,,,,,,,169927,Delta,169927,,,,,,,,,,,,,,,,,,Customer,Service Provider,Customer,,,,,,,,,,,,,,,,,,true,false,true,,,,,,,,,,,,,,,,,,Sat Nov 25 02:08:23 +0000 2017,Sat Nov 25 02:13:05 +0000 2017,Sat Nov 25 02:31:56 +0000 2017,,,,,,,,,,,,,,,,,,"@Delta Left my laptop today on my flight DL196 from SFO to SLC (seat 1A) and horrified! It has two years of my writing work on it! Please please help to retrieve it. I claimed the report, but need help ASAP",@169927 Hi Ulia! Please follow the link for private message. *AJR https://t.co/6iDGBJAc2m,"@Delta Just messaged 🙏🏻🙏🏻🙏🏻 I hope it will be found, I will be forever grateful",,,,,,,,,,,,,,,,,,2025-09-27T02:04:17.798Z,job_20250927_012637,2
68d746327222cee3d33c8674,1296,68ce563352b33355379dff54,Order Status regarding Orders,Order Status,Orders,Neutral,,225895,225894,,,,,,,,,,,,,,,,,,,169929,Delta,,,,,,,,,,,,,,,,,,,Customer,Service Provider,,,,,,,,,,,,,,,,,,,true,false,,,,,,,,,,,,,,,,,,,Sat Nov 25 01:57:55 +0000 2017,Sat Nov 25 02:04:44 +0000 2017,,,,,,,,,,,,,,,,,,,"@Delta my colleague and my upgrade to delta one ticket has disappeared... can you help, give some info?  It was a global upgrade requests from months ago",@169929 Sure thing. Can you please share his confirmation via DM.  *AST https://t.co/6iDGBJAc2m,,,,,,,,,,,,,,,,,,,2025-09-27T02:04:34.459Z,job_20250927_012637,2
68d746547222cee3d33c8675,1298,68ce563352b33355379dff56,Product Inquiry regarding Technical Support,Product Inquiry,Technical Support,Neutral,,226472,226469,226470,226473,226474,226475,226476,226477,,,,,,,,,,,,,170064,Delta,170064,Delta,170064,Delta,170064,Delta,,,,,,,,,,,,,Customer,Service Provider,Customer,Service Provider,Customer,Service Provider,Customer,Service Provider,,,,,,,,,,,,,true,false,true,false,true,false,true,false,,,,,,,,,,,,,Thu Oct 05 07:01:49 +0000 2017,Thu Oct 05 07:04:38 +0000 2017,Thu Oct 05 07:26:36 +0000 2017,Thu Oct 05 07:27:42 +0000 2017,Fri Oct 20 17:28:27 +0000 2017,Fri Oct 20 17:41:25 +0000 2017,Sat Oct 28 20:19:12 +0000 2017,Sat Oct 28 21:30:15 +0000 2017,,,,,,,,,,,,,@Delta I'm flying to BTV from LAX with a layover in DTW - can I drop my bag at terminal 3 or do I have to drop it at terminal 2 first?,@170064 Hi there. Whichever terminal you are departing from is where you will need to check your bags.  *HSD,@Delta  https://t.co/Gibl8PvxrA,"@170064 Then yes, you would follow those instructions. 😊 *HSD",@Delta I’ve been traveling the past 6 weeks on Delta staying at Hyatts &amp; just learned I could have earned 500 miles per stay? Can I still get miles,"@170064 Hello, please contact Hyatt to see if they will allow you to post date the miles. *AMS",@Delta Is there a way to upgrade a basic economy booking to main cabin online?,"@170064 Hi there. Unfortunately, basic economy tickets are not eligible for upgrades. *TKR",,,,,,,,,,,,,2025-09-27T02:05:08.573Z,job_20250927_012637,2
68d746637222cee3d33c8676,1305,68ce563352b33355379dff5d,Feedback regarding General,Feedback,General,Positive,,229246,229245,,,,,,,,,,,,,,,,,,,170673,Delta,,,,,,,,,,,,,,,,,,,Customer,Service Provider,,,,,,,,,,,,,,,,,,,true,false,,,,,,,,,,,,,,,,,,,Wed Oct 11 18:07:08 +0000 2017,Wed Oct 11 18:12:43 +0000 2017,,,,,,,,,,,,,,,,,,,Thank you @Delta for stepping up and helping me reschedule so that I can get more time with family on my visit.,@170673 You're so welcome; we are very glad to be part of your family visit.  Thanks for choosing us!  ✈ *TJP,,,,,,,,,,,,,,,,,,,2025-09-27T02:05:23.804Z,job_20250927_012637,2
68d746717222cee3d33c8677,1313,68ce563352b33355379dff65, regarding ,,,,,232304,232303,,,,,,,,,,,,,,,,,,,171303,Delta,,,,,,,,,,,,,,,,,,,Customer,Service Provider,,,,,,,,,,,,,,,,,,,true,false,,,,,,,,,,,,,,,,,,,Thu Oct 05 10:55:00 +0000 2017,Thu Oct 05 10:57:15 +0000 2017,,,,,,,,,,,,,,,,,,,Congrats @Delta for winning the 2017 #OpenText Elite CEO's Innovation Award. We celebrate your success. #OTEW https://t.co/dUOwbMlCiC https://t.co/986o81rraU,@171303 Thanks for celebrating with us.  *TAS,,,,,,,,,,,,,,,,,,,2025-09-27T02:05:37.932Z,job_20250927_012637,2
68d746847222cee3d33c8678,1314,68ce563352b33355379dff66,Technical Support regarding Travel/Transportation,Technical Support,Travel/Transportation,Negative,,232307,232305,232306,232308,,,,,,,,,,,,,,,,,171304,Delta,171304,Delta,,,,,,,,,,,,,,,,,Customer,Service Provider,Customer,Service Provider,,,,,,,,,,,,,,,,,true,false,true,false,,,,,,,,,,,,,,,,,Thu Oct 05 10:53:07 +0000 2017,Thu Oct 05 10:56:47 +0000 2017,Thu Oct 05 12:14:48 +0000 2017,Thu Oct 05 12:15:30 +0000 2017,,,,,,,,,,,,,,,,,@Delta at bag drop Las Vegas - where is the staff? No one servicing the sky priority line. The line is growing,"@171304 Okay, it shows the counter opens at 4a. There should be someone arriving any time now. *HKM",@Delta Yes didnt realize that.  They were quick,@171304 Wonderful! *TAS,,,,,,,,,,,,,,,,,2025-09-27T02:05:56.969Z,job_20250927_012637,2
68d746967222cee3d33c8679,1317,68ce563352b33355379dff69,Technical Support regarding Travel/Transportation,Technical Support,Travel/Transportation,Negative,,232321,232320,,,,,,,,,,,,,,,,,,,171308,Delta,,,,,,,,,,,,,,,,,,,Customer,Service Provider,,,,,,,,,,,,,,,,,,,true,false,,,,,,,,,,,,,,,,,,,Thu Oct 05 10:46:59 +0000 2017,Thu Oct 05 10:48:52 +0000 2017,,,,,,,,,,,,,,,,,,,@Delta when I can make it thru security faster than I can check my bags I may be loyal to the wrong airline. https://t.co/4wuxomJ27Z,"@171308 John, apologies for the wait this morning! We'll try to get you on your way as quickly as possible. *HKM",,,,,,,,,,,,,,,,,,,2025-09-27T02:06:14.126Z,job_20250927_012637,2
68d746a27222cee3d33c867a,1319,68ce563352b33355379dff6b,Feedback regarding General,Feedback,General,Positive,,232754,232753,,,,,,,,,,,,,,,,,,,171403,Delta,,,,,,,,,,,,,,,,,,,Customer,Service Provider,,,,,,,,,,,,,,,,,,,true,false,,,,,,,,,,,,,,,,,,,Thu Oct 05 11:35:58 +0000 2017,Thu Oct 05 11:37:58 +0000 2017,,,,,,,,,,,,,,,,,,,Awesome view this morning courtesy of @Delta https://t.co/AjnlGIJy0g,@171403 Thank you for sharing the view. Beautiful! *TAS,,,,,,,,,,,,,,,,,,,2025-09-27T02:06:26.840Z,job_20250927_012637,2
68d746ae7222cee3d33c867b,1323,68ce563352b33355379dff6f,Feedback regarding General,Feedback,General,Positive,,232772,232771,,,,,,,,,,,,,,,,,,,171407,Delta,,,,,,,,,,,,,,,,,,,Customer,Service Provider,,,,,,,,,,,,,,,,,,,true,false,,,,,,,,,,,,,,,,,,,Thu Oct 05 11:19:49 +0000 2017,Thu Oct 05 11:23:21 +0000 2017,,,,,,,,,,,,,,,,,,,@Delta thanks for the upgrade. Best airline.,@171407 Thanks for the shout out! *TAS,,,,,,,,,,,,,,,,,,,2025-09-27T02:06:38.226Z,job_20250927_012637,2
68d746c07222cee3d33c867c,1324,68ce563352b33355379dff70,Account/Billing regarding Orders,Account/Billing,Orders,Negative,,232775,232774,232773,,,,,,,,,,,,,,,,,,171408,171408,Delta,,,,,,,,,,,,,,,,,,Customer,Customer,Service Provider,,,,,,,,,,,,,,,,,,true,true,false,,,,,,,,,,,,,,,,,,Thu Oct 05 11:13:31 +0000 2017,Thu Oct 05 11:14:43 +0000 2017,Thu Oct 05 11:20:15 +0000 2017,,,,,,,,,,,,,,,,,,Hey @Delta you guys just double-billed me for a $2000 set of tickets. Can you put me in touch with a customer service rep now?,@Delta I am currently on the phone with bank invalidating one of the charges,"@171408 Hi Joshua, do you have a confirmation for the reservation? Please DM your information me so I can assist. *TJM",,,,,,,,,,,,,,,,,,2025-09-27T02:06:56.435Z,job_20250927_012637,2
68d746d47222cee3d33c867d,1329,68ce563352b33355379dff75,Complaint regarding Travel Experience,Complaint,Travel Experience,Negative,,233201,233200,233199,233198,,,,,,,,,,,,,,,,,171511,Delta,171511,Delta,,,,,,,,,,,,,,,,,Customer,Service Provider,Customer,Service Provider,,,,,,,,,,,,,,,,,true,false,true,false,,,,,,,,,,,,,,,,,Thu Oct 05 11:55:12 +0000 2017,Thu Oct 05 12:00:53 +0000 2017,Thu Oct 05 12:02:43 +0000 2017,Thu Oct 05 12:04:29 +0000 2017,,,,,,,,,,,,,,,,,@Delta why is the @120943 staff is singlehandedly ruining the check-in process for sky members at terminal 4 at JFK? asking for a friend.,@171511 Oh no! I haven't heard anything. Unfortunately the TSA is a separate entity. I apologize for the inconvenience.    *TJM,@Delta mmm yeah very unfortunate. thanks so so much!,@171511 Thank you for reaching out to Delta.  *TJM,,,,,,,,,,,,,,,,,2025-09-27T02:07:16.978Z,job_20250927_012637,2
68d746e47222cee3d33c867e,1330,68ce563352b33355379dff76,Other regarding General,Other,General,Positive,,233203,233202,,,,,,,,,,,,,,,,,,,133355,Delta,,,,,,,,,,,,,,,,,,,Customer,Service Provider,,,,,,,,,,,,,,,,,,,true,false,,,,,,,,,,,,,,,,,,,Thu Oct 05 12:01:31 +0000 2017,Thu Oct 05 12:02:17 +0000 2017,,,,,,,,,,,,,,,,,,,"Good morning from 30,000 feet! Thank @Delta for a good morning! Also @115911 for being the best! #Tmobilewingman https://t.co/zhy3w6zqyZ",@133355 Happy travels Jeremiah! *ALS,,,,,,,,,,,,,,,,,,,2025-09-27T02:07:32.219Z,job_20250927_012637,2
68d746f17222cee3d33c867f,1336,68ce563352b33355379dff7c,Complaint regarding Technical Support,Complaint,Technical Support,Negative,,233855,233854,,,,,,,,,,,,,,,,,,,171675,Delta,,,,,,,,,,,,,,,,,,,Customer,Service Provider,,,,,,,,,,,,,,,,,,,true,false,,,,,,,,,,,,,,,,,,,Thu Oct 05 12:35:48 +0000 2017,Thu Oct 05 12:38:23 +0000 2017,,,,,,,,,,,,,,,,,,,"@Delta ...once again, painful experience with zero offer to help. Mechanical issues causing me to rent a car and drive to Buffalo!!!",@171675 Please DM for privacy. *ALS,,,,,,,,,,,,,,,,,,,2025-09-27T02:07:45.864Z,job_20250927_012637,2
68d7470c7222cee3d33c8680,1339,68ce563352b33355379dff7f,Complaint regarding Travel/Transportation,Complaint,Travel/Transportation,Negative,,233870,233869,233867,233865,233866,233868,,,,,,,,,,,,,,,171679,Delta,171679,Delta,171679,Delta,,,,,,,,,,,,,,,Customer,Service Provider,Customer,Service Provider,Customer,Service Provider,,,,,,,,,,,,,,,true,false,true,false,true,false,,,,,,,,,,,,,,,Thu Oct 05 12:23:22 +0000 2017,Thu Oct 05 12:26:34 +0000 2017,Thu Oct 05 12:30:02 +0000 2017,Thu Oct 05 12:34:24 +0000 2017,Thu Oct 05 13:01:31 +0000 2017,Thu Oct 05 13:12:32 +0000 2017,,,,,,,,,,,,,,,"Not sure what's the point of being silver with @Delta.\n17 empty seats on Comfort, no upgrade. \n#airlines https://t.co/X8JR46LvBA","@171679 GM Jorge. Passengers are not automatic assigned to Comfort + seats. This must be requested in advance,  *ALS",@Delta Please point to me where this is said on\nhttps://t.co/tmbUvSZdS8,@171679 Hi Jorge. I am checking on this for you. Thanks. *TAS,@Delta Checked yet?,"@171679 Yes, please check your DM. *TJE",,,,,,,,,,,,,,,2025-09-27T02:08:12.437Z,job_20250927_012637,2
68d7471d7222cee3d33c8681,1354,68ce563352b33355379dff8e,Feedback regarding General,Feedback,General,Positive,,234615,234614,,,,,,,,,,,,,,,,,,,171862,Delta,,,,,,,,,,,,,,,,,,,Customer,Service Provider,,,,,,,,,,,,,,,,,,,true,false,,,,,,,,,,,,,,,,,,,Thu Oct 05 12:49:52 +0000 2017,Thu Oct 05 12:51:30 +0000 2017,,,,,,,,,,,,,,,,,,,Thanks @Delta for good flights yesterday. Long day of travel but home on time. 5406 from HPN &amp; 3422 to New Bern. Thx Rocky! #delta #home,@171862 Thank you for flying with us yesterday. I'm glad you had a positive experience. Thanks for sharing. *ALS,,,,,,,,,,,,,,,,,,,2025-09-27T02:08:29.486Z,job_20250927_012637,2
68d7472c7222cee3d33c8682,1360,68ce563352b33355379dff94,Complaint regarding Technical Support,Complaint,Technical Support,Negative,,235239,235238,,,,,,,,,,,,,,,,,,,172022,Delta,,,,,,,,,,,,,,,,,,,Customer,Service Provider,,,,,,,,,,,,,,,,,,,true,false,,,,,,,,,,,,,,,,,,,Thu Oct 05 13:29:26 +0000 2017,Thu Oct 05 13:32:42 +0000 2017,,,,,,,,,,,,,,,,,,,@Delta disappointed with my latest delta flight experience. Baggage delay after poor customer service.,@172022 please fill out this form https://t.co/9qP7jNm0t7. My apology for any inconvenience. *ALS,,,,,,,,,,,,,,,,,,,2025-09-27T02:08:44.689Z,job_20250927_012637,2
68d747427222cee3d33c8683,1211,68ce563352b33355379dfeff,Complaint regarding Travel/Flight,Complaint,Travel/Flight,Negative,,214202,214201,214200,214199,,,,,,,,,,,,,,,,,166873,Delta,166873,Delta,,,,,,,,,,,,,,,,,Customer,Service Provider,Customer,Service Provider,,,,,,,,,,,,,,,,,true,false,true,false,,,,,,,,,,,,,,,,,Wed Oct 04 19:25:07 +0000 2017,Wed Oct 04 19:29:52 +0000 2017,Wed Oct 04 19:44:02 +0000 2017,Wed Oct 04 19:44:40 +0000 2017,,,,,,,,,,,,,,,,,@delta I'm Diamond as of this week and the gate agent couldn't even be bothered to look at her computer for me- not ok. ESP on a 15 hr trip,"@166873 I'm very sorry our gate agent was not helpful. We expect better from our employees. If we can assist you in any way, pls let us know.  *TJW",@Delta She's trying to assist me now-thx,@166873 Oh' that's great. Thank you for the update. *ALS,,,,,,,,,,,,,,,,,2025-09-27T02:09:06.845Z,job_20250927_012637,2
68d7475d7222cee3d33c8684,1213,68ce563352b33355379dff01,Technical Support regarding General,Technical Support,General,Neutral,,214549,214548,214547,214546,,,,,,,,,,,,,,,,,166965,Delta,166965,Delta,,,,,,,,,,,,,,,,,Customer,Service Provider,Customer,Service Provider,,,,,,,,,,,,,,,,,true,false,true,false,,,,,,,,,,,,,,,,,Thu Sep 28 12:00:01 +0000 2017,Thu Sep 28 12:05:02 +0000 2017,Thu Oct 05 00:49:34 +0000 2017,Thu Oct 05 01:05:16 +0000 2017,,,,,,,,,,,,,,,,,@Delta SENT YOU A SOS MESSAGE THAT I CANNOT SEND U A COMMENT TYPE IT OUT BUT CANNOT SEND IT ARE U BLOCKING MY COMMENTS\nPLEASE ADVISE,"@166965 Hello, Helmuth. Sorry for the trouble. Are you sending this comment via Twitter?  *ARD",@Delta yes  i now believe you are blocking  me from sending you an complaints,@166965 Please try to send us a message via DM using the following link.  *HDG https://t.co/6iDGBJAc2m,,,,,,,,,,,,,,,,,2025-09-27T02:09:33.932Z,job_20250927_012637,2
68d747717222cee3d33c8685,1216,68ce563352b33355379dff04,Complaint regarding Technical Support,Complaint,Technical Support,Negative,,214558,214556,214557,,,,,,,,,,,,,,,,,,166968,Delta,166968,,,,,,,,,,,,,,,,,,Customer,Service Provider,Customer,,,,,,,,,,,,,,,,,,true,false,true,,,,,,,,,,,,,,,,,,Thu Oct 05 00:52:56 +0000 2017,Thu Oct 05 01:01:47 +0000 2017,Thu Oct 05 01:06:13 +0000 2017,,,,,,,,,,,,,,,,,,@Delta is there a reason your flight attendant was insanely rude to me as I boarded and found a space for my bag? He should work for united,"@166968 Truly sorry to hear that, Sarah. Please follow and DM further details so I may forward it along.  *HVI",@Delta I'm flight 491 to la. This is unreasonable and has never happened to me before. What is going on with your airline?,,,,,,,,,,,,,,,,,,2025-09-27T02:09:53.436Z,job_20250927_012637,2
68d747817222cee3d33c8686,1218,68ce563352b33355379dff06,Complaint regarding Technical,Complaint,Technical,Negative,,214562,214561,,,,,,,,,,,,,,,,,,,166970,Delta,,,,,,,,,,,,,,,,,,,Customer,Service Provider,,,,,,,,,,,,,,,,,,,true,false,,,,,,,,,,,,,,,,,,,Thu Oct 05 00:46:58 +0000 2017,Thu Oct 05 00:59:15 +0000 2017,,,,,,,,,,,,,,,,,,,"@Delta begging - fix app when non SM folks fill in TSA Pre, # goes to res. AF Plat, fly U tons and TSA Pre # never transfers when I use app","@166970 Hi, Andrew. Our apologies for the inconvenience this is causing. I will forward your feedback to our Leadership team.  *ALA",,,,,,,,,,,,,,,,,,,2025-09-27T02:10:09.392Z,job_20250927_012637,2
68d7479c7222cee3d33c8687,1222,68ce563352b33355379dff0a,Technical Support regarding Travel/Transportation,Technical Support,Travel/Transportation,Negative,,214577,214575,214576,214578,,,,,,,,,,,,,,,,,166974,Delta,166974,Delta,,,,,,,,,,,,,,,,,Customer,Service Provider,Customer,Service Provider,,,,,,,,,,,,,,,,,true,false,true,false,,,,,,,,,,,,,,,,,Thu Oct 05 00:42:58 +0000 2017,Thu Oct 05 00:49:40 +0000 2017,Thu Oct 05 00:53:14 +0000 2017,Thu Oct 05 02:34:09 +0000 2017,,,,,,,,,,,,,,,,,Please help @Delta @824 at ATL waiting on flt 8672 that didn’t leave at 820. No answers.Rumor is they gave our plane away. HELP,"@166974 @824 Hello, our apologies for the delays. I show DL8672 is scheduled to depart at 9:30 pm.  *HVI",@Delta @824 Here they said the comps say that but that is still “not a good time”. No answers coming from gate. Our plane was given away to flight 689,@166974 @824 Our apologies for the delays. I show it has been updated with a departure at 11:00 pm.  *HVI,,,,,,,,,,,,,,,,,2025-09-27T02:10:36.563Z,job_20250927_012637,2
68d747a97222cee3d33c8688,1223,68ce563352b33355379dff0b,Feedback regarding General,Feedback,General,Positive,,214580,214579,,,,,,,,,,,,,,,,,,,166975,Delta,,,,,,,,,,,,,,,,,,,Customer,Service Provider,,,,,,,,,,,,,,,,,,,true,false,,,,,,,,,,,,,,,,,,,Thu Oct 05 00:29:48 +0000 2017,Thu Oct 05 00:48:15 +0000 2017,,,,,,,,,,,,,,,,,,,"@Delta As a traveling musician, I always have anxiety traveling with my instruments. Thank you for being accommodating on this trip!",@166975 Thank YOU for choosing Delta!  *HVI,,,,,,,,,,,,,,,,,,,2025-09-27T02:10:49.205Z,job_20250927_012637,2
68d747b77222cee3d33c8689,1226,68ce563352b33355379dff0e,Complaint regarding Technical Support,Complaint,Technical Support,Negative,,214590,214589,,,,,,,,,,,,,,,,,,,166977,Delta,,,,,,,,,,,,,,,,,,,Customer,Service Provider,,,,,,,,,,,,,,,,,,,true,false,,,,,,,,,,,,,,,,,,,Thu Oct 05 00:15:48 +0000 2017,Thu Oct 05 00:33:01 +0000 2017,,,,,,,,,,,,,,,,,,,@Delta Why is Delta treating Diamond customers like this? Our bags are not being delivered as we couldnt gky Delta due to delays. Sad,"@166977 If we can assist at this time, please let us know.  *HAA",,,,,,,,,,,,,,,,,,,2025-09-27T02:11:03.657Z,job_20250927_012637,2
68d747c87222cee3d33c868a,1228,68ce563352b33355379dff10,Technical Support regarding Travel,Technical Support,Travel,Negative,,214595,214594,,,,,,,,,,,,,,,,,,,166979,Delta,,,,,,,,,,,,,,,,,,,Customer,Service Provider,,,,,,,,,,,,,,,,,,,true,false,,,,,,,,,,,,,,,,,,,Thu Oct 05 00:12:04 +0000 2017,Thu Oct 05 00:15:51 +0000 2017,,,,,,,,,,,,,,,,,,,@Delta the flight from LAX to SEA had non functional entertainment system too. Same on fligh back https://t.co/hdywvll2O1,@166979 Sorry to hear this happened. Please DM us your confirmation number via this link.  *ALA https://t.co/6iDGBJAc2m,,,,,,,,,,,,,,,,,,,2025-09-27T02:11:20.779Z,job_20250927_012637,2
68d747e17222cee3d33c868b,1229,68ce563352b33355379dff11,Technical Support regarding Travel,Technical Support,Travel,Negative,,214600,214599,214597,214596,,,,,,,,,,,,,,,,,166980,Delta,166980,Delta,,,,,,,,,,,,,,,,,Customer,Service Provider,Customer,Service Provider,,,,,,,,,,,,,,,,,true,false,true,false,,,,,,,,,,,,,,,,,Wed Oct 04 19:16:59 +0000 2017,Wed Oct 04 19:19:48 +0000 2017,Thu Oct 05 00:03:36 +0000 2017,Thu Oct 05 00:12:31 +0000 2017,,,,,,,,,,,,,,,,,@Delta It’s annoying that even though I bring 1 backpack as #CarryOn Im uncomfortable with it under my feet because others bring 2 suitcases,"@166980 Hi, Gareth. I am sorry you are not comfortable. I take it there is no overhead storage? Maybe see if a Flight Attendant can assist. *TJF",@Delta It was a full flight and I understand there is limited space in the overhead bins. But you seem to be disadvantaged for following the rules,@166980 ...provide a consistently reliable product and an exemplary level of customer service.  *TJN 2/2,,,,,,,,,,,,,,,,,2025-09-27T02:11:45.266Z,job_20250927_012637,2
68d747f27222cee3d33c868c,1234,68ce563352b33355379dff16,Technical Support regarding Travel/Transportation,Technical Support,Travel/Transportation,Neutral,,215513,215511,215512,215514,,,,,,,,,,,,,,,,,167219,Delta,167219,Delta,,,,,,,,,,,,,,,,,Customer,Service Provider,Customer,Service Provider,,,,,,,,,,,,,,,,,true,false,true,false,,,,,,,,,,,,,,,,,Thu Oct 05 01:10:15 +0000 2017,Thu Oct 05 01:40:59 +0000 2017,Thu Oct 05 04:31:48 +0000 2017,Thu Oct 05 04:33:58 +0000 2017,,,,,,,,,,,,,,,,,BOARDING SOON 🛩🛫 @delta @ McCarran International Airport https://t.co/vse0NgxAH3,"@167219 Glad to have you on board, Gabrielle.  *ALA",@Delta Thank you!,@167219 You're welcome! *ABN,,,,,,,,,,,,,,,,,2025-09-27T02:12:02.179Z,job_20250927_012637,2
68d748017222cee3d33c868d,1236,68ce563352b33355379dff18,Product Inquiry regarding Technical Support,Product Inquiry,Technical Support,Neutral,,218435,218433,218434,218436,,,,,,,,,,,,,,,,,168093,Delta,168093,Delta,,,,,,,,,,,,,,,,,Customer,Service Provider,Customer,Service Provider,,,,,,,,,,,,,,,,,true,false,true,false,,,,,,,,,,,,,,,,,Thu Oct 05 01:41:55 +0000 2017,Thu Oct 05 01:46:36 +0000 2017,Thu Oct 05 04:32:09 +0000 2017,Thu Oct 05 04:34:13 +0000 2017,,,,,,,,,,,,,,,,,@Delta How many MQMs does one accrue when flying from SLC to SFO?,@168093 https://t.co/o2KLI78k6u *HRS,@Delta Thank you.,@168093 You're welcome! *ABN,,,,,,,,,,,,,,,,,2025-09-27T02:12:17.944Z,job_20250927_012637,2
68d7481a7222cee3d33c868e,1238,68ce563352b33355379dff1a,Technical Support regarding Flights,Technical Support,Flights,Negative,,218447,218446,218445,218444,,,,,,,,,,,,,,,,,168094,Delta,168094,Delta,,,,,,,,,,,,,,,,,Customer,Service Provider,Customer,Service Provider,,,,,,,,,,,,,,,,,true,false,true,false,,,,,,,,,,,,,,,,,Wed Oct 04 21:16:45 +0000 2017,Wed Oct 04 21:20:31 +0000 2017,Thu Oct 05 01:09:29 +0000 2017,Thu Oct 05 01:41:48 +0000 2017,,,,,,,,,,,,,,,,,@Delta nice new planes..too bad your flights still run like clockwork..late as usual,@168094 I'm sorry to hear that you are experiencing delays. Please DM me your confirmation number and I'll gladly look into this for you. *AMC,@Delta How do I dm you?,"@168094 Hi, Andrea. You may send a DM via this link:  *AAB https://t.co/6iDGBJAc2m",,,,,,,,,,,,,,,,,2025-09-27T02:12:42.985Z,job_20250927_012637,2
68d7482c7222cee3d33c868f,1240,68ce563352b33355379dff1c,Feedback regarding General,Feedback,General,Positive,,218451,218450,,,,,,,,,,,,,,,,,,,168095,Delta,,,,,,,,,,,,,,,,,,,Customer,Service Provider,,,,,,,,,,,,,,,,,,,true,false,,,,,,,,,,,,,,,,,,,Thu Oct 05 01:11:18 +0000 2017,Thu Oct 05 01:41:04 +0000 2017,,,,,,,,,,,,,,,,,,,Thank you Allan in custom care at @delta. You made things right for us and earned future business. I can see you love your job and @delta!,"@168095 Hi, John. We're glad Allan was able to take such good care of you. Thank you for sharing your kudos! *ABN",,,,,,,,,,,,,,,,,,,2025-09-27T02:13:00.546Z,job_20250927_012637,2
68d7483c7222cee3d33c8690,1244,68ce563352b33355379dff20,Order Status regarding Travel/Flights,Order Status,Travel/Flights,Neutral,,219077,219076,,,,,,,,,,,,,,,,,,,168234,Delta,,,,,,,,,,,,,,,,,,,Customer,Service Provider,,,,,,,,,,,,,,,,,,,true,false,,,,,,,,,,,,,,,,,,,Thu Oct 05 02:11:10 +0000 2017,Thu Oct 05 02:24:15 +0000 2017,,,,,,,,,,,,,,,,,,,@Delta I have a flight w/ you Fri that's most likely being cancelled due to weather. Could you help me move it to same time Sat please?,"@168234 Hi, Scott. I can look into this. Please DM your confirmation number.  *HDG",,,,,,,,,,,,,,,,,,,2025-09-27T02:13:16.748Z,job_20250927_012637,2
68d7484d7222cee3d33c8691,1255,68ce563352b33355379dff2b,Complaint regarding Technical Support,Complaint,Technical Support,Negative,,219264,219263,,,,,,,,,,,,,,,,,,,163478,163478,,,,,,,,,,,,,,,,,,,Customer,Customer,,,,,,,,,,,,,,,,,,,true,true,,,,,,,,,,,,,,,,,,,Thu Oct 05 02:15:19 +0000 2017,Thu Oct 05 02:21:51 +0000 2017,,,,,,,,,,,,,,,,,,,"Ok, not doing @Delta again unless I have to. ""Check your bag, it's full."" The ENTIRE back of th PLANE has EMPTY bins!",@Delta Why did I dress up for such a crappy trip? So glad I already booked my holiday travel with @SouthwestAir !,,,,,,,,,,,,,,,,,,,2025-09-27T02:13:33.658Z,job_20250927_012637,2
68d748627222cee3d33c8692,1263,68ce563352b33355379dff33,Technical Support regarding Product Info,Technical Support,Product Info,Neutral,,223269,223267,223268,223270,,,,,,,,,,,,,,,,,169328,Delta,169328,Delta,,,,,,,,,,,,,,,,,Customer,Service Provider,Customer,Service Provider,,,,,,,,,,,,,,,,,true,false,true,false,,,,,,,,,,,,,,,,,Thu Oct 05 03:34:06 +0000 2017,Thu Oct 05 03:50:12 +0000 2017,Thu Oct 05 04:53:24 +0000 2017,Thu Oct 05 04:59:02 +0000 2017,,,,,,,,,,,,,,,,,"@Delta if I buy access to skyclub in atl, can I use it in slc on the same day?","@169328 Hi, Brant. Unfortunately, no. You can only use your entry in the purchased airport.  *ALA","@Delta Ok, what if I leave the lounge? Can I get back into the same lounge, same day?",@169328 The pass is only good for one single visit.  *ALA,,,,,,,,,,,,,,,,,2025-09-27T02:13:54.054Z,job_20250927_012637,2
68d748757222cee3d33c8693,1265,68ce563352b33355379dff35,Complaint regarding Warranty,Complaint,Warranty,Negative,,223275,223273,223274,,,,,,,,,,,,,,,,,,169330,Delta,169330,,,,,,,,,,,,,,,,,,Customer,Service Provider,Customer,,,,,,,,,,,,,,,,,,true,false,true,,,,,,,,,,,,,,,,,,Thu Oct 05 03:29:53 +0000 2017,Thu Oct 05 03:44:09 +0000 2017,Mon Oct 09 17:08:33 +0000 2017,,,,,,,,,,,,,,,,,,Could not be more mad with @Delta for ripping the straps on my daughters suitcase that she's literally used TWICE. 😡😡😡,@169330 Oh no! Please see one of our agents in the baggage service office to start a claim.  *ALA,@Delta They have said that they can't do anything because they are considering it normal wear and tear. Which is absolutely ridiculous.,,,,,,,,,,,,,,,,,,2025-09-27T02:14:13.436Z,job_20250927_012637,2
68d748847222cee3d33c8694,1271,68ce563352b33355379dff3b,Technical Support regarding Shipping/Delivery,Technical Support,Shipping/Delivery,Negative,,223290,223289,,,,,,,,,,,,,,,,,,,169336,Delta,,,,,,,,,,,,,,,,,,,Customer,Service Provider,,,,,,,,,,,,,,,,,,,true,false,,,,,,,,,,,,,,,,,,,Thu Oct 05 02:59:59 +0000 2017,Thu Oct 05 03:18:03 +0000 2017,,,,,,,,,,,,,,,,,,,"@Delta left my bag...thanks guys, great job! 👍🏾",@169336 Hi there. I am so sorry to hear. Were you able to file a claim at the airport regarding your delayed items?  *HSD,,,,,,,,,,,,,,,,,,,2025-09-27T02:14:28.467Z,job_20250927_012637,2
68d748947222cee3d33c8695,1273,68ce563352b33355379dff3d,Order Status regarding Orders,Order Status,Orders,Neutral,,223296,223295,,,,,,,,,,,,,,,,,,,169338,Delta,,,,,,,,,,,,,,,,,,,Customer,Service Provider,,,,,,,,,,,,,,,,,,,true,false,,,,,,,,,,,,,,,,,,,Thu Oct 05 02:55:42 +0000 2017,Thu Oct 05 03:05:48 +0000 2017,,,,,,,,,,,,,,,,,,,@Delta i have found a trip on the website called https://t.co/H7ozTvYmKv can i show it to employees at delta to buy it there,@169338 You will also have our Risk Free Cancellation option. Please see: https://t.co/BWDiTN6D4o *HJH,,,,,,,,,,,,,,,,,,,2025-09-27T02:14:44.730Z,job_20250927_012637,2
68d748a27222cee3d33c8696,1275,68ce563352b33355379dff3f,Product Inquiry regarding Airline Services,Product Inquiry,Airline Services,Neutral,,223301,223300,,,,,,,,,,,,,,,,,,,169340,Delta,,,,,,,,,,,,,,,,,,,Customer,Service Provider,,,,,,,,,,,,,,,,,,,true,false,,,,,,,,,,,,,,,,,,,Thu Oct 05 02:20:45 +0000 2017,Thu Oct 05 02:58:40 +0000 2017,,,,,,,,,,,,,,,,,,,@Delta i am trying to book a flight using a voucher but there is no place to put the voucher number! HELP!,@169340 AirFrance voucher numbers would begin with 057.  *HRS,,,,,,,,,,,,,,,,,,,2025-09-27T02:14:58.848Z,job_20250927_012637,2
68d748b37222cee3d33c8697,1276,68ce563352b33355379dff40,Account/Billing regarding Technical Support,Account/Billing,Technical Support,Neutral,,224157,224155,224156,224158,,,,,,,,,,,,,,,,,169563,Delta,169563,Delta,,,,,,,,,,,,,,,,,Customer,Service Provider,Customer,Service Provider,,,,,,,,,,,,,,,,,true,false,true,false,,,,,,,,,,,,,,,,,Thu Oct 05 05:07:00 +0000 2017,Thu Oct 05 05:08:48 +0000 2017,Thu Oct 05 05:10:15 +0000 2017,Thu Oct 05 05:17:25 +0000 2017,,,,,,,,,,,,,,,,,LEFT MY WALLET ON THE PLANE LOLOLOL @Delta HELP ya  girl find it :))))),@169563 Hi there. What was your arrival airport? *ALA,"@Delta Nashville, TN",@169563 Please contact Lost &amp; Found at 615-275-2098.  *ALA,,,,,,,,,,,,,,,,,2025-09-27T02:15:15.770Z,job_20250927_012637,2
68d748c47222cee3d33c8698,1284,68ce563352b33355379dff48,Technical Support regarding Air Travel,Technical Support,Air Travel,Negative,,225088,225087,,,,,,,,,,,,,,,,,,,169772,Delta,,,,,,,,,,,,,,,,,,,Customer,Service Provider,,,,,,,,,,,,,,,,,,,true,false,,,,,,,,,,,,,,,,,,,Thu Oct 05 05:48:05 +0000 2017,Thu Oct 05 05:49:44 +0000 2017,,,,,,,,,,,,,,,,,,,"@Delta Time to rethink if @delta is concerned about gold members. WAiting in endless economy line-""helpfully"" directed here. Stupid",@169772 I am sorry to hear that you are having issues at the airport. Please see an agent for immediate assistance.  *ALA,,,,,,,,,,,,,,,,,,,2025-09-27T02:15:32.563Z,job_20250927_012637,2
68d748f77222cee3d33c8699,1288,68ce563352b33355379dff4c,Complaint regarding Product Info,Complaint,Product Info,Negative,,225652,225650,225651,225653,225654,,,,,,,,,,,,,,,,169909,Delta,169910,169909,Delta,,,,,,,,,,,,,,,,Customer,Service Provider,Customer,Customer,Service Provider,,,,,,,,,,,,,,,,true,false,true,true,false,,,,,,,,,,,,,,,,Sat Nov 25 02:23:36 +0000 2017,Sat Nov 25 02:24:48 +0000 2017,Sat Nov 25 03:12:35 +0000 2017,Sat Nov 25 04:06:00 +0000 2017,Sat Nov 25 04:16:43 +0000 2017,,,,,,,,,,,,,,,,"Hey @Delta - I tried to find a movie/show to enjoy my flight to MSP/from MSP.. but I wasn’t able to - all movies either do not have captions/subtitles OR they say it is but there’s no option to select.\n\nFix it, it is 2017. \nCc: @116462 https://t.co/msBIzqbSyf","@169909 Colleen, I'm sorry about the Wi-Fi! Please, be sure to report the matter to our Wi-Fi partner Gogo at @116462 or 1.877.350.0038. They need to get details from you of any messages or details you got during your attempt. *AFM",@Delta @169909 @116462 Seriously? Did you (@delta) ever read her tweet? She was complaining about lack of accessibility not WiFi. Time for u step up and add subtitles/captions to ur tv and movie asap! #accessibility #AccessibilityMatters,"@169910 @Delta @116462 Oh boy.  Thank you, Adam.  I just re-tweet Delta’s tweet and screen shot.",@169909 I am really sorry for this misunderstanding. We look forward to exceeding your expectations in the near future. *AFM,,,,,,,,,,,,,,,,2025-09-27T02:16:23.001Z,job_20250927_012637,2
68d749127222cee3d33c869a,1290,68ce563352b33355379dff4e,Technical Support regarding Travel/Flight,Technical Support,Travel/Flight,Neutral,,225667,225666,225665,225664,,,,,,,,,,,,,,,,,169913,Delta,169913,Delta,,,,,,,,,,,,,,,,,Customer,Service Provider,Customer,Service Provider,,,,,,,,,,,,,,,,,true,false,true,false,,,,,,,,,,,,,,,,,Sat Nov 25 02:11:15 +0000 2017,Sat Nov 25 02:13:27 +0000 2017,Sat Nov 25 02:19:03 +0000 2017,Sat Nov 25 02:21:20 +0000 2017,,,,,,,,,,,,,,,,,Hey @Delta .... are the issues with the caterer at LAX solved now?  Flying RT from ATL-LAX next week.  Should I pack a sandwich?  ;),"@169913 I am sorry to hear that, Tony. Pls follow/DM your confirmation or ticket number. *AFM https://t.co/6iDGBJAc2m",@Delta Thanks for the quick response (as always!) but I am lost.  You need conf# just to see if catering issues are solved at LAX?  That doesn't sound right.  What am I missing?,"@169913 No need to send your confirmation, Tony. I will forward your concern to LAX airport team.  *AFM",,,,,,,,,,,,,,,,,2025-09-27T02:16:50.214Z,job_20250927_012637,2
68d749217222cee3d33c869b,1297,68ce563352b33355379dff55,Technical Support regarding Travel/Flight,Technical Support,Travel/Flight,Negative,,226468,226467,,,,,,,,,,,,,,,,,,,169772,Delta,,,,,,,,,,,,,,,,,,,Customer,Service Provider,,,,,,,,,,,,,,,,,,,true,false,,,,,,,,,,,,,,,,,,,Thu Oct 05 06:49:49 +0000 2017,Thu Oct 05 07:07:04 +0000 2017,,,,,,,,,,,,,,,,,,,@delta bumped from flight and put in middle seat and 1.5 hours in line and 4 separate counters gold medallion - thanks delta !,@169772 Please let us know if we can assist you in any way. Our sincerest apology for the inconvenience.  *HCK,,,,,,,,,,,,,,,,,,,2025-09-27T02:17:05.713Z,job_20250927_012637,2
68d749307222cee3d33c869c,1299,68ce563352b33355379dff57,Feedback regarding General,Feedback,General,Positive,,227159,227158,,,,,,,,,,,,,,,,,,,170189,Delta,,,,,,,,,,,,,,,,,,,Customer,Service Provider,,,,,,,,,,,,,,,,,,,true,false,,,,,,,,,,,,,,,,,,,Thu Oct 05 07:22:42 +0000 2017,Thu Oct 05 07:26:54 +0000 2017,,,,,,,,,,,,,,,,,,,"Dear @Delta - In case anyone hasn't told you today, your customer service on the phone and via Twitter is great.  Thank you!",@170189 Hi Stephanie! We really do appreciate your kinds words! Thank you so much for choosing Delta! ❤ *HSD,,,,,,,,,,,,,,,,,,,2025-09-27T02:17:20.766Z,job_20250927_012637,2
68d749447222cee3d33c869d,1306,68ce563352b33355379dff5e,Complaint regarding Travel/Flight,Complaint,Travel/Flight,Negative,,229248,229247,,,,,,,,,,,,,,,,,,,170674,Delta,,,,,,,,,,,,,,,,,,,Customer,Service Provider,,,,,,,,,,,,,,,,,,,true,false,,,,,,,,,,,,,,,,,,,Wed Oct 11 17:22:59 +0000 2017,Wed Oct 11 18:06:47 +0000 2017,,,,,,,,,,,,,,,,,,,"@Delta flight cancelled, stranded in another city so had to book hotel, but no hotel comp or voucher?!! Not even a small flight credit for the inconvenience?!  I'm shocked by your customer service.  Waiving a change fee is not good enough, that should just be step one. #Delta",@170674 I regret your situation. Was your delay due to weather? *TMT,,,,,,,,,,,,,,,,,,,2025-09-27T02:17:40.767Z,job_20250927_012637,2
68d7495a7222cee3d33c869e,1309,68ce563352b33355379dff61,Product Inquiry regarding Travel,Product Inquiry,Travel,Neutral,,229693,229691,229692,229694,229695,229696,,,,,,,,,,,,,,,170746,Delta,170746,Delta,170746,Delta,,,,,,,,,,,,,,,Customer,Service Provider,Customer,Service Provider,Customer,Service Provider,,,,,,,,,,,,,,,true,false,true,false,true,false,,,,,,,,,,,,,,,Thu Oct 05 08:18:25 +0000 2017,Thu Oct 05 08:21:17 +0000 2017,Thu Oct 05 13:10:28 +0000 2017,Thu Oct 05 13:14:15 +0000 2017,Thu Oct 05 13:14:54 +0000 2017,Thu Oct 05 13:15:18 +0000 2017,,,,,,,,,,,,,,,"@Delta traveling HNL-LAX 5 Oct, what food service is there in economy? Complimentary or to purchase. Uk traveller not sure","@170746 Good morning, Peter. Please provide your flight #. *ABN",@Delta DL1150,"@170746 Hi, Peter, the DL1150 HNL/LAX is showing food for sale on the flight.  *TDH",@Delta Ok thanks,@170746 You are welcome and thank you for flying Delta.  *TDH,,,,,,,,,,,,,,,2025-09-27T02:18:02.766Z,job_20250927_012637,2
68d7496c7222cee3d33c869f,1315,68ce563352b33355379dff67,Complaint regarding General,Complaint,General,Negative,,232311,232310,,,,,,,,,,,,,,,,,,,171305,Delta,,,,,,,,,,,,,,,,,,,Customer,Service Provider,,,,,,,,,,,,,,,,,,,true,false,,,,,,,,,,,,,,,,,,,Thu Oct 05 10:52:19 +0000 2017,Thu Oct 05 10:55:20 +0000 2017,,,,,,,,,,,,,,,,,,,"Our Son..total flirt on our flight to San Francisco &amp; held by 7 passengers, 1 Capt.❤️@Delta &amp; Summer Fog 👍🏼 @11976 @171306 https://t.co/IUprtWUEXT",@171305 Thanks for the fantastic family photo. Looks like the fun has already started.  *TAS,,,,,,,,,,,,,,,,,,,2025-09-27T02:18:20.407Z,job_20250927_012637,2
68d7497c7222cee3d33c86a0,1320,68ce563352b33355379dff6c,Feedback regarding General,Feedback,General,Positive,,232756,232755,,,,,,,,,,,,,,,,,,,171404,Delta,,,,,,,,,,,,,,,,,,,Customer,Service Provider,,,,,,,,,,,,,,,,,,,true,false,,,,,,,,,,,,,,,,,,,Thu Oct 05 11:35:37 +0000 2017,Thu Oct 05 11:36:35 +0000 2017,,,,,,,,,,,,,,,,,,,Kudos to the flight crew of @Delta flight 1112! Lady needed med attn upon boarding both on &amp; off duty were fantastic.EMT on board helped to!,"@171404 Thank you for your feedback. It is greatly appreciated. Please tweet us, if you need us. Thanks. *ATJ",,,,,,,,,,,,,,,,,,,2025-09-27T02:18:36.527Z,job_20250927_012637,2
68d7498c7222cee3d33c86a1,1327,68ce563352b33355379dff73,Account/Billing regarding Account,Account/Billing,Account,Neutral,,233195,233194,,,,,,,,,,,,,,,,,,,171509,Delta,,,,,,,,,,,,,,,,,,,Customer,Service Provider,,,,,,,,,,,,,,,,,,,true,false,,,,,,,,,,,,,,,,,,,Thu Oct 05 12:06:57 +0000 2017,Thu Oct 05 12:09:36 +0000 2017,,,,,,,,,,,,,,,,,,,@Delta Good morning! Recently got married and need to change my name on Sky Miles acct. Can you help? Thx!,"@171509 Hello, this may be completed online via the following link https://t.co/fPLXqv8KGq. Thanks. *ATJ",,,,,,,,,,,,,,,,,,,2025-09-27T02:18:52.277Z,job_20250927_012637,2
68d749987222cee3d33c86a2,1333,68ce563352b33355379dff79,Feedback regarding General,Feedback,General,Positive,,233211,233210,,,,,,,,,,,,,,,,,,,171514,Delta,,,,,,,,,,,,,,,,,,,Customer,Service Provider,,,,,,,,,,,,,,,,,,,true,false,,,,,,,,,,,,,,,,,,,Thu Oct 05 11:54:26 +0000 2017,Thu Oct 05 11:56:38 +0000 2017,,,,,,,,,,,,,,,,,,,Just had the most pleasant flight ever on @Delta. The 737-900 is a nice plane. #thumbsup,@171514 Hello. We thank you for flying with us!  *ARD,,,,,,,,,,,,,,,,,,,2025-09-27T02:19:04.978Z,job_20250927_012637,2
68d749ae7222cee3d33c86a3,1338,68ce563352b33355379dff7e,Technical Support regarding General,Technical Support,General,Neutral,,233861,233859,233860,233862,,,,,,,,,,,,,,,,,171677,Delta,171677,Delta,,,,,,,,,,,,,,,,,Customer,Service Provider,Customer,Service Provider,,,,,,,,,,,,,,,,,true,false,true,false,,,,,,,,,,,,,,,,,Thu Oct 05 12:35:42 +0000 2017,Thu Oct 05 12:37:00 +0000 2017,Fri Oct 06 20:06:29 +0000 2017,Fri Oct 06 21:08:07 +0000 2017,,,,,,,,,,,,,,,,,@Delta What's the deal with Marketplace? Regularly scheduled maintenance taking several days? https://t.co/AdrvpaI7J6,@171677 I apologize for the inconvenience. Thanks for bringing to our attention so we may forward to our IT group. Thanks! *TJF,@Delta Still down...for days.,"@171677 Hi, there. I'm sorry this is still down. Please contact our Customer Service team at 800-297-1089 for assistance.  *HDG",,,,,,,,,,,,,,,,,2025-09-27T02:19:26.960Z,job_20250927_012637,2
68d749c07222cee3d33c86a4,1344,68ce563352b33355379dff84,Technical Support regarding Travel,Technical Support,Travel,Neutral,,233901,233900,,,,,,,,,,,,,,,,,,,171689,Delta,,,,,,,,,,,,,,,,,,,Customer,Service Provider,,,,,,,,,,,,,,,,,,,true,false,,,,,,,,,,,,,,,,,,,Thu Oct 05 12:25:03 +0000 2017,Thu Oct 05 12:26:09 +0000 2017,,,,,,,,,,,,,,,,,,,Flying with @Delta for the first time tomorrow. Not my usual airline...and I hate flying. Please be good to me 😅,"@171689 Welcome, Kristal. Please feel free to reach out to us if we may be of assistance.  *ALY",,,,,,,,,,,,,,,,,,,2025-09-27T02:19:44.187Z,job_20250927_012637,2
68d749d27222cee3d33c86a5,1346,68ce563352b33355379dff86,Feedback regarding General,Feedback,General,Positive,,233906,233905,233904,,,,,,,,,,,,,,,,,,171691,171691,Delta,,,,,,,,,,,,,,,,,,Customer,Customer,Service Provider,,,,,,,,,,,,,,,,,,true,true,false,,,,,,,,,,,,,,,,,,Thu Oct 05 12:13:34 +0000 2017,Thu Oct 05 12:14:55 +0000 2017,Thu Oct 05 12:16:15 +0000 2017,,,,,,,,,,,,,,,,,,Impressed with @delta. I had a voucher in my maiden name (travel is not easy w/ name change) &amp; they gave me choice of gift card instead.,@Delta Thanks for making things easy! This is much more practical and I felt taken care of.,@171691 We strive to provide great customer service so I'm happy to hear we met your expectations. *TRR,,,,,,,,,,,,,,,,,,2025-09-27T02:20:02.116Z,job_20250927_012637,2
68d749e07222cee3d33c86a6,1350,68ce563352b33355379dff8a,Feedback regarding General,Feedback,General,Positive,,234607,234606,,,,,,,,,,,,,,,,,,,171857,Delta,,,,,,,,,,,,,,,,,,,Customer,Service Provider,,,,,,,,,,,,,,,,,,,true,false,,,,,,,,,,,,,,,,,,,Thu Oct 05 13:03:52 +0000 2017,Thu Oct 05 13:04:33 +0000 2017,,,,,,,,,,,,,,,,,,,"Onboard another @delta rocket sitting by one hot chick. (@ Concourse A in Jacksonville, FL) https://t.co/gvJkJ5wVPS",@171857 Thank you for flying Delta. *ALS,,,,,,,,,,,,,,,,,,,2025-09-27T02:20:16.456Z,job_20250927_012637,2
68d749f07222cee3d33c86a7,1351,68ce563352b33355379dff8b,Feedback regarding General,Feedback,General,Positive,,234609,234608,,,,,,,,,,,,,,,,,,,171858,Delta,,,,,,,,,,,,,,,,,,,Customer,Service Provider,,,,,,,,,,,,,,,,,,,true,false,,,,,,,,,,,,,,,,,,,Thu Oct 05 12:59:45 +0000 2017,Thu Oct 05 13:01:52 +0000 2017,,,,,,,,,,,,,,,,,,,This is why I love @Delta 👏🏽👏🏽👏🏽 https://t.co/o5JexPwxhU,@171858 Thank you. We love to put smiles on our passenger's faces.  *TJM,,,,,,,,,,,,,,,,,,,2025-09-27T02:20:32.198Z,job_20250927_012637,2
68d74a057222cee3d33c86a8,1353,68ce563352b33355379dff8d,Product Inquiry regarding Loyalty Program,Product Inquiry,Loyalty Program,Neutral,,234613,234612,,,,,,,,,,,,,,,,,,,171861,Delta,,,,,,,,,,,,,,,,,,,Customer,Service Provider,,,,,,,,,,,,,,,,,,,true,false,,,,,,,,,,,,,,,,,,,Thu Oct 05 12:46:34 +0000 2017,Thu Oct 05 12:53:30 +0000 2017,,,,,,,,,,,,,,,,,,,Are you getting rid of the medallion program @Delta ? It seems like Bastian is angry at us. You are profitable no?   https://t.co/4OuH3DqucB,"@171861 Christopher, be assured the Loyalty program isn't going anywhere. No worries, we appreciate our customer's loyalty. *HKM",,,,,,,,,,,,,,,,,,,2025-09-27T02:20:53.397Z,job_20250927_012637,2
68d74a137222cee3d33c86a9,1356,68ce563352b33355379dff90,Complaint regarding Technical Support,Complaint,Technical Support,Negative,,234923,,,,,,,,,,,,,,,,,,,,171944,,,,,,,,,,,,,,,,,,,,Customer,,,,,,,,,,,,,,,,,,,,true,,,,,,,,,,,,,,,,,,,,Thu Oct 05 12:47:37 +0000 2017,,,,,,,,,,,,,,,,,,,,Thank you @Delta @AmericanAir @JetBlue for refunding me $ spent on flights to and from PR. Shame to @6660 that is refusing #maria,,,,,,,,,,,,,,,,,,,,2025-09-27T02:21:07.332Z,job_20250927_012637,2
68d74a257222cee3d33c86aa,1005,68ce563352b33355379dfe31,Other regarding General,Other,General,Neutral,,183150,183149,183148,,,,,,,,,,,,,,,,,,121917,159071,Delta,,,,,,,,,,,,,,,,,,Customer,Customer,Service Provider,,,,,,,,,,,,,,,,,,true,true,false,,,,,,,,,,,,,,,,,,Wed Oct 04 21:06:57 +0000 2017,Wed Oct 04 21:48:04 +0000 2017,Wed Oct 04 21:49:06 +0000 2017,,,,,,,,,,,,,,,,,,Another photo of @delta DL75 cruising at 38000ft. We were 1000ft above and she was lit up beautifully in the sunshine!\n#A330 #delta https://t.co/LKNQK3F3ro,@121917 @Delta Awesome photo!!!,@159071 Yes it is. ✈ Have a great week Michael. *TBT,,,,,,,,,,,,,,,,,,2025-09-27T02:21:25.442Z,job_20250927_012637,2
68d74a427222cee3d33c86ab,1006,68ce563352b33355379dfe32,Technical Support regarding Shipping/Delivery,Technical Support,Shipping/Delivery,Neutral,,183641,183640,183639,183638,183637,,,,,,,,,,,,,,,,Delta,158160,Delta,158160,Delta,,,,,,,,,,,,,,,,Service Provider,Customer,Service Provider,Customer,Service Provider,,,,,,,,,,,,,,,,false,true,false,true,false,,,,,,,,,,,,,,,,Thu Sep 28 21:17:37 +0000 2017,Wed Oct 04 21:26:34 +0000 2017,Wed Oct 04 21:31:35 +0000 2017,Wed Oct 04 21:39:05 +0000 2017,Wed Oct 04 21:44:34 +0000 2017,,,,,,,,,,,,,,,,Delta has flown two humanitarian flights to Puerto Rico this week with a third flight planned for tomorrow.,"@Delta We have 15,000+ lbs to be deliver from SFO to Aguadilla, PR. Love to speak with anyone @Delta who can help. https://t.co/MdDNPFW7R0",@158160 Please contact SFO cargo dept at 650-876-8295. Thank you.  *TMT,@Delta Will do. Thank you for your quick response. 🇵🇷,@158160 You're welcome. *TMT,,,,,,,,,,,,,,,,2025-09-27T02:21:54.928Z,job_20250927_012637,2
68d74a797222cee3d33c86ac,1013,68ce563352b33355379dfe39,Complaint regarding Technical Support,Complaint,Technical Support,Negative,,184043,184042,184041,184040,184039,184038,184036,184035,184033,184032,184030,184028,184029,,,,,,,,159302,Delta,159302,Delta,159302,Delta,159302,Delta,159302,Delta,159302,Delta,159302,,,,,,,,Customer,Service Provider,Customer,Service Provider,Customer,Service Provider,Customer,Service Provider,Customer,Service Provider,Customer,Service Provider,Customer,,,,,,,,true,false,true,false,true,false,true,false,true,false,true,false,true,,,,,,,,Wed Oct 04 15:56:14 +0000 2017,Wed Oct 04 16:39:10 +0000 2017,Wed Oct 04 17:16:47 +0000 2017,Wed Oct 04 17:21:06 +0000 2017,Wed Oct 04 17:21:47 +0000 2017,Wed Oct 04 17:34:37 +0000 2017,Wed Oct 04 17:35:42 +0000 2017,Wed Oct 04 19:08:31 +0000 2017,Wed Oct 04 19:47:29 +0000 2017,Wed Oct 04 20:00:12 +0000 2017,Wed Oct 04 21:05:12 +0000 2017,Wed Oct 04 21:23:29 +0000 2017,Wed Oct 04 21:24:27 +0000 2017,,,,,,,,"So glad that @Delta is offering in-flight messaging now, if only they would upgrade their customer service too!",@159302 Our goal is to provide a consistently reliable product and an exemplary level of customer service.  *TJM,"@Delta My problem still hasn't been addressed, let alone fixed, and phone calls have not be answered or returned","@159302 Hi Tori, I would be happy to assist is this regarding a current reservation? If so could you DM your confirmation number?   *TJM","@Delta No, it's from an issue that is 2 weeks old, which makes it even more frustrating.","@159302 With it being so long ago it should go through our Customer Care department. I have a phone number 1-800-455-2720. Thank you,   *TJM",@Delta We've already talked to CC &amp; been elevated up 2 additional levels. Disappointed that we cant get a resolution on what was promised to us.,@159302 ...trying and look into this further for you. Thank you.  *HRO 2/2,@Delta We filled it out on 9/27,@159302 ...back up with you. Thank you.  *HRO 2/2,@Delta Do you mean the email I just got that says they can't refund my plane ticket? Which is not something I am asking for? Infuriating.,@159302 ...them at  1-800-455-2720. Thank you.  *HRO 2/2,"@Delta Oh, I will be calling tonight. I've cleared my schedule and I'm ready for battle.",,,,,,,,2025-09-27T02:22:49.094Z,job_20250927_012637,2
68d74a8a7222cee3d33c86ad,1017,68ce563352b33355379dfe3d,Complaint regarding Travel,Complaint,Travel,Neutral,,185068,185066,185067,185069,,,,,,,,,,,,,,,,,159527,Delta,159527,Delta,,,,,,,,,,,,,,,,,Customer,Service Provider,Customer,Service Provider,,,,,,,,,,,,,,,,,true,false,true,false,,,,,,,,,,,,,,,,,Thu Oct 12 00:00:37 +0000 2017,Thu Oct 12 01:08:23 +0000 2017,Thu Oct 12 03:40:28 +0000 2017,Thu Oct 12 03:43:30 +0000 2017,,,,,,,,,,,,,,,,,@Delta I submitted a complaint about delayed travel 3 weeks ago but haven't heard anything in return.,@159527 Hi there. Our apologies for the delayed response. Our Customer Care team has a response time of 30 business days.  *ALA,@Delta Okay thanks. I'll give them another week before inquiring.,@159527 Enjoy your evening! *ABN,,,,,,,,,,,,,,,,,2025-09-27T02:23:06.897Z,job_20250927_012637,2
68d74aa47222cee3d33c86ae,1025,68ce563352b33355379dfe45,Cancel Order regarding Travel/Flights,Cancel Order,Travel/Flights,Neutral,,185352,185350,185349,185348,185347,185346,,,,,,,,,,,,,,,159588,159588,159588,Delta,159588,Delta,,,,,,,,,,,,,,,Customer,Customer,Customer,Service Provider,Customer,Service Provider,,,,,,,,,,,,,,,true,true,true,false,true,false,,,,,,,,,,,,,,,Tue Oct 24 17:20:42 +0000 2017,Tue Oct 24 17:21:58 +0000 2017,Tue Oct 24 17:23:18 +0000 2017,Tue Oct 24 17:26:01 +0000 2017,Tue Oct 24 17:49:41 +0000 2017,Tue Oct 24 17:50:59 +0000 2017,,,,,,,,,,,,,,,@Delta  I’m about to go crazy dear https://t.co/ZYJfJy9AqB Number25664005. Trying to cancel my flight with the risk free cancellation but...,@Delta I’m in Europe right now and apparently there’s no skymiles customer service in Europe. Tried calling the US number and the wait time is 2hrs,@Delta Please help :),@159588 Hello. Pls follow/DM your confirm #.  *ARD,@Delta My friend in New York fixed it. Thank you :),@159588 You're welcome.  *ARD,,,,,,,,,,,,,,,2025-09-27T02:23:32.073Z,job_20250927_012637,2
68d74abc7222cee3d33c86af,1027,68ce563352b33355379dfe47,Order Status regarding Travel/Flight,Order Status,Travel/Flight,Neutral,,185359,185358,185357,185356,,,,,,,,,,,,,,,,,159590,Delta,159590,Delta,,,,,,,,,,,,,,,,,Customer,Service Provider,Customer,Service Provider,,,,,,,,,,,,,,,,,true,false,true,false,,,,,,,,,,,,,,,,,Tue Oct 24 17:25:25 +0000 2017,Tue Oct 24 17:29:50 +0000 2017,Tue Oct 24 17:42:31 +0000 2017,Tue Oct 24 17:48:56 +0000 2017,,,,,,,,,,,,,,,,,Hey @Delta what you going to give a loyal medallion member for 6 hours of delays and a day of missed business meetings? I’m all ears,"@159590 Mitchell, I do apologize for the delays you are experiencing today. Regretfully, we would be unable to offer any compensation as your... 1/2","@Delta How about some free MQM won’t cost you anything let’s start at 15,000",@159590 I'm sorry but we won't be able to compensate with anything due to this delay as it is out of Delta's control. *TBW,,,,,,,,,,,,,,,,,2025-09-27T02:23:56.970Z,job_20250927_012637,2
68d74ad47222cee3d33c86b0,1028,68ce563352b33355379dfe48,Order Status regarding Orders,Order Status,Orders,Neutral,,185365,185362,185363,185366,185367,,,,,,,,,,,,,,,,159591,Delta,159591,159591,Delta,,,,,,,,,,,,,,,,Customer,Service Provider,Customer,Customer,Service Provider,,,,,,,,,,,,,,,,true,false,true,true,false,,,,,,,,,,,,,,,,Tue Oct 24 17:40:12 +0000 2017,Tue Oct 24 17:47:05 +0000 2017,Tue Oct 24 17:54:08 +0000 2017,Tue Oct 24 17:55:08 +0000 2017,Tue Oct 24 21:45:30 +0000 2017,,,,,,,,,,,,,,,,@delta please check your email systems. 4 failed attempts to send ticket refund confirmation from your call center.,"@159591 Hello, Joe! How may I assist you? *TCC",@Delta I've effectively canceled my reservation and been issued a refund for my flights. But yet to receive any confirmation via email.,@Delta I would love to know that it's been processed. \n\nI'd hate if your refund system worked as well as your email system.,"@159591 Hi, Joe. Pls follow/DM your ticket #, so I may take a look. *AAB",,,,,,,,,,,,,,,,2025-09-27T02:24:20.928Z,job_20250927_012637,2
68d74ae67222cee3d33c86b1,1031,68ce563352b33355379dfe4b,Technical Support regarding Account/Billing,Technical Support,Account/Billing,Negative,,185780,185779,,,,,,,,,,,,,,,,,,,159696,Delta,,,,,,,,,,,,,,,,,,,Customer,Service Provider,,,,,,,,,,,,,,,,,,,true,false,,,,,,,,,,,,,,,,,,,Wed Oct 04 20:38:28 +0000 2017,Wed Oct 04 21:15:11 +0000 2017,,,,,,,,,,,,,,,,,,,@Delta I hit platinum today and still no upgrades.  What happened?  Seriously I used to get 3 out of 4 flights? Well here is to spending 30k,"@159696 ...such as Medallion status, Fare class grouping, and Date and time of upgrade request.  *HYC 2/2",,,,,,,,,,,,,,,,,,,2025-09-27T02:24:38.703Z,job_20250927_012637,2
68d74af57222cee3d33c86b2,1033,68ce563352b33355379dfe4d,Technical Support regarding General,Technical Support,General,Neutral,,185790,185789,,,,,,,,,,,,,,,,,,,159698,Delta,,,,,,,,,,,,,,,,,,,Customer,Service Provider,,,,,,,,,,,,,,,,,,,true,false,,,,,,,,,,,,,,,,,,,Wed Oct 04 21:10:30 +0000 2017,Wed Oct 04 21:12:02 +0000 2017,,,,,,,,,,,,,,,,,,,"@Delta @824 🆘 have a small window to talk, any chance you guys have someone I can talk to in under an hour? 🆘",@159698 2/2 https://t.co/6iDGBJAc2m,,,,,,,,,,,,,,,,,,,2025-09-27T02:24:53.172Z,job_20250927_012637,2
68d74b047222cee3d33c86b3,1038,68ce563352b33355379dfe52,Technical Support regarding Travel,Technical Support,Travel,Neutral,,185868,185867,,,,,,,,,,,,,,,,,,,159719,Delta,,,,,,,,,,,,,,,,,,,Customer,Service Provider,,,,,,,,,,,,,,,,,,,true,false,,,,,,,,,,,,,,,,,,,Wed Oct 04 21:06:36 +0000 2017,Wed Oct 04 21:07:36 +0000 2017,,,,,,,,,,,,,,,,,,,@Delta Gate agent to DL 1906.  We have been at gate for 10 minutes.,@159719 Hello! I am here to help. Could you provide your confirmation number via DM so I can take a look for you? Thanks. *TDL... 1/2,,,,,,,,,,,,,,,,,,,2025-09-27T02:25:08.487Z,job_20250927_012637,2
68d74b137222cee3d33c86b4,1046,68ce563352b33355379dfe5a,Feedback regarding General,Feedback,General,Positive,,186371,186370,,,,,,,,,,,,,,,,,,,159807,Delta,,,,,,,,,,,,,,,,,,,Customer,Service Provider,,,,,,,,,,,,,,,,,,,true,false,,,,,,,,,,,,,,,,,,,Wed Oct 04 20:48:32 +0000 2017,Wed Oct 04 20:50:08 +0000 2017,,,,,,,,,,,,,,,,,,,Aey @Delta the piano player playing Bennie and the Jets at DTW McNamara... aw yeahhh 😎,@159807 We're glad to hear that you are enjoying it. Thanks for choosing to fly with us. *AMC,,,,,,,,,,,,,,,,,,,2025-09-27T02:25:23.709Z,job_20250927_012637,2
68d74b257222cee3d33c86b5,1053,68ce563352b33355379dfe61,Technical Support regarding Travel,Technical Support,Travel,Neutral,,189471,189470,,,,,,,,,,,,,,,,,,,160431,Delta,,,,,,,,,,,,,,,,,,,Customer,Service Provider,,,,,,,,,,,,,,,,,,,true,false,,,,,,,,,,,,,,,,,,,Wed Oct 04 09:55:32 +0000 2017,Wed Oct 04 09:56:36 +0000 2017,,,,,,,,,,,,,,,,,,,@Delta Help! I'm flying to JFK from Brussels tomorrow and the app won't let me check in or add extra bags,"@160431 Hi, Jolien. Please DM us your confirmation number so we can look into this.  *ALA https://t.co/6iDGBJAc2m",,,,,,,,,,,,,,,,,,,2025-09-27T02:25:41.170Z,job_20250927_012637,2
68d74b3f7222cee3d33c86b6,1066,68ce563352b33355379dfe6e,Technical Support regarding Travel,Technical Support,Travel,Negative,,189506,189505,189503,189501,189502,,,,,,,,,,,,,,,,160444,Delta,160444,Delta,160444,,,,,,,,,,,,,,,,Customer,Service Provider,Customer,Service Provider,Customer,,,,,,,,,,,,,,,,true,false,true,false,true,,,,,,,,,,,,,,,,Wed Oct 04 05:09:32 +0000 2017,Wed Oct 04 05:10:52 +0000 2017,Wed Oct 04 05:21:57 +0000 2017,Wed Oct 04 05:28:17 +0000 2017,Tue Oct 10 03:28:17 +0000 2017,,,,,,,,,,,,,,,,Hey @Delta! Great job ruining many people's weekend at our friend's wedding in Michigan! I would expect nothing less from you. 👍,"@160444 We wish your experience was better than what's described, Jasa. Let us know if we can assist with your reservation.  *ALA",@Delta Maybe don't cancel everyone's flights each way and replace them with the worst flights you have to offer less than a month before the trip.,@160444 ...passenger based on the next available flights.  *AOS 2/2,@Delta Understand your auto system but maybe try notifying people that they're flights were changed so they can plan accordingly.,,,,,,,,,,,,,,,,2025-09-27T02:26:07.228Z,job_20250927_012637,2
68d74b4e7222cee3d33c86b7,1070,68ce563352b33355379dfe72,Other regarding General,Other,General,Neutral,,189521,189520,,,,,,,,,,,,,,,,,,,160447,Delta,,,,,,,,,,,,,,,,,,,Customer,Service Provider,,,,,,,,,,,,,,,,,,,true,false,,,,,,,,,,,,,,,,,,,Wed Oct 04 05:08:23 +0000 2017,Wed Oct 04 05:09:29 +0000 2017,,,,,,,,,,,,,,,,,,,hey @160448 @160449 @160450 here are your @delta cookies\n\nhttps://t.co/bjU6VXHPeP https://t.co/iKghNpV4CF,@160447 Nicholas!  Thanks for the pic! *ALY,,,,,,,,,,,,,,,,,,,2025-09-27T02:26:22.704Z,job_20250927_012637,2
68d74b657222cee3d33c86b8,1071,68ce563352b33355379dfe73,Technical Support regarding Travel/Flight,Technical Support,Travel/Flight,Negative,,189524,189522,189523,189525,,,,,,,,,,,,,,,,,160451,Delta,160451,Delta,,,,,,,,,,,,,,,,,Customer,Service Provider,Customer,Service Provider,,,,,,,,,,,,,,,,,true,false,true,false,,,,,,,,,,,,,,,,,Wed Oct 04 04:39:55 +0000 2017,Wed Oct 04 04:51:19 +0000 2017,Wed Oct 04 04:52:31 +0000 2017,Wed Oct 04 04:53:54 +0000 2017,,,,,,,,,,,,,,,,,4 hours and 20 minutes plus more then 20 minutes @Delta where are my bags?,"@160451 Hi, Kevin. Have you filed a claim for your baggage?  *HDG",@Delta Really?  We are all standing here with baited breath. That would be a lot of claims. Do you attach to twitter handle like delta assist did?,@160451 I didn't quite understand your previous tweet. Have you been waiting at baggage claim for four hours? Please clarify.  *HDG,,,,,,,,,,,,,,,,,2025-09-27T02:26:45.087Z,job_20250927_012637,2
68d74b797222cee3d33c86b9,1075,68ce563352b33355379dfe77,Order Status regarding Orders,Order Status,Orders,Neutral,,200559,200557,200558,200560,,,,,,,,,,,,,,,,,163325,Delta,163325,Delta,,,,,,,,,,,,,,,,,Customer,Service Provider,Customer,Service Provider,,,,,,,,,,,,,,,,,true,false,true,false,,,,,,,,,,,,,,,,,Wed Oct 04 19:39:02 +0000 2017,Wed Oct 04 19:40:18 +0000 2017,Wed Oct 04 19:42:16 +0000 2017,Wed Oct 04 19:44:21 +0000 2017,,,,,,,,,,,,,,,,,@Delta Requested a status match is there any way to check on the status? Can provide my Skymiles account via PM.,"@163325 Hi Alex, have you received that it has been accepted yet? *TJM","@Delta No, i have not. I'm flying out next week on a few trips in Asia and wanted to make sure it was before I flew out.","@163325 Alex I would need your SkyMiles number, please. *TJM",,,,,,,,,,,,,,,,,2025-09-27T02:27:05.894Z,job_20250927_012637,2
68d74b8a7222cee3d33c86ba,1080,68ce563352b33355379dfe7c,Product Information regarding Product Info,Product Information,Product Info,Neutral,,200574,200573,,,,,,,,,,,,,,,,,,,163331,Delta,,,,,,,,,,,,,,,,,,,Customer,Service Provider,,,,,,,,,,,,,,,,,,,true,false,,,,,,,,,,,,,,,,,,,Wed Oct 04 19:31:14 +0000 2017,Wed Oct 04 19:32:52 +0000 2017,,,,,,,,,,,,,,,,,,,"@Delta, if I want to use my skymiles to book a flight, does the traveler have to be me? Can I book a flight using my SM for someone else?",@163331 Thanks for reaching out to us. You can use your SkyMiles to book a trip for anybody. *AMC,,,,,,,,,,,,,,,,,,,2025-09-27T02:27:22.053Z,job_20250927_012637,2
68d74b987222cee3d33c86bb,1083,68ce563352b33355379dfe7f,Technical Support regarding General,Technical Support,General,Negative,,200584,200583,,,,,,,,,,,,,,,,,,,163335,Delta,,,,,,,,,,,,,,,,,,,Customer,Service Provider,,,,,,,,,,,,,,,,,,,true,false,,,,,,,,,,,,,,,,,,,Wed Oct 04 19:04:22 +0000 2017,Wed Oct 04 19:16:47 +0000 2017,,,,,,,,,,,,,,,,,,,@Delta why only 3 people working sky ✔️in @ term 4. This is crazy. Get some more help!,@163335 My apology for the staffing. Hope you are on your way soon! *HDV,,,,,,,,,,,,,,,,,,,2025-09-27T02:27:36.252Z,job_20250927_012637,2
68d74ba77222cee3d33c86bc,1088,68ce563352b33355379dfe84,Feedback regarding Customer Service,Feedback,Customer Service,Positive,,200609,200608,,,,,,,,,,,,,,,,,,,163341,Delta,,,,,,,,,,,,,,,,,,,Customer,Service Provider,,,,,,,,,,,,,,,,,,,true,false,,,,,,,,,,,,,,,,,,,Wed Oct 04 18:59:23 +0000 2017,Wed Oct 04 19:02:57 +0000 2017,,,,,,,,,,,,,,,,,,,@Delta Please give the attendant working the desk at gate B49 at JFK a raise or promotion. Excellent customer service. Thank u.,"@163341 Thanks, Dean, for the shout out. I will forward your kind words to the JFK leadership team. Have a great evening! *TJF",,,,,,,,,,,,,,,,,,,2025-09-27T02:27:51.902Z,job_20250927_012637,2
68d74bb97222cee3d33c86bd,1093,68ce563352b33355379dfe89,Technical Support regarding Travel,Technical Support,Travel,Negative,,200626,200625,,,,,,,,,,,,,,,,,,,163345,Delta,,,,,,,,,,,,,,,,,,,Customer,Service Provider,,,,,,,,,,,,,,,,,,,true,false,,,,,,,,,,,,,,,,,,,Wed Oct 04 18:41:56 +0000 2017,Wed Oct 04 18:47:39 +0000 2017,,,,,,,,,,,,,,,,,,,"Delta Airlines is not allowing PR residents to leave the island w/their pets. Pets are being abandoned! Contact Delta! @163346, @Delta",@163345 Please see the attached link that details how Delta is helping with pets &amp; PR.  Thanks! https://t.co/8iZubLyf6k *TJF,,,,,,,,,,,,,,,,,,,2025-09-27T02:28:09.369Z,job_20250927_012637,2
68d74bc67222cee3d33c86be,1098,68ce563352b33355379dfe8e,Other regarding General,Other,General,Neutral,,200640,200639,,,,,,,,,,,,,,,,,,,163352,Delta,,,,,,,,,,,,,,,,,,,Customer,Service Provider,,,,,,,,,,,,,,,,,,,true,false,,,,,,,,,,,,,,,,,,,Wed Oct 04 18:31:22 +0000 2017,Wed Oct 04 18:42:22 +0000 2017,,,,,,,,,,,,,,,,,,,@Delta Traveling causes unexpected surprises https://t.co/RICYEGhrA7,"@163352 Awesome photo, Maggie. Thanks for sharing.  *TJF",,,,,,,,,,,,,,,,,,,2025-09-27T02:28:22.234Z,job_20250927_012637,2
68d74bd27222cee3d33c86bf,1104,68ce563352b33355379dfe94,Feedback regarding General,Feedback,General,Positive,,200707,200706,,,,,,,,,,,,,,,,,,,163373,Delta,,,,,,,,,,,,,,,,,,,Customer,Service Provider,,,,,,,,,,,,,,,,,,,true,false,,,,,,,,,,,,,,,,,,,Wed Oct 04 18:18:17 +0000 2017,Wed Oct 04 18:35:58 +0000 2017,,,,,,,,,,,,,,,,,,,Free lunch on my flight sfo to Bos!  Nice. Thank you @delta!,@163373 What a treat! Glad you enjoyed it. 😋 *TJE,,,,,,,,,,,,,,,,,,,2025-09-27T02:28:34.712Z,job_20250927_012637,2
68d74be27222cee3d33c86c0,1106,68ce563352b33355379dfe96,Technical Support regarding Orders,Technical Support,Orders,Neutral,,200717,200716,,,,,,,,,,,,,,,,,,,163375,Delta,,,,,,,,,,,,,,,,,,,Customer,Service Provider,,,,,,,,,,,,,,,,,,,true,false,,,,,,,,,,,,,,,,,,,Wed Oct 04 18:22:24 +0000 2017,Wed Oct 04 18:30:47 +0000 2017,,,,,,,,,,,,,,,,,,,"@Delta I’ve dm’d you, please check and respond ASAP thanks","@163375 Hi Chris, we'd be happy to help. That confirm # is not working. Do you have a ticket # or flight # and date of travel? *TJW",,,,,,,,,,,,,,,,,,,2025-09-27T02:28:50.112Z,job_20250927_012637,2
68d74bee7222cee3d33c86c1,1113,68ce563352b33355379dfe9d,Feedback regarding General,Feedback,General,Positive,,200737,200736,,,,,,,,,,,,,,,,,,,163382,Delta,,,,,,,,,,,,,,,,,,,Customer,Service Provider,,,,,,,,,,,,,,,,,,,true,false,,,,,,,,,,,,,,,,,,,Wed Oct 04 17:54:49 +0000 2017,Wed Oct 04 18:08:12 +0000 2017,,,,,,,,,,,,,,,,,,,Finally made it to silver medallion status 💙💙💙 @Delta,@163382 Congratulations!! Thanks for continuing to fly with us. ✈ *AMC,,,,,,,,,,,,,,,,,,,2025-09-27T02:29:02.353Z,job_20250927_012637,2
68d74bfd7222cee3d33c86c2,1116,68ce563352b33355379dfea0,Order Status regarding Orders,Order Status,Orders,Neutral,,200750,200749,,,,,,,,,,,,,,,,,,,163388,Delta,,,,,,,,,,,,,,,,,,,Customer,Service Provider,,,,,,,,,,,,,,,,,,,true,false,,,,,,,,,,,,,,,,,,,Wed Oct 04 17:32:12 +0000 2017,Wed Oct 04 18:03:58 +0000 2017,,,,,,,,,,,,,,,,,,,@Delta I have a case # regarding a situation. Is there a place online to plug in the case # for a status update? Thank you.,@163388 Unfortunalley not. What is date the case was made pls? *HRO,,,,,,,,,,,,,,,,,,,2025-09-27T02:29:17.124Z,job_20250927_012637,2
68d74c137222cee3d33c86c3,1120,68ce563352b33355379dfea4,Order Status regarding Shipping/Delivery,Order Status,Shipping/Delivery,Neutral,,200860,200859,200857,200858,,,,,,,,,,,,,,,,,163419,163418,Delta,163418,,,,,,,,,,,,,,,,,Customer,Customer,Service Provider,Customer,,,,,,,,,,,,,,,,,true,true,false,true,,,,,,,,,,,,,,,,,Wed Oct 04 23:28:36 +0000 2017,Wed Oct 04 23:42:06 +0000 2017,Wed Oct 04 23:47:48 +0000 2017,Wed Oct 04 23:57:12 +0000 2017,,,,,,,,,,,,,,,,,@Delta AirFrance flt 681 delayed. New flt #8517. Need new flt from CDG to TVL. Please advise.,"@163419 @Delta Hey , is the flight AF 681 delayed? My mother in law is on it and will also miss her flight to TLV! please advice","@163418 Hi, can you DM her confirmation number? I will be glad to help. *TBT","@Delta I did , did you receive the information?",,,,,,,,,,,,,,,,,2025-09-27T02:29:39.008Z,job_20250927_012637,2
68d74c217222cee3d33c86c4,1122,68ce563352b33355379dfea6,Feedback regarding General,Feedback,General,Positive,,200870,200869,,,,,,,,,,,,,,,,,,,163422,Delta,,,,,,,,,,,,,,,,,,,Customer,Service Provider,,,,,,,,,,,,,,,,,,,true,false,,,,,,,,,,,,,,,,,,,Wed Oct 04 23:45:41 +0000 2017,Wed Oct 04 23:47:17 +0000 2017,,,,,,,,,,,,,,,,,,,@Delta wanted to thank Delta for allowing my wife and I to get a flight back from Vegas early after the tragedy with no charge. Classy.,@163422 We are always here to assist.  *ALA,,,,,,,,,,,,,,,,,,,2025-09-27T02:29:53.988Z,job_20250927_012637,2
68d74c3a7222cee3d33c86c5,1124,68ce563352b33355379dfea8,Order Status regarding Travel/Transportation,Order Status,Travel/Transportation,Neutral,,200882,200880,200879,200878,200877,,,,,,,,,,,,,,,,163424,163424,Delta,163424,Delta,,,,,,,,,,,,,,,,Customer,Customer,Service Provider,Customer,Service Provider,,,,,,,,,,,,,,,,true,true,false,true,false,,,,,,,,,,,,,,,,Wed Oct 04 22:08:29 +0000 2017,Wed Oct 04 22:10:56 +0000 2017,Wed Oct 04 22:38:07 +0000 2017,Wed Oct 04 23:35:47 +0000 2017,Wed Oct 04 23:46:30 +0000 2017,,,,,,,,,,,,,,,,@Delta flt 1346 arrives ATL 7:08p any chance to get out on flt 1213 PNS 7:39p?,@Delta But please retain the later fly in case we cannot get to a gate with 1346. Please?  And thank you ❤,@163424 ...place.  *HVI 2/2,@Delta Thank you.  Gate agent said 25 D double booked but cleared it and wouldn't let me take 18D which flew vacant,@163424 Oh boy :/ so sorry for the trouble.  *HVI,,,,,,,,,,,,,,,,2025-09-27T02:30:18.595Z,job_20250927_012637,2
68d74c4d7222cee3d33c86c6,1128,68ce563352b33355379dfeac,Order Status regarding Travel,Order Status,Travel,Neutral,,200891,200890,,,,,,,,,,,,,,,,,,,163428,Delta,,,,,,,,,,,,,,,,,,,Customer,Service Provider,,,,,,,,,,,,,,,,,,,true,false,,,,,,,,,,,,,,,,,,,Wed Oct 04 23:38:02 +0000 2017,Wed Oct 04 23:38:58 +0000 2017,,,,,,,,,,,,,,,,,,,@delta on flight DL3443(delayed) to JFK to connect to DL0468 to TLV any idea if me and my luggage will make it on the flight?,@163428 Hi there. Please follow and DM confirmation number.  *AST https://t.co/6iDGBJAc2m,,,,,,,,,,,,,,,,,,,2025-09-27T02:30:37.818Z,job_20250927_012637,2
68d74c5d7222cee3d33c86c7,1131,68ce563352b33355379dfeaf,Feedback regarding General,Feedback,General,Positive,,200995,200994,,,,,,,,,,,,,,,,,,,163456,Delta,,,,,,,,,,,,,,,,,,,Customer,Service Provider,,,,,,,,,,,,,,,,,,,true,false,,,,,,,,,,,,,,,,,,,Wed Oct 04 23:29:10 +0000 2017,Wed Oct 04 23:30:20 +0000 2017,,,,,,,,,,,,,,,,,,,"3 days, 3 flights! Thx @Delta for the upgrade &amp; flawless flights! #friendlyskies Nice to be home @153480 https://t.co/lsJvsTcrfq",@163456 Thanks for choosing us for your travel needs!  *HDG,,,,,,,,,,,,,,,,,,,2025-09-27T02:30:53.049Z,job_20250927_012637,2
68d74c827222cee3d33c86c8,1132,68ce563352b33355379dfeb0,Order Status regarding Travel/Flights,Order Status,Travel/Flights,Positive,,201030,201029,201028,201027,201019,201017,201018,201020,201021,,,,,,,,,,,,163463,Delta,163463,Delta,163463,Delta,163463,Delta,163463,,,,,,,,,,,,Customer,Service Provider,Customer,Service Provider,Customer,Service Provider,Customer,Service Provider,Customer,,,,,,,,,,,,true,false,true,false,true,false,true,false,true,,,,,,,,,,,,Wed Oct 04 23:17:59 +0000 2017,Wed Oct 04 23:20:35 +0000 2017,Wed Oct 04 23:22:21 +0000 2017,Wed Oct 04 23:23:45 +0000 2017,Wed Oct 04 23:27:46 +0000 2017,Wed Oct 04 23:28:16 +0000 2017,Thu Oct 05 10:45:36 +0000 2017,Thu Oct 05 10:47:30 +0000 2017,Thu Oct 05 10:54:57 +0000 2017,,,,,,,,,,,,@delta your phonenumber is out of order!Can you give me an update about the flight at 5 oct from SJO to Lax Because red alert,"@163463 Hi Marije. Flight DL 1396 is showing on time, departing SJO at 9:00 am and arriving LAX at 2:05 pm.  *TMS",@Delta @delta Thx!great😍Where can i find an update tomorrow morning?,"@163463 You can tweet us again, and we will be happy to let you know about the flight. *TMS",@Delta What a Great service! @delta 👍👍,@163463 Thank you so much! Happy to help. Have a great evening.  *TMS,@Delta And the flights from San José Costa Rica are on schedule?,@163463 Hi. Is there a specific flight that I may check for you? *ATJ,@Delta @Delta is SJO- Lax 9:00 am on schedule?,,,,,,,,,,,,2025-09-27T02:31:30.261Z,job_20250927_012637,2
68d74c987222cee3d33c86c9,1135,68ce563352b33355379dfeb3,Complaint regarding General,Complaint,General,Negative,,201161,201160,,,,,,,,,,,,,,,,,,,163487,Delta,,,,,,,,,,,,,,,,,,,Customer,Service Provider,,,,,,,,,,,,,,,,,,,true,false,,,,,,,,,,,,,,,,,,,Wed Oct 04 23:11:50 +0000 2017,Wed Oct 04 23:19:32 +0000 2017,,,,,,,,,,,,,,,,,,,"@Delta SFO Gate 44 11:50 pm to LAX. Not helpful at all. Older, cranky, agent Didn't even try! Do you even teach them to smile? https://t.co/pO9NW0U4Zi",@163487 My apologies. We expect our team to be kind and courteous at all times. I’m so sorry we've disappointed you. *AAB,,,,,,,,,,,,,,,,,,,2025-09-27T02:31:52.599Z,job_20250927_012637,2
68d74ca67222cee3d33c86ca,1141,68ce563352b33355379dfeb9,Feedback regarding General,Feedback,General,Positive,,201184,201183,,,,,,,,,,,,,,,,,,,163494,Delta,,,,,,,,,,,,,,,,,,,Customer,Service Provider,,,,,,,,,,,,,,,,,,,true,false,,,,,,,,,,,,,,,,,,,Wed Oct 04 22:53:54 +0000 2017,Wed Oct 04 22:55:15 +0000 2017,,,,,,,,,,,,,,,,,,,Another reason why I love @Delta https://t.co/Ruk0LFigb7,"@163494 Awe, thanks! We ❤ you too. Thanks for the mention.  *AST",,,,,,,,,,,,,,,,,,,2025-09-27T02:32:06.928Z,job_20250927_012637,2
68d74cb87222cee3d33c86cb,1144,68ce563352b33355379dfebc,Feedback regarding General,Feedback,General,Positive,,201196,201195,201194,,,,,,,,,,,,,,,,,,142008,163497,Delta,,,,,,,,,,,,,,,,,,Customer,Customer,Service Provider,,,,,,,,,,,,,,,,,,true,true,false,,,,,,,,,,,,,,,,,,Wed Oct 04 15:12:53 +0000 2017,Wed Oct 04 22:46:29 +0000 2017,Wed Oct 04 22:49:40 +0000 2017,,,,,,,,,,,,,,,,,,.@Delta employee breast cancer survivors kicked off #BreastCancerAwarenessMonth on the 'Breast Cancer One' flight https://t.co/qtIQt1EsBR https://t.co/HI13I0anZj,@142008 @Delta Love 💕you all!!!!,"@163497 Delta loves yo, Sharon! ❤ *AST",,,,,,,,,,,,,,,,,,2025-09-27T02:32:24.645Z,job_20250927_012637,2
68d74cc87222cee3d33c86cc,1146,68ce563352b33355379dfebe,Technical Support regarding Travel,Technical Support,Travel,Negative,,201203,201202,,,,,,,,,,,,,,,,,,,163499,Delta,,,,,,,,,,,,,,,,,,,Customer,Service Provider,,,,,,,,,,,,,,,,,,,true,false,,,,,,,,,,,,,,,,,,,Wed Oct 04 22:36:53 +0000 2017,Wed Oct 04 22:44:06 +0000 2017,,,,,,,,,,,,,,,,,,,dl1453 @delta another plane with air that didn't work me &amp; hubby sweating  tow 12,@163499 Oh no! So sorry for that. Could you provide your confirmation number via DM so I can assist?  *TDL https://t.co/6iDGBJAc2m,,,,,,,,,,,,,,,,,,,2025-09-27T02:32:40.798Z,job_20250927_012637,2
68d74cd67222cee3d33c86cd,1147,68ce563352b33355379dfebf,Other regarding Technical,Other,Technical,Neutral,,201284,,,,,,,,,,,,,,,,,,,,121917,,,,,,,,,,,,,,,,,,,,Customer,,,,,,,,,,,,,,,,,,,,true,,,,,,,,,,,,,,,,,,,,Wed Oct 04 20:58:10 +0000 2017,,,,,,,,,,,,,,,,,,,,Catching up to @Delta flight DL75 over the Atlantic. Plus a little spit of land in the middle of nowhere!\n@British_Airways #777 #contrails https://t.co/1bqQCeSAey,,,,,,,,,,,,,,,,,,,,2025-09-27T02:32:54.167Z,job_20250927_012637,2
68d74ce37222cee3d33c86ce,1153,68ce563352b33355379dfec5,Technical Support regarding Technical,Technical Support,Technical,Negative,,202835,202834,,,,,,,,,,,,,,,,,,,163986,Delta,,,,,,,,,,,,,,,,,,,Customer,Service Provider,,,,,,,,,,,,,,,,,,,true,false,,,,,,,,,,,,,,,,,,,Wed Oct 04 16:56:18 +0000 2017,Wed Oct 04 17:17:32 +0000 2017,,,,,,,,,,,,,,,,,,,@Delta extremely annoyed by inability to check in even though I have previously verified all required info. Need to speak to someone,"@163986 Hi, Sumita. Pls follow/DM your conf # for assistance. *AAB",,,,,,,,,,,,,,,,,,,2025-09-27T02:33:07.986Z,job_20250927_012637,2
68d74cf47222cee3d33c86cf,1155,68ce563352b33355379dfec7,Technical Support regarding Travel Experience,Technical Support,Travel Experience,Negative,,202839,202838,,,,,,,,,,,,,,,,,,,163988,Delta,,,,,,,,,,,,,,,,,,,Customer,Service Provider,,,,,,,,,,,,,,,,,,,true,false,,,,,,,,,,,,,,,,,,,Wed Oct 04 16:48:10 +0000 2017,Wed Oct 04 17:16:44 +0000 2017,,,,,,,,,,,,,,,,,,,Thank you @Delta for allowing me to clean my own seat on flight 2252 out of SLC. #groundcrewfail,"@163988 Hi there, oh no! I'm so very sorry to hear this, I will report this to our cabin maintenance leadership team.  *TRR",,,,,,,,,,,,,,,,,,,2025-09-27T02:33:24.351Z,job_20250927_012637,2
68d74cfe7222cee3d33c86d0,1166,68ce563352b33355379dfed2, regarding ,,,,,202872,202871,,,,,,,,,,,,,,,,,,,163999,Delta,,,,,,,,,,,,,,,,,,,Customer,Service Provider,,,,,,,,,,,,,,,,,,,true,false,,,,,,,,,,,,,,,,,,,Wed Oct 04 16:07:13 +0000 2017,Wed Oct 04 16:54:36 +0000 2017,,,,,,,,,,,,,,,,,,,@Delta Thanks for the pretty views this morning DTW🛫ALB https://t.co/4W3dwYdQzW,@163999 You're welcome. Enjoy your flight! *TJH,,,,,,,,,,,,,,,,,,,2025-09-27T02:33:34.484Z,job_20250927_012637,2
68d74d0e7222cee3d33c86d1,1170,68ce563352b33355379dfed6,Complaint regarding General,Complaint,General,Negative,,202880,202879,,,,,,,,,,,,,,,,,,,164003,Delta,,,,,,,,,,,,,,,,,,,Customer,Service Provider,,,,,,,,,,,,,,,,,,,true,false,,,,,,,,,,,,,,,,,,,Wed Oct 04 15:42:19 +0000 2017,Wed Oct 04 16:46:37 +0000 2017,,,,,,,,,,,,,,,,,,,I appreciate them calling me back a month later 2 talk about a complaint but really @Delta I don't need 7 urgent calls..it's not even urgent,@164003 I am so sorry and have forwarded your comments to Customer Care. Thank you for your patience.  *TJM,,,,,,,,,,,,,,,,,,,2025-09-27T02:33:50.388Z,job_20250927_012637,2
68d74d1f7222cee3d33c86d2,1174,68ce563352b33355379dfeda,Technical Support regarding Travel,Technical Support,Travel,Neutral,,202889,202888,,,,,,,,,,,,,,,,,,,164007,Delta,,,,,,,,,,,,,,,,,,,Customer,Service Provider,,,,,,,,,,,,,,,,,,,true,false,,,,,,,,,,,,,,,,,,,Wed Oct 04 15:35:22 +0000 2017,Wed Oct 04 16:43:27 +0000 2017,,,,,,,,,,,,,,,,,,,"Landed about 20min ago, sitting on a stuffy plane while there is 5 gates open at Cedar Rapids airport...""not enough gate staff"" @Delta https://t.co/9ZYYYkpeNh","@164007 We're working hard to get you on your way ASAP! Thanks for hanging in there, Sam. *AAB",,,,,,,,,,,,,,,,,,,2025-09-27T02:34:07.336Z,job_20250927_012637,2
68d74d2e7222cee3d33c86d3,1176,68ce563352b33355379dfedc,Technical Support regarding Travel,Technical Support,Travel,Neutral,,202893,202892,,,,,,,,,,,,,,,,,,,164009,Delta,,,,,,,,,,,,,,,,,,,Customer,Service Provider,,,,,,,,,,,,,,,,,,,true,false,,,,,,,,,,,,,,,,,,,Wed Oct 04 15:46:21 +0000 2017,Wed Oct 04 16:22:40 +0000 2017,,,,,,,,,,,,,,,,,,,"@Delta this diamond is praying to the Porsche gods on my really tight layover in Detroit today. Landing in B1 on DL6181, depart A76 on DL325",@164009 ...but will try my best.  *HRO 2/2,,,,,,,,,,,,,,,,,,,2025-09-27T02:34:22.571Z,job_20250927_012637,2
68d74d4e7222cee3d33c86d4,1183,68ce563352b33355379dfee3,Technical Support regarding Travel,Technical Support,Travel,Negative,,206257,206256,206255,206254,,,,,,,,,,,,,,,,,164835,Delta,164835,Delta,,,,,,,,,,,,,,,,,Customer,Service Provider,Customer,Service Provider,,,,,,,,,,,,,,,,,true,false,true,false,,,,,,,,,,,,,,,,,Wed Nov 01 19:00:37 +0000 2017,Wed Nov 01 21:00:57 +0000 2017,Wed Nov 01 22:03:46 +0000 2017,Wed Nov 01 22:45:57 +0000 2017,,,,,,,,,,,,,,,,,@Delta just finished traveling and I was on two 737 (ATL-LAX).  Why is this plane so hot?  The red eye back to ATL this AM was about 90!,@164835 Hello. I am sorry to hear the flights were uncomfortable. Thanks for the feedback. I will forward to leadership for review. Thanks! *TJF,@Delta Actually the 7:25 on 10/31 was ATL to LAX.  The return was the 10:50 SEA to ATL.  Thanks for checking into it.  Also personal air was weak.,@164835 Thanks again for your feedback and for flying with us today. *AAB,,,,,,,,,,,,,,,,,2025-09-27T02:34:54.265Z,job_20250927_012637,2
68d74d677222cee3d33c86d5,1186,68ce563352b33355379dfee6,Technical Support regarding Travel,Technical Support,Travel,Neutral,,207003,207002,207000,206998,206999,207001,,,,,,,,,,,,,,,165011,Delta,165011,Delta,165011,Delta,,,,,,,,,,,,,,,Customer,Service Provider,Customer,Service Provider,Customer,Service Provider,,,,,,,,,,,,,,,true,false,true,false,true,false,,,,,,,,,,,,,,,Fri Oct 06 20:12:21 +0000 2017,Fri Oct 06 20:19:04 +0000 2017,Fri Oct 06 22:33:17 +0000 2017,Fri Oct 06 22:38:59 +0000 2017,Sat Oct 07 11:54:48 +0000 2017,Sat Oct 07 12:10:33 +0000 2017,,,,,,,,,,,,,,,@824 @Delta On DL2265 to DL2544 tonight. First flight delayed. Would appreciate your track &amp; assist in making connect. #Diamond.,"@165011 ...over to the station and hopefully, we can assist getting you to the gate.   *HEC 2/2",@Delta Thank you. Fingers crossed and always appreciate the Delta difference.,@165011 Always a pleasure to tweet with you. 😊 *HEC,@Delta #skyclub breakfast https://t.co/KbU4KmwMwp,@165011 Thank you for being with us today.  *AMR,,,,,,,,,,,,,,,2025-09-27T02:35:19.501Z,job_20250927_012637,2
68d74d767222cee3d33c86d6,1187,68ce563352b33355379dfee7,Product Inquiry regarding Technical,Product Inquiry,Technical,Negative,,207006,207005,,,,,,,,,,,,,,,,,,,165012,Delta,,,,,,,,,,,,,,,,,,,Customer,Service Provider,,,,,,,,,,,,,,,,,,,true,false,,,,,,,,,,,,,,,,,,,Fri Oct 06 22:22:36 +0000 2017,Fri Oct 06 22:35:20 +0000 2017,,,,,,,,,,,,,,,,,,,I'm tryna book a flight and these @Delta servers wanna be acting up 😒,@165012 Oh no! I'm so sorry to hear that Stephanie. I'd be happy to assist you with booking your. *TJN,,,,,,,,,,,,,,,,,,,2025-09-27T02:35:34.254Z,job_20250927_012637,2
68d74d847222cee3d33c86d7,1189,68ce563352b33355379dfee9,Other regarding General,Other,General,Neutral,,207018,207017,207016,,,,,,,,,,,,,,,,,,Delta,165014,Delta,,,,,,,,,,,,,,,,,,Service Provider,Customer,Service Provider,,,,,,,,,,,,,,,,,,false,true,false,,,,,,,,,,,,,,,,,,Fri Oct 06 19:00:01 +0000 2017,Fri Oct 06 22:21:20 +0000 2017,Fri Oct 06 22:31:13 +0000 2017,,,,,,,,,,,,,,,,,,Where is your weekend taking you? https://t.co/qjQJEFYEPH,"@Delta Boston, hanging out in the North End",@165014 So glad to hear that. Boston is so beautiful.  *AFM,,,,,,,,,,,,,,,,,,2025-09-27T02:35:48.400Z,job_20250927_012637,2
68d74d9c7222cee3d33c86d8,1197,68ce563352b33355379dfef1,Complaint regarding Technical Support,Complaint,Technical Support,Negative,,207366,207364,207362,207363,207365,,,,,,,,,,,,,,,,165052,165052,Delta,165052,Delta,,,,,,,,,,,,,,,,Customer,Customer,Service Provider,Customer,Service Provider,,,,,,,,,,,,,,,,true,true,false,true,false,,,,,,,,,,,,,,,,Fri Oct 20 22:33:38 +0000 2017,Fri Oct 20 22:35:07 +0000 2017,Fri Oct 20 23:05:31 +0000 2017,Sat Oct 21 00:53:41 +0000 2017,Sat Oct 21 01:31:40 +0000 2017,,,,,,,,,,,,,,,,Thanks for the leftover snacks in my seat @Delta. Eww https://t.co/H5BBwWhsYv,@Delta And some leftover drink too. https://t.co/SanXOL6PO7,"@165052 Ew, is right! I am so sorry you've encountered this. What flight number are you on, please? *TSE",@Delta @delta Flight 1649 to MCO,@165052 Thanks for the information. I'm forwarding it to our Leadership Team now. I apologize again for this. *AMC,,,,,,,,,,,,,,,,2025-09-27T02:36:12.449Z,job_20250927_012637,2
68d74daf7222cee3d33c86d9,1198,68ce563352b33355379dfef2,Feedback regarding General,Feedback,General,Positive,,207370,207369,207368,207367,,,,,,,,,,,,,,,,,165053,165054,165053,Delta,,,,,,,,,,,,,,,,,Customer,Customer,Customer,Service Provider,,,,,,,,,,,,,,,,,true,true,true,false,,,,,,,,,,,,,,,,,Fri Oct 20 22:25:37 +0000 2017,Fri Oct 20 22:35:44 +0000 2017,Fri Oct 20 22:46:06 +0000 2017,Fri Oct 20 23:04:26 +0000 2017,,,,,,,,,,,,,,,,,"Landed at LAX ahead of schedule. Thanks, @Delta!",@165053 @Delta You're welcome! Now enjoy the 45 minute wait for a gate!,@165054 @Delta Getting a gate took 90 seconds. On the G Bus now. LAX Gods are smiling!!,@165053 Hey there. Thanks for letting us be your ride today. Have a great evening. *TKR,,,,,,,,,,,,,,,,,2025-09-27T02:36:31.850Z,job_20250927_012637,2
68d74dbe7222cee3d33c86da,1212,68ce563352b33355379dff00,Order Status regarding Orders,Order Status,Orders,Neutral,,214545,214544,,,,,,,,,,,,,,,,,,,166964,Delta,,,,,,,,,,,,,,,,,,,Customer,Service Provider,,,,,,,,,,,,,,,,,,,true,false,,,,,,,,,,,,,,,,,,,Thu Oct 05 00:54:46 +0000 2017,Thu Oct 05 01:10:17 +0000 2017,,,,,,,,,,,,,,,,,,,@Delta I've been on hold for 50 minutes. Just trying to change my flight that's in the morning. Help please,"@166964 Our apologies for the ling hold, Cassandra. Has an agent reached out to you? *ALA",,,,,,,,,,,,,,,,,,,2025-09-27T02:36:46.075Z,job_20250927_012637,2
68d74dcc7222cee3d33c86db,1230,68ce563352b33355379dff12,Feedback regarding General,Feedback,General,Positive,,214602,214601,,,,,,,,,,,,,,,,,,,166981,Delta,,,,,,,,,,,,,,,,,,,Customer,Service Provider,,,,,,,,,,,,,,,,,,,true,false,,,,,,,,,,,,,,,,,,,Thu Oct 05 00:09:12 +0000 2017,Thu Oct 05 00:11:37 +0000 2017,,,,,,,,,,,,,,,,,,,Props to @Delta crew on flight 332 for being considerate and providing food and drinks for everyone flying out of Puerto Rico. ♥️🇵🇷,@166981 Thank you for reaching out Alesandro. 😊 *TBT,,,,,,,,,,,,,,,,,,,2025-09-27T02:37:00.138Z,job_20250927_012637,2
68d74dde7222cee3d33c86dc,1243,68ce563352b33355379dff1f,Account/Billing regarding Technical Support,Account/Billing,Technical Support,Neutral,,218465,218463,218464,218466,,,,,,,,,,,,,,,,,168098,Delta,168098,Delta,,,,,,,,,,,,,,,,,Customer,Service Provider,Customer,Service Provider,,,,,,,,,,,,,,,,,true,false,true,false,,,,,,,,,,,,,,,,,Thu Oct 05 01:05:35 +0000 2017,Thu Oct 05 01:25:01 +0000 2017,Thu Oct 05 07:33:16 +0000 2017,Thu Oct 05 07:34:09 +0000 2017,,,,,,,,,,,,,,,,,@DELTA I forgot my username and password. Idea for me?,"@168098 Hey, Howard. Did you forget your username and password for your SkyMiles acct? *HYC",@Delta Yes. I did. Thank you,@168098 Please DM your SkyMiles number and I will see what I can do to help. *HSD,,,,,,,,,,,,,,,,,2025-09-27T02:37:18.461Z,job_20250927_012637,2
68d74def7222cee3d33c86dd,1246,68ce563352b33355379dff22,Complaint regarding Travel,Complaint,Travel,Negative,,219083,219082,,,,,,,,,,,,,,,,,,,168236,Delta,,,,,,,,,,,,,,,,,,,Customer,Service Provider,,,,,,,,,,,,,,,,,,,true,false,,,,,,,,,,,,,,,,,,,Thu Oct 05 02:02:04 +0000 2017,Thu Oct 05 02:22:29 +0000 2017,,,,,,,,,,,,,,,,,,,38 minute flight from Baltimore -&gt; NYC delayed over 2 hours aaaaaand no draaanks for me? “Oh no no no @Delta” - consuela voice 😒,"@168236 Sorry to hear about your delay, Deborah. Let us know if we can assist with rebooking.  *ALA",,,,,,,,,,,,,,,,,,,2025-09-27T02:37:35.700Z,job_20250927_012637,2
68d74dfe7222cee3d33c86de,1254,68ce563352b33355379dff2a,Technical Support regarding Travel,Technical Support,Travel,Neutral,,219103,219102,,,,,,,,,,,,,,,,,,,168243,Delta,,,,,,,,,,,,,,,,,,,Customer,Service Provider,,,,,,,,,,,,,,,,,,,true,false,,,,,,,,,,,,,,,,,,,Thu Oct 05 01:46:00 +0000 2017,Thu Oct 05 02:06:41 +0000 2017,,,,,,,,,,,,,,,,,,,@Delta need some help getting wife back from visiting granny in hospice . Tomorrow to Atlanta,"@168243 Hi, John. Please DM us her confirmation number so we can assist.  *ALA https://t.co/6iDGBJAc2m",,,,,,,,,,,,,,,,,,,2025-09-27T02:37:50.763Z,job_20250927_012637,2
68d74e0d7222cee3d33c86df,1261,68ce563352b33355379dff31,Feedback regarding Technical Support,Feedback,Technical Support,Positive,,223264,223263,,,,,,,,,,,,,,,,,,,169326,Delta,,,,,,,,,,,,,,,,,,,Customer,Service Provider,,,,,,,,,,,,,,,,,,,true,false,,,,,,,,,,,,,,,,,,,Thu Oct 05 03:43:47 +0000 2017,Thu Oct 05 04:00:35 +0000 2017,,,,,,,,,,,,,,,,,,,"@DELTA I have a feature request! Link my skylounge access to the delta app; just scan and you're in; if I need to pay a fee, auto-bill :)","@169326 We appreciate your suggestion, Kristen.  *ALA",,,,,,,,,,,,,,,,,,,2025-09-27T02:38:05.395Z,job_20250927_012637,2
68d74e1e7222cee3d33c86e0,1268,68ce563352b33355379dff38,Other regarding General,Other,General,Neutral,,223281,223280,,,,,,,,,,,,,,,,,,,169333,Delta,,,,,,,,,,,,,,,,,,,Customer,Service Provider,,,,,,,,,,,,,,,,,,,true,false,,,,,,,,,,,,,,,,,,,Thu Oct 05 03:09:04 +0000 2017,Thu Oct 05 03:27:08 +0000 2017,,,,,,,,,,,,,,,,,,,"My practice accounting exam is based on Delta's 2014 10K. Thanks for the practice, @Delta! ✈️ #MBALife https://t.co/po3fi5qyjX","@169333 Hey, Jamar! I hope you do great on your upcoming exam!  *HDG",,,,,,,,,,,,,,,,,,,2025-09-27T02:38:22.299Z,job_20250927_012637,2
68d74e2e7222cee3d33c86e1,1282,68ce563352b33355379dff46,Complaint regarding Technical Support,Complaint,Technical Support,Negative,,225074,225073,,,,,,,,,,,,,,,,,,,169770,Delta,,,,,,,,,,,,,,,,,,,Customer,Service Provider,,,,,,,,,,,,,,,,,,,true,false,,,,,,,,,,,,,,,,,,,Thu Oct 05 06:00:04 +0000 2017,Thu Oct 05 06:13:12 +0000 2017,,,,,,,,,,,,,,,,,,,"Bad service @Delta Still no response to my email. Many promises, no delivery. Items missing from luggage. No resolution.",@169770 I will send a message to inquire about your case. Thanks for reaching out to the Twitter channel for assistance.  *HCK,,,,,,,,,,,,,,,,,,,2025-09-27T02:38:38.404Z,job_20250927_012637,2
68d74e477222cee3d33c86e2,1285,68ce563352b33355379dff49,Technical Support regarding General,Technical Support,General,Neutral,,225587,225586,225585,225584,,,,,,,,,,,,,,,,,169888,Delta,169888,Delta,,,,,,,,,,,,,,,,,Customer,Service Provider,Customer,Service Provider,,,,,,,,,,,,,,,,,true,false,true,false,,,,,,,,,,,,,,,,,Tue Oct 03 15:34:28 +0000 2017,Tue Oct 03 15:48:02 +0000 2017,Thu Oct 05 06:04:29 +0000 2017,Thu Oct 05 06:19:06 +0000 2017,,,,,,,,,,,,,,,,,@Delta hope you're part of that plan! Add new flights to COS! Hopefully from MSP or DTW...it's a Skywest hub too!  https://t.co/I8df3KMf0W,"@169888 Hi Kelly, we appreciate your feedback, I do hope we can serve you this way in the future!  *HES",@Delta Great! Make sure your scheduling team sees this!,@169888 Thank you for tweeting us. *ABN,,,,,,,,,,,,,,,,,2025-09-27T02:39:03.820Z,job_20250927_012637,2
68d74e557222cee3d33c86e3,1291,68ce563352b33355379dff4f,Order Status regarding Travel/Transportation,Order Status,Travel/Transportation,Neutral,,225669,225668,,,,,,,,,,,,,,,,,,,169914,Delta,,,,,,,,,,,,,,,,,,,Customer,Service Provider,,,,,,,,,,,,,,,,,,,true,false,,,,,,,,,,,,,,,,,,,Sat Nov 25 02:11:37 +0000 2017,Sat Nov 25 02:17:58 +0000 2017,,,,,,,,,,,,,,,,,,,@Delta can you see if I can switch to DL4740 tomorrow? (conf hrfgme),@169914 You're welcome! *HCA,,,,,,,,,,,,,,,,,,,2025-09-27T02:39:17.801Z,job_20250927_012637,2
68d74e697222cee3d33c86e4,1293,68ce563352b33355379dff51,Feedback regarding General,Feedback,General,Positive,,225888,225887,,,,,,,,,,,,,,,,,,,169926,Delta,,,,,,,,,,,,,,,,,,,Customer,Service Provider,,,,,,,,,,,,,,,,,,,true,false,,,,,,,,,,,,,,,,,,,Sat Nov 25 02:12:48 +0000 2017,Sat Nov 25 02:14:40 +0000 2017,,,,,,,,,,,,,,,,,,,"I am thankful for, in no particular order: @11739, @11740, @Delta, Robert Mueller, @11741, @11742, and a boatload of good friends. Oh yeah, and some guy in Florida.",@169926 We are thankful for you as well Chrys! Have a great holiday! *TKR,,,,,,,,,,,,,,,,,,,2025-09-27T02:39:37.983Z,job_20250927_012637,2
68d74e757222cee3d33c86e5,1300,68ce563352b33355379dff58,Technical Support regarding Travel,Technical Support,Travel,Neutral,,227808,227807,,,,,,,,,,,,,,,,,,,170323,Delta,,,,,,,,,,,,,,,,,,,Customer,Service Provider,,,,,,,,,,,,,,,,,,,true,false,,,,,,,,,,,,,,,,,,,Thu Oct 05 08:05:17 +0000 2017,Thu Oct 05 08:08:05 +0000 2017,,,,,,,,,,,,,,,,,,,@Delta can't wait for my flight,@170323 Awesome. We look forward to seeing you soon. *ALY,,,,,,,,,,,,,,,,,,,2025-09-27T02:39:49.424Z,job_20250927_012637,2
68d74e8f7222cee3d33c86e6,1301,68ce563352b33355379dff59,Complaint regarding Technical Support,Complaint,Technical Support,Negative,,227955,227951,227952,227956,,,,,,,,,,,,,,,,,170348,Delta,170348,Delta,,,,,,,,,,,,,,,,,Customer,Service Provider,Customer,Service Provider,,,,,,,,,,,,,,,,,true,false,true,false,,,,,,,,,,,,,,,,,Sun Oct 08 03:31:22 +0000 2017,Sun Oct 08 03:33:23 +0000 2017,Sun Oct 08 04:07:06 +0000 2017,Sun Oct 08 04:36:33 +0000 2017,,,,,,,,,,,,,,,,,@Delta - I'm experiencing bad customer service. Nicolette has me on hold for a supervisor. Sorry I had 2 ask for one. She's rude &amp; flippant.,@170348 Oh no! I'm sorry to hear that you are having a bad experience. Hopefully one of our Supervisors can resolve the issue for you. *AMC,"@Delta FYI - next act of God, take care of your customers or lose them. There are options. #disappointed","@170348 I'm sorry to hear that you are having a bad experience. Please DM me more details, including your confirmation number. *AMC",,,,,,,,,,,,,,,,,2025-09-27T02:40:15.046Z,job_20250927_012637,2
68d74ea27222cee3d33c86e7,1302,68ce563352b33355379dff5a,Feedback regarding General,Feedback,General,Positive,,229236,229235,229234,,,,,,,,,,,,,,,,,,170670,128955,Delta,,,,,,,,,,,,,,,,,,Customer,Customer,Service Provider,,,,,,,,,,,,,,,,,,true,true,false,,,,,,,,,,,,,,,,,,Wed Oct 11 16:48:59 +0000 2017,Wed Oct 11 17:32:40 +0000 2017,Wed Oct 11 18:14:19 +0000 2017,,,,,,,,,,,,,,,,,,"Shoutout to @Delta for their awesome customer service. I was nervous to fly while on crutches, but so far it’s been a breeze!",@170670 @Delta Yay! We love Delta in ATL. Glad to see they're taking good care of you. See you tonight! 👯,@128955 @170670 Thanks for the awesome compliment. We appreciate you &amp; your loyalty. *TJF,,,,,,,,,,,,,,,,,,2025-09-27T02:40:34.670Z,job_20250927_012637,2
68d74eb27222cee3d33c86e8,1304,68ce563352b33355379dff5c,Feedback regarding General,Feedback,General,Positive,,229244,229243,,,,,,,,,,,,,,,,,,,170672,Delta,,,,,,,,,,,,,,,,,,,Customer,Service Provider,,,,,,,,,,,,,,,,,,,true,false,,,,,,,,,,,,,,,,,,,Wed Oct 11 17:31:55 +0000 2017,Wed Oct 11 18:13:13 +0000 2017,,,,,,,,,,,,,,,,,,,@Delta thank you for getting me on the 1:20 flight from MCO to ATL. This birthday girl is glad to be getting home from her biz trip early 😊,@170672 Happy Birthday! 🎊🎉  Glad we were able to get you home early so you may celebrate.  *TJF,,,,,,,,,,,,,,,,,,,2025-09-27T02:40:50.790Z,job_20250927_012637,2
68d74ec37222cee3d33c86e9,1307,68ce563352b33355379dff5f,Account/Billing regarding Technical,Account/Billing,Technical,Neutral,,229250,229249,,,,,,,,,,,,,,,,,,,170675,Delta,,,,,,,,,,,,,,,,,,,Customer,Service Provider,,,,,,,,,,,,,,,,,,,true,false,,,,,,,,,,,,,,,,,,,Wed Oct 11 17:24:06 +0000 2017,Wed Oct 11 18:02:59 +0000 2017,,,,,,,,,,,,,,,,,,,Locked out of my @Delta account. Called the Spain customer service number and got someone at AirFrance who couldn't help. Help @Delta,@170675 Hi Michelle. Please DM your Delta Sky Miles account number? I will certainly try to help you.  *TAS https://t.co/6iDGBJAc2m,,,,,,,,,,,,,,,,,,,2025-09-27T02:41:07.846Z,job_20250927_012637,2
68d74efe7222cee3d33c86ea,1004,68ce563352b33355379dfe30,Technical Support regarding Technical,Technical Support,Technical,Neutral,,183143,183142,183141,183140,183139,183138,183137,183136,183133,183132,,,,,,,,,,,159067,Delta,159067,Delta,159067,Delta,159067,Delta,159067,Delta,,,,,,,,,,,Customer,Service Provider,Customer,Service Provider,Customer,Service Provider,Customer,Service Provider,Customer,Service Provider,,,,,,,,,,,true,false,true,false,true,false,true,false,true,false,,,,,,,,,,,Mon Oct 02 20:07:14 +0000 2017,Mon Oct 02 20:31:03 +0000 2017,Mon Oct 02 21:01:44 +0000 2017,Mon Oct 02 21:32:53 +0000 2017,Wed Oct 04 00:32:44 +0000 2017,Wed Oct 04 02:42:43 +0000 2017,Wed Oct 04 21:03:24 +0000 2017,Wed Oct 04 21:21:43 +0000 2017,Wed Oct 04 21:47:43 +0000 2017,Wed Oct 04 21:50:53 +0000 2017,,,,,,,,,,,Rep working case couldn't open pdf attachment.  Said that IT help @Delta is too slow to fix it.  Get your people IT support.,@159067 ...be sure to share this with our leadership team. Was the agent able to escalate this issue to our IT team? *HSL 2/2,@Delta She could not browse the internet while I was on the phone. I offered to put it on a server that she could download. Give your reps tools!,"@159067 Thank you for providing this feedback, it has been forwarded to our leadership team.  *HSL",@Delta I still have not received confirmation of receipt of the email I sent.,@159067 ...them M-F 8 am- 9pm at 800-455-2720.  *HDG 2/2,@Delta Do the people who answer the 800 num have access to the cases that are sent in on email (by giving them the case number)?,"@159067 Hi Michael, 1-800-455-2720 is the Corporate Customer Care # and they are able to access cases you've submitted to them.  *HRS",@Delta I called.  It asked me to press buttons.  which combination get me to the right people?,"@159067 Hello,Michael, please follow via DM so I can assist. Thanks. *TDL https://t.co/6iDGBJAc2m",,,,,,,,,,,2025-09-27T02:42:06.047Z,job_20250927_012637,2
68d74f0e7222cee3d33c86eb,1008,68ce563352b33355379dfe34,Feedback regarding General,Feedback,General,Positive,,183794,183793,,,,,,,,,,,,,,,,,,,159228,Delta,,,,,,,,,,,,,,,,,,,Customer,Service Provider,,,,,,,,,,,,,,,,,,,true,false,,,,,,,,,,,,,,,,,,,Wed Oct 04 21:35:52 +0000 2017,Wed Oct 04 21:37:52 +0000 2017,,,,,,,,,,,,,,,,,,,When ur fav airline supports girls in aviation! Thank you @Delta can't wait to fly again with you! Which may be this month!!! Wheels up!! https://t.co/13FsaM2qKZ,@159228 Thanks! It is our pleasure to take care of you when you fly with us! 😊 *TDL,,,,,,,,,,,,,,,,,,,2025-09-27T02:42:22.707Z,job_20250927_012637,2
68d74f1c7222cee3d33c86ec,1010,68ce563352b33355379dfe36,Technical Support regarding General,Technical Support,General,Negative,,183859,183858,,,,,,,,,,,,,,,,,,,159246,Delta,,,,,,,,,,,,,,,,,,,Customer,Service Provider,,,,,,,,,,,,,,,,,,,true,false,,,,,,,,,,,,,,,,,,,Wed Oct 04 21:33:35 +0000 2017,Wed Oct 04 21:35:49 +0000 2017,,,,,,,,,,,,,,,,,,,@Delta on hold 30 minutes... and counting really?,"@159246 Hi, Ashley. We are experiencing higher than normal call volume due to weather related cancellations and delays. *AAB",,,,,,,,,,,,,,,,,,,2025-09-27T02:42:36.455Z,job_20250927_012637,2
68d74f347222cee3d33c86ed,1015,68ce563352b33355379dfe3b,Complaint regarding Travel Experience,Complaint,Travel Experience,Negative,,184848,184846,184847,184849,184850,,,,,,,,,,,,,,,,159468,Delta,159468,Delta,159468,,,,,,,,,,,,,,,,Customer,Service Provider,Customer,Service Provider,Customer,,,,,,,,,,,,,,,,true,false,true,false,true,,,,,,,,,,,,,,,,Mon Oct 16 18:48:04 +0000 2017,Mon Oct 16 18:51:13 +0000 2017,Mon Oct 16 18:52:36 +0000 2017,Mon Oct 16 18:54:13 +0000 2017,Mon Oct 16 19:01:53 +0000 2017,,,,,,,,,,,,,,,,@Delta Was promised a cart to drive my twins &amp; I to our next gate in Atlanta bc of tight time. No cart waiting so we ran to get next flight.,"@159468 We are sorry to hear about your recent experience. Unfortunately, this service is not a guaranty and is subject to availability. *AFC","@Delta That would have been great if that would have been communicated with me. I was told that ""it will be waiting.""",@159468 I apologize for any confusion this may have caused. *AMC,@Delta You mean *confusion and sweatiness*,,,,,,,,,,,,,,,,2025-09-27T02:43:00.909Z,job_20250927_012637,2
68d74f517222cee3d33c86ee,1019,68ce563352b33355379dfe3f,Order Status regarding Travel/Flights,Order Status,Travel/Flights,Neutral,,185082,185076,185074,185075,185077,185078,185079,,,,,,,,,,,,,,159529,159529,Delta,159529,Delta,159529,Delta,,,,,,,,,,,,,,Customer,Customer,Service Provider,Customer,Service Provider,Customer,Service Provider,,,,,,,,,,,,,,true,true,false,true,false,true,false,,,,,,,,,,,,,,Wed Oct 11 21:04:41 +0000 2017,Wed Oct 11 23:51:44 +0000 2017,Thu Oct 12 01:04:21 +0000 2017,Fri Oct 20 23:26:18 +0000 2017,Sat Oct 21 00:13:07 +0000 2017,Sat Oct 21 00:21:37 +0000 2017,Sat Oct 21 00:50:13 +0000 2017,,,,,,,,,,,,,,@Delta  are you canceling flights to STT starting in Boston for dates in 2018? I’m reading people are getting canceled.,@Delta Do you have a link to weather bulletin? I don’t see it on your website,@159529 Sure. Please see the following link.  https://t.co/dyDzj23SOs *ALA,@Delta If I book for May will we be OK?,"@159529 Unfortunately, we don't have a way to accurately predict that. *AMC",@Delta But your still selling flights? We don’t want to get stuck with rental and no way down,@159529 Please let us know if we can further assist. *AJC,,,,,,,,,,,,,,2025-09-27T02:43:29.451Z,job_20250927_012637,2
68d74f617222cee3d33c86ef,1026,68ce563352b33355379dfe46,Complaint regarding Technical Support,Complaint,Technical Support,Negative,,185354,185353,,,,,,,,,,,,,,,,,,,159589,Delta,,,,,,,,,,,,,,,,,,,Customer,Service Provider,,,,,,,,,,,,,,,,,,,true,false,,,,,,,,,,,,,,,,,,,Tue Oct 24 17:44:54 +0000 2017,Tue Oct 24 17:50:51 +0000 2017,,,,,,,,,,,,,,,,,,,"""There's nothing we can do,"" is the common theme from my @Delta experience today.","@159589 Hi, Dave. May I try to assist you via Twitter? Please DM your confirmation # and details. Thanks! *TJF https://t.co/6iDGBJAc2m",,,,,,,,,,,,,,,,,,,2025-09-27T02:43:45.714Z,job_20250927_012637,2
68d74f6e7222cee3d33c86f0,1030,68ce563352b33355379dfe4a,Feedback regarding General,Feedback,General,Positive,,185704,185703,,,,,,,,,,,,,,,,,,,159670,Delta,,,,,,,,,,,,,,,,,,,Customer,Service Provider,,,,,,,,,,,,,,,,,,,true,false,,,,,,,,,,,,,,,,,,,Wed Oct 04 21:16:25 +0000 2017,Wed Oct 04 21:18:10 +0000 2017,,,,,,,,,,,,,,,,,,,Thank You @Delta for an amazing flight today!✈️,@159670 You are welcome! It is our pleasure to take care of you when you fly with us!✈ *TDL,,,,,,,,,,,,,,,,,,,2025-09-27T02:43:58.703Z,job_20250927_012637,2
68d74f7b7222cee3d33c86f1,1034,68ce563352b33355379dfe4e,Feedback regarding General,Feedback,General,Positive,,185826,185825,,,,,,,,,,,,,,,,,,,159703,Delta,,,,,,,,,,,,,,,,,,,Customer,Service Provider,,,,,,,,,,,,,,,,,,,true,false,,,,,,,,,,,,,,,,,,,Wed Oct 04 21:09:20 +0000 2017,Wed Oct 04 21:10:04 +0000 2017,,,,,,,,,,,,,,,,,,,"Free in flight messaging.  Well played @delta, well played.",@159703 Thanks! It is our pleasure to take care of you when you fly with us! ✈ *TDL,,,,,,,,,,,,,,,,,,,2025-09-27T02:44:11.393Z,job_20250927_012637,2
68d74f8d7222cee3d33c86f2,1035,68ce563352b33355379dfe4f,Technical Support regarding In-Flight Experience,Technical Support,In-Flight Experience,Negative,,185832,185831,,,,,,,,,,,,,,,,,,,159706,Delta,,,,,,,,,,,,,,,,,,,Customer,Service Provider,,,,,,,,,,,,,,,,,,,true,false,,,,,,,,,,,,,,,,,,,Wed Oct 04 21:05:26 +0000 2017,Wed Oct 04 21:09:50 +0000 2017,,,,,,,,,,,,,,,,,,,"Dear @Delta, pls explain how I should handle the guy behind me who has been playing some sort of game on your screens for over 1 hour (1/3)",@159706 Oh no! I'm so sorry to hear this. Have you discussed this with our In-Flight Team that's onboard with you? *AMC,,,,,,,,,,,,,,,,,,,2025-09-27T02:44:29.115Z,job_20250927_012637,2
68d74f9e7222cee3d33c86f3,1036,68ce563352b33355379dfe50,Feedback regarding General,Feedback,General,Positive,,185836,185835,,,,,,,,,,,,,,,,,,,159708,Delta,,,,,,,,,,,,,,,,,,,Customer,Service Provider,,,,,,,,,,,,,,,,,,,true,false,,,,,,,,,,,,,,,,,,,Wed Oct 04 21:07:53 +0000 2017,Wed Oct 04 21:08:39 +0000 2017,,,,,,,,,,,,,,,,,,,Dear @Delta THANK YOU for helping me find my iPad that I left on a flight! Your lost &amp; found site made it easy to report &amp; get it back! https://t.co/jqNZQRe1qT,@159708 Hi Amie. We are so happy we could get your iPad back to you! Thank you for the shout out. *TMS,,,,,,,,,,,,,,,,,,,2025-09-27T02:44:46.472Z,job_20250927_012637,2
68d74fab7222cee3d33c86f4,1037,68ce563352b33355379dfe51,Product Inquiry regarding Travel,Product Inquiry,Travel,Neutral,,185838,185837,,,,,,,,,,,,,,,,,,,159709,Delta,,,,,,,,,,,,,,,,,,,Customer,Service Provider,,,,,,,,,,,,,,,,,,,true,false,,,,,,,,,,,,,,,,,,,Wed Oct 04 21:06:48 +0000 2017,Wed Oct 04 21:07:54 +0000 2017,,,,,,,,,,,,,,,,,,,@Delta If I wanted to fly from SLC to LAS today... What is the latest I could purchase a ticket at the airport?,@159709 ...security. *TMS 2/2,,,,,,,,,,,,,,,,,,,2025-09-27T02:44:59.425Z,job_20250927_012637,2
68d74fbb7222cee3d33c86f5,1040,68ce563352b33355379dfe54,Product Inquiry regarding Travel,Product Inquiry,Travel,Neutral,,186171,186170,,,,,,,,,,,,,,,,,,,159740,Delta,,,,,,,,,,,,,,,,,,,Customer,Service Provider,,,,,,,,,,,,,,,,,,,true,false,,,,,,,,,,,,,,,,,,,Wed Oct 04 20:56:35 +0000 2017,Wed Oct 04 21:00:42 +0000 2017,,,,,,,,,,,,,,,,,,,"@Delta How do I add infant in arms to my ticket? Used to be an easy option on mobile / desktop, not seeing it.",@159740 Please DM your confirmation number along with the infant's date of birth and name. I will be happy to assist.  *TJF https://t.co/6iDGBJAc2m,,,,,,,,,,,,,,,,,,,2025-09-27T02:45:15.878Z,job_20250927_012637,2
68d74fd77222cee3d33c86f6,1049,68ce563352b33355379dfe5d,Product Inquiry regarding Technical,Product Inquiry,Technical,Neutral,,186558,186557,186556,186555,186554,186553,,,,,,,,,,,,,,,159877,Delta,159877,Delta,159877,Delta,,,,,,,,,,,,,,,Customer,Service Provider,Customer,Service Provider,Customer,Service Provider,,,,,,,,,,,,,,,true,false,true,false,true,false,,,,,,,,,,,,,,,Thu Oct 05 00:58:05 +0000 2017,Thu Oct 05 01:12:48 +0000 2017,Thu Oct 05 01:13:42 +0000 2017,Thu Oct 05 01:42:45 +0000 2017,Thu Oct 05 01:43:49 +0000 2017,Thu Oct 05 01:57:42 +0000 2017,,,,,,,,,,,,,,,@Delta your app and website do not make it easy to check flights!,"@159877 Hi, Kerry. I'm very sorry for the trouble. Were you able to check in?  *HDG",@Delta I’m just trying to check prices. It says I can’t use miles and cash.  I don’t have miles to use. Been on hold 21 minutes on phone,@159877 Our Reservations team will be able to assist further in pricing fares with you.  *HDG,@Delta Thank you but I gave up waiting on the phone,"@159877 My apologies, Kerry. We are experiencing higher than normal call volume due to weather related cancellations and delays. *AAB",,,,,,,,,,,,,,,2025-09-27T02:45:43.331Z,job_20250927_012637,2
68d74fea7222cee3d33c86f7,1055,68ce563352b33355379dfe63,Technical Support regarding In-Flight Experience,Technical Support,In-Flight Experience,Negative,,189476,189475,189474,,,,,,,,,,,,,,,,,,160433,160433,Delta,,,,,,,,,,,,,,,,,,Customer,Customer,Service Provider,,,,,,,,,,,,,,,,,,true,true,false,,,,,,,,,,,,,,,,,,Wed Oct 04 09:15:38 +0000 2017,Wed Oct 04 09:32:30 +0000 2017,Wed Oct 04 09:37:34 +0000 2017,,,,,,,,,,,,,,,,,,"My 3rd transcontinental flight this year with@Delta &amp; still no USB or power outlet...maybe it's time to update your ""friendly skies?"" #2017 https://t.co/IVc5lMZCWL",@Delta,@160433 We appreciate your honest feedback. We will forward this to our Leadership team for review.  *ALA,,,,,,,,,,,,,,,,,,2025-09-27T02:46:02.382Z,job_20250927_012637,2
68d74ff97222cee3d33c86f8,1059,68ce563352b33355379dfe67,Product Information regarding Travel/Flight,Product Information,Travel/Flight,Neutral,,189484,189483,,,,,,,,,,,,,,,,,,,160437,Delta,,,,,,,,,,,,,,,,,,,Customer,Service Provider,,,,,,,,,,,,,,,,,,,true,false,,,,,,,,,,,,,,,,,,,Wed Oct 04 07:06:46 +0000 2017,Wed Oct 04 07:20:09 +0000 2017,,,,,,,,,,,,,,,,,,,@Delta Real quick: what's Flex Economy? I just added it to my flight and have no idea what it does.,@160437 Hi there. This fare can give you more options when upgrading or refunding your ticket.  *ALA,,,,,,,,,,,,,,,,,,,2025-09-27T02:46:17.543Z,job_20250927_012637,2
68d750087222cee3d33c86f9,1060,68ce563352b33355379dfe68,Feedback regarding General,Feedback,General,Positive,,189486,189485,,,,,,,,,,,,,,,,,,,160438,Delta,,,,,,,,,,,,,,,,,,,Customer,Service Provider,,,,,,,,,,,,,,,,,,,true,false,,,,,,,,,,,,,,,,,,,Wed Oct 04 07:01:31 +0000 2017,Wed Oct 04 07:03:03 +0000 2017,,,,,,,,,,,,,,,,,,,"Before take off, our pilot is walking down the aisle talking to everybody and shaking hands, very interesting......@Delta","@160438 We hope you enjoy your flight, Annetra! *ALA",,,,,,,,,,,,,,,,,,,2025-09-27T02:46:32.903Z,job_20250927_012637,2
68d750217222cee3d33c86fa,1065,68ce563352b33355379dfe6d,Technical Support regarding Travel/Transportation,Technical Support,Travel/Transportation,Negative,,189500,189499,189498,189497,,,,,,,,,,,,,,,,,160443,Delta,160443,Delta,,,,,,,,,,,,,,,,,Customer,Service Provider,Customer,Service Provider,,,,,,,,,,,,,,,,,true,false,true,false,,,,,,,,,,,,,,,,,Wed Oct 04 04:12:07 +0000 2017,Wed Oct 04 04:15:09 +0000 2017,Wed Oct 04 05:40:54 +0000 2017,Wed Oct 04 05:41:55 +0000 2017,,,,,,,,,,,,,,,,,@Delta baffles me. I am beyond frustrated with them. Their standby/change guidelines are ludicrous. It is cheaper for me to book a one way,@160443 ...changes.  *ALA 2/2,@Delta Yup. I deleted the tweets for a reason. You guys came through. It took a few calls to get someone that new how to get it done.,"@160443 That is great to hear, Mike.  *ALA",,,,,,,,,,,,,,,,,2025-09-27T02:46:57.472Z,job_20250927_012637,2
68d7502e7222cee3d33c86fb,1072,68ce563352b33355379dfe74,Feedback regarding General,Feedback,General,Positive,,190142,190141,,,,,,,,,,,,,,,,,,,160586,Delta,,,,,,,,,,,,,,,,,,,Customer,Service Provider,,,,,,,,,,,,,,,,,,,true,false,,,,,,,,,,,,,,,,,,,Thu Oct 05 01:06:22 +0000 2017,Thu Oct 05 01:40:32 +0000 2017,,,,,,,,,,,,,,,,,,,@AmericanAir so glad I flew @Delta home. So much better. https://t.co/buTawU8CRG,@160586 So happy we met your expectations. Thanks for the mention! 😊 *AST,,,,,,,,,,,,,,,,,,,2025-09-27T02:47:10.814Z,job_20250927_012637,2
68d7503f7222cee3d33c86fc,1079,68ce563352b33355379dfe7b,Cancel Order regarding Travel,Cancel Order,Travel,Negative,,200571,200570,200569,,,,,,,,,,,,,,,,,,163330,163330,Delta,,,,,,,,,,,,,,,,,,Customer,Customer,Service Provider,,,,,,,,,,,,,,,,,,true,true,false,,,,,,,,,,,,,,,,,,Wed Oct 04 18:52:43 +0000 2017,Wed Oct 04 19:33:01 +0000 2017,Wed Oct 04 19:33:28 +0000 2017,,,,,,,,,,,,,,,,,,Had to cancel flight to PR on @Delta airlines. They offered me credit for future flight totaling $400 less than what I paid. Never again!,@Delta Thank you @Delta for stepping up and correcting this!,@163330 It was my pleasure to help. Thank you for writing. 😄 *TMS,,,,,,,,,,,,,,,,,,2025-09-27T02:47:27.782Z,job_20250927_012637,2
68d7504d7222cee3d33c86fd,1081,68ce563352b33355379dfe7d,Technical Support regarding General,Technical Support,General,Negative,,200576,200575,,,,,,,,,,,,,,,,,,,163332,Delta,,,,,,,,,,,,,,,,,,,Customer,Service Provider,,,,,,,,,,,,,,,,,,,true,false,,,,,,,,,,,,,,,,,,,Wed Oct 04 19:17:02 +0000 2017,Wed Oct 04 19:19:36 +0000 2017,,,,,,,,,,,,,,,,,,,@Delta.  Might want to work on your customer service gate agent at D5 MSP.,"@163332 Oh no! Please DM me more details of your experience,  including your confirmation number. *AMC",,,,,,,,,,,,,,,,,,,2025-09-27T02:47:41.308Z,job_20250927_012637,2
68d7505c7222cee3d33c86fe,1084,68ce563352b33355379dfe80,Order Status regarding Travel,Order Status,Travel,Positive,,200586,200585,,,,,,,,,,,,,,,,,,,163336,Delta,,,,,,,,,,,,,,,,,,,Customer,Service Provider,,,,,,,,,,,,,,,,,,,true,false,,,,,,,,,,,,,,,,,,,Wed Oct 04 19:07:41 +0000 2017,Wed Oct 04 19:11:17 +0000 2017,,,,,,,,,,,,,,,,,,,#WheelsUp #SanFrancisco &gt; #Seattle @Delta #B737 @✈️💺🎸🙂 https://t.co/3DQvADutOf,"@163336 Enjoy your flight, Dana! 😄 *HYC",,,,,,,,,,,,,,,,,,,2025-09-27T02:47:56.692Z,job_20250927_012637,2
68d7506c7222cee3d33c86ff,1087,68ce563352b33355379dfe83,Technical Support regarding General,Technical Support,General,Neutral,,200607,200606,,,,,,,,,,,,,,,,,,,163340,Delta,,,,,,,,,,,,,,,,,,,Customer,Service Provider,,,,,,,,,,,,,,,,,,,true,false,,,,,,,,,,,,,,,,,,,Wed Oct 04 19:04:37 +0000 2017,Wed Oct 04 19:06:33 +0000 2017,,,,,,,,,,,,,,,,,,,@Delta or notch out the frequencies . Having the flight attendant walk around the corner to a quiet area without a speaker also works.,"@163340 Thanks, Blair, for the feedback. I will pass it along to our ground crew for review. Have a great evening! *TJF",,,,,,,,,,,,,,,,,,,2025-09-27T02:48:12.254Z,job_20250927_012637,2
68d750807222cee3d33c8700,1089,68ce563352b33355379dfe85,Feedback regarding General,Feedback,General,Positive,,200612,200610,200611,200613,,,,,,,,,,,,,,,,,135984,Delta,135984,Delta,,,,,,,,,,,,,,,,,Customer,Service Provider,Customer,Service Provider,,,,,,,,,,,,,,,,,true,false,true,false,,,,,,,,,,,,,,,,,Wed Oct 04 18:59:18 +0000 2017,Wed Oct 04 19:00:52 +0000 2017,Wed Oct 04 19:14:11 +0000 2017,Wed Oct 04 19:19:04 +0000 2017,,,,,,,,,,,,,,,,,@116125 another great day filming planes 😃 this one is a @Delta plane. Sweet sounds 😎 https://t.co/dleIiYmIzf,@135984 Thanks for the great image.  *TAS,@Delta You guys are welcome 😎 I imagine the view is much more spectacular inside the plane 😃💖,@135984 Always great views from the top. ✈ *TJE,,,,,,,,,,,,,,,,,2025-09-27T02:48:32.179Z,job_20250927_012637,2
68d7509a7222cee3d33c8701,1099,68ce563352b33355379dfe8f,Complaint regarding Technical Support,Complaint,Technical Support,Negative,,200691,200690,200689,200688,200687,,,,,,,,,,,,,,,,163365,163365,Delta,163365,Delta,,,,,,,,,,,,,,,,Customer,Customer,Service Provider,Customer,Service Provider,,,,,,,,,,,,,,,,true,true,false,true,false,,,,,,,,,,,,,,,,Wed Oct 04 17:43:33 +0000 2017,Wed Oct 04 17:45:36 +0000 2017,Wed Oct 04 18:08:43 +0000 2017,Wed Oct 04 18:29:24 +0000 2017,Wed Oct 04 18:42:04 +0000 2017,,,,,,,,,,,,,,,,@Delta I just waited 1 hr for a customer service callback and spent 30 min on phone and nothing was resolved!!,@Delta And your customer service reps completely wasted my time.,"@163365 Please fax request &amp; certificate to 404-773-1945. Or, submit online &amp; upload doc.  https://t.co/fPLXqv8KGq *TMT",@Delta Thanks. Just sent both fax and submitted online. When will change be made?,@163365 Oh yes. Please check your SkyMiles account in approx. 2 weeks for the change. Let us know if you need anything else.  *TMT,,,,,,,,,,,,,,,,2025-09-27T02:48:58.590Z,job_20250927_012637,2
68d750ab7222cee3d33c8702,1105,68ce563352b33355379dfe95,Complaint regarding Technical Support,Complaint,Technical Support,Neutral,,200711,200710,200709,,,,,,,,,,,,,,,,,,163374,163374,Delta,,,,,,,,,,,,,,,,,,Customer,Customer,Service Provider,,,,,,,,,,,,,,,,,,true,true,false,,,,,,,,,,,,,,,,,,Wed Oct 04 16:31:39 +0000 2017,Wed Oct 04 18:16:56 +0000 2017,Wed Oct 04 18:31:15 +0000 2017,,,,,,,,,,,,,,,,,,@Delta Following up on the status of my complaint investigation as it has almost been 30 days.  Case Number 00147503,@Delta Noted. Thanks for the prompt response to my message today.,"@163374 My pleasure, Jacqueline.  Thank you for your continued patience.   *HML",,,,,,,,,,,,,,,,,,2025-09-27T02:49:15.428Z,job_20250927_012637,2
68d750bb7222cee3d33c8703,1107,68ce563352b33355379dfe97,Feedback regarding General,Feedback,General,Positive,,200719,200718,,,,,,,,,,,,,,,,,,,163376,Delta,,,,,,,,,,,,,,,,,,,Customer,Service Provider,,,,,,,,,,,,,,,,,,,true,false,,,,,,,,,,,,,,,,,,,Wed Oct 04 18:17:26 +0000 2017,Wed Oct 04 18:29:06 +0000 2017,,,,,,,,,,,,,,,,,,,Thx @Delta for an awesome flight 3302 today. You were awesome. https://t.co/kwv28WrNb3,@163376 Hi Nick! Fantastic picture! He's adorable. So happy to hear you had an awesome flight. Thank you for flying with Delta today.  *TJW,,,,,,,,,,,,,,,,,,,2025-09-27T02:49:31.818Z,job_20250927_012637,2
68d750cc7222cee3d33c8704,1109,68ce563352b33355379dfe99,Feedback regarding General,Feedback,General,Positive,,200723,200722,,,,,,,,,,,,,,,,,,,163378,Delta,,,,,,,,,,,,,,,,,,,Customer,Service Provider,,,,,,,,,,,,,,,,,,,true,false,,,,,,,,,,,,,,,,,,,Wed Oct 04 18:10:04 +0000 2017,Wed Oct 04 18:25:23 +0000 2017,,,,,,,,,,,,,,,,,,,DL1581 was a great flight @Delta. Kin was personable at the gate and got the flight out on time. Wonderful and attentive cabin crew too!💖,@163378 That's AWESOME!! We're happy to hear that you had a wonderful experience with us. Enjoy your day. *AMC,,,,,,,,,,,,,,,,,,,2025-09-27T02:49:48.092Z,job_20250927_012637,2
68d750da7222cee3d33c8705,1115,68ce563352b33355379dfe9f,Feedback regarding General,Feedback,General,Positive,,200748,200747,,,,,,,,,,,,,,,,,,,163387,Delta,,,,,,,,,,,,,,,,,,,Customer,Service Provider,,,,,,,,,,,,,,,,,,,true,false,,,,,,,,,,,,,,,,,,,Wed Oct 04 17:47:50 +0000 2017,Wed Oct 04 18:05:12 +0000 2017,,,,,,,,,,,,,,,,,,,"I know we shit on airlines a lot - and for many fair reasons - but as a recent corporate jetsetter, I'm honestly impressed by @Delta service",@163387 Thanks for the compliment. Pleasure having you onboard. :) Tweet us anytime! *TJM,,,,,,,,,,,,,,,,,,,2025-09-27T02:50:02.449Z,job_20250927_012637,2
68d750ec7222cee3d33c8706,1125,68ce563352b33355379dfea9,Order Status regarding Orders,Order Status,Orders,Neutral,,200884,200883,,,,,,,,,,,,,,,,,,,163425,Delta,,,,,,,,,,,,,,,,,,,Customer,Service Provider,,,,,,,,,,,,,,,,,,,true,false,,,,,,,,,,,,,,,,,,,Wed Oct 04 23:42:35 +0000 2017,Wed Oct 04 23:43:44 +0000 2017,,,,,,,,,,,,,,,,,,,@delta we’re stuck in ATL getting on new plane.  Called to rebook connection and res says flight from ATL -CDG will arrive 2330 hr tomorrow,"@163425 Hi, Steve. Can you please share your confirmation number via DM.  *AST https://t.co/6iDGBJAc2m",,,,,,,,,,,,,,,,,,,2025-09-27T02:50:20.038Z,job_20250927_012637,2
68d750fb7222cee3d33c8707,1134,68ce563352b33355379dfeb2,Technical Support regarding Travel,Technical Support,Travel,Negative,,201130,201129,,,,,,,,,,,,,,,,,,,163478,Delta,,,,,,,,,,,,,,,,,,,Customer,Service Provider,,,,,,,,,,,,,,,,,,,true,false,,,,,,,,,,,,,,,,,,,Wed Oct 04 23:17:45 +0000 2017,Wed Oct 04 23:21:36 +0000 2017,,,,,,,,,,,,,,,,,,,"Stuck in ATL for 3+ hours. Was 4th on the standby list, but @Delta bumps regulars for priority &amp; sky miles, so this grad student is screwed.",@163478 Please follow and DM your confirmation number. *HDV,,,,,,,,,,,,,,,,,,,2025-09-27T02:50:35.436Z,job_20250927_012637,2
68d7510a7222cee3d33c8708,1136,68ce563352b33355379dfeb4,Complaint regarding Technical Support,Complaint,Technical Support,Negative,,201163,201162,,,,,,,,,,,,,,,,,,,163488,Delta,,,,,,,,,,,,,,,,,,,Customer,Service Provider,,,,,,,,,,,,,,,,,,,true,false,,,,,,,,,,,,,,,,,,,Wed Oct 04 23:14:03 +0000 2017,Wed Oct 04 23:18:08 +0000 2017,,,,,,,,,,,,,,,,,,,pretty sad i had to wait for 2 hours to get a water @Delta,"@163488 Oh no, I regret learning about the service received. Please follow and elaborate via DM.  *AST https://t.co/6iDGBJAc2m",,,,,,,,,,,,,,,,,,,2025-09-27T02:50:50.600Z,job_20250927_012637,2
68d7511d7222cee3d33c8709,1138,68ce563352b33355379dfeb6,Technical Support regarding General,Technical Support,General,Neutral,,201176,201175,201174,201173,,,,,,,,,,,,,,,,,163491,Delta,163491,Delta,,,,,,,,,,,,,,,,,Customer,Service Provider,Customer,Service Provider,,,,,,,,,,,,,,,,,true,false,true,false,,,,,,,,,,,,,,,,,Wed Oct 04 22:43:30 +0000 2017,Wed Oct 04 22:48:27 +0000 2017,Wed Oct 04 23:00:48 +0000 2017,Wed Oct 04 23:05:33 +0000 2017,,,,,,,,,,,,,,,,,@Delta I emailed a request for assistance through your web form 2 days ago. What's the usual response time?,"@163491 Hi Cheri, it's currently 45-60 days. *AAB",@Delta Seriously? That long? And what's *AAB?,@163491 That is an agent's ID.   *TMT,,,,,,,,,,,,,,,,,2025-09-27T02:51:09.078Z,job_20250927_012637,2
68d7512d7222cee3d33c870a,1149,68ce563352b33355379dfec1,Technical Support regarding Product Info,Technical Support,Product Info,Neutral,,202814,202813,,,,,,,,,,,,,,,,,,,163981,Delta,,,,,,,,,,,,,,,,,,,Customer,Service Provider,,,,,,,,,,,,,,,,,,,true,false,,,,,,,,,,,,,,,,,,,Wed Oct 04 17:22:24 +0000 2017,Wed Oct 04 17:35:39 +0000 2017,,,,,,,,,,,,,,,,,,,Uh what's the deal with no screen in delta comfort?! @Delta #spoiledtraveler https://t.co/xiPL469BnQ,"@163981 Hi Cassie, I'm very sorry but all of our aircraft are not yet equipped with personal entertainment systems.  *TJW",,,,,,,,,,,,,,,,,,,2025-09-27T02:51:25.242Z,job_20250927_012637,2
68d751377222cee3d33c870b,1154,68ce563352b33355379dfec6,Technical Support regarding General,Technical Support,General,Neutral,,202837,202836,,,,,,,,,,,,,,,,,,,163987,Delta,,,,,,,,,,,,,,,,,,,Customer,Service Provider,,,,,,,,,,,,,,,,,,,true,false,,,,,,,,,,,,,,,,,,,Wed Oct 04 16:50:56 +0000 2017,Wed Oct 04 17:17:10 +0000 2017,,,,,,,,,,,,,,,,,,,@DELTA,@163987 Hi Tony. How may we help you? *TAS,,,,,,,,,,,,,,,,,,,2025-09-27T02:51:35.850Z,job_20250927_012637,2
68d7514b7222cee3d33c870c,1156,68ce563352b33355379dfec8,Technical Support regarding Product Info,Technical Support,Product Info,Neutral,,202843,202842,202841,202840,,,,,,,,,,,,,,,,,163989,Delta,163989,Delta,,,,,,,,,,,,,,,,,Customer,Service Provider,Customer,Service Provider,,,,,,,,,,,,,,,,,true,false,true,false,,,,,,,,,,,,,,,,,Wed Oct 04 15:37:38 +0000 2017,Wed Oct 04 16:45:16 +0000 2017,Wed Oct 04 16:47:38 +0000 2017,Wed Oct 04 17:16:10 +0000 2017,,,,,,,,,,,,,,,,,Hi @Delta do your FAs have first flight certificates on board? Starting on a Skywest flight and connecting to a mainline.,"@163989 Hi, great question! Our flight attendants have wings for first time flyers but no certificates. I'm very sorry.  *TJW",@Delta No worries! I’m pretty handy with photoshop 🙂,@163989 Awesome! Have a great day. *TJF,,,,,,,,,,,,,,,,,2025-09-27T02:51:55.100Z,job_20250927_012637,2
68d7515d7222cee3d33c870d,1160,68ce563352b33355379dfecc,Technical Support regarding Account/Billing,Technical Support,Account/Billing,Negative,,202857,202856,,,,,,,,,,,,,,,,,,,163993,Delta,,,,,,,,,,,,,,,,,,,Customer,Service Provider,,,,,,,,,,,,,,,,,,,true,false,,,,,,,,,,,,,,,,,,,Wed Oct 04 16:29:18 +0000 2017,Wed Oct 04 17:04:36 +0000 2017,,,,,,,,,,,,,,,,,,,@Delta Having a miserable time with your site. I need to understand why my $800 voucher has disappeared after using a small fraction of it.,"@163993 Hi, Jason. Can you please DM the original voucher number so I may research for you? Thanks! *TJF https://t.co/6iDGBJAc2m",,,,,,,,,,,,,,,,,,,2025-09-27T02:52:13.010Z,job_20250927_012637,2
68d751687222cee3d33c870e,1161,68ce563352b33355379dfecd,Product Info regarding General,Product Info,General,Neutral,,202859,202858,,,,,,,,,,,,,,,,,,,163994,Delta,,,,,,,,,,,,,,,,,,,Customer,Service Provider,,,,,,,,,,,,,,,,,,,true,false,,,,,,,,,,,,,,,,,,,Wed Oct 04 16:25:08 +0000 2017,Wed Oct 04 17:03:16 +0000 2017,,,,,,,,,,,,,,,,,,,I have some questions @Delta,"@163994 Hi, Scott. How may we assist you today?  *TJF",,,,,,,,,,,,,,,,,,,2025-09-27T02:52:24.586Z,job_20250927_012637,2
68d751787222cee3d33c870f,1162,68ce563352b33355379dfece,Order Status regarding Shipping/Delivery,Order Status,Shipping/Delivery,Neutral,,202861,202860,,,,,,,,,,,,,,,,,,,163995,Delta,,,,,,,,,,,,,,,,,,,Customer,Service Provider,,,,,,,,,,,,,,,,,,,true,false,,,,,,,,,,,,,,,,,,,Wed Oct 04 16:24:31 +0000 2017,Wed Oct 04 17:02:10 +0000 2017,,,,,,,,,,,,,,,,,,,@Delta what's up. DL 1479Sitting at the gate with cockpit door still open. No updates,"@163995 Hi, Kim. I am sorry for your delay. Air traffic control is the reason. Hope to have you on your way shortly. 😄 *TJF",,,,,,,,,,,,,,,,,,,2025-09-27T02:52:40.564Z,job_20250927_012637,2
68d7518e7222cee3d33c8710,1163,68ce563352b33355379dfecf,Technical Support regarding Travel/Delay,Technical Support,Travel/Delay,Negative,,202865,202864,202863,202862,,,,,,,,,,,,,,,,,163996,Delta,163996,Delta,,,,,,,,,,,,,,,,,Customer,Service Provider,Customer,Service Provider,,,,,,,,,,,,,,,,,true,false,true,false,,,,,,,,,,,,,,,,,Wed Oct 04 16:08:26 +0000 2017,Wed Oct 04 16:53:30 +0000 2017,Wed Oct 04 16:54:20 +0000 2017,Wed Oct 04 16:58:12 +0000 2017,,,,,,,,,,,,,,,,,@Delta tryna buy me with a free snack size bag of chips like that's gunna make up for like 4 hours of lost time 😂,@163996 Hi Hayley. Is there anything I can assist with today?  *TMS,@Delta Free flight voucher to Honolulu for my troubles?,@163996 I'd need your reservation number to look into the delay. Please DM. Thanks. *TMS https://t.co/6iDGBJAc2m,,,,,,,,,,,,,,,,,2025-09-27T02:53:02.207Z,job_20250927_012637,2
68d751997222cee3d33c8711,1165,68ce563352b33355379dfed1,Technical Support regarding General,Technical Support,General,Neutral,,202870,202869,,,,,,,,,,,,,,,,,,,163998,Delta,,,,,,,,,,,,,,,,,,,Customer,Service Provider,,,,,,,,,,,,,,,,,,,true,false,,,,,,,,,,,,,,,,,,,Wed Oct 04 16:20:18 +0000 2017,Wed Oct 04 16:54:40 +0000 2017,,,,,,,,,,,,,,,,,,,@Delta Please follow me for a DM.,"@163998 Hi Matt, I have followed you! *TJM",,,,,,,,,,,,,,,,,,,2025-09-27T02:53:13.316Z,job_20250927_012637,2
68d751a37222cee3d33c8712,1167,68ce563352b33355379dfed3,Other regarding General,Other,General,Neutral,,202874,202873,,,,,,,,,,,,,,,,,,,164000,Delta,,,,,,,,,,,,,,,,,,,Customer,Service Provider,,,,,,,,,,,,,,,,,,,true,false,,,,,,,,,,,,,,,,,,,Wed Oct 04 15:59:25 +0000 2017,Wed Oct 04 16:54:09 +0000 2017,,,,,,,,,,,,,,,,,,,hello @Delta,@164000 Hello! *TJF,,,,,,,,,,,,,,,,,,,2025-09-27T02:53:23.659Z,job_20250927_012637,2
68d751af7222cee3d33c8713,1180,68ce563352b33355379dfee0,Feedback regarding Travel,Feedback,Travel,Positive,,205379,,,,,,,,,,,,,,,,,,,,164665,,,,,,,,,,,,,,,,,,,,Customer,,,,,,,,,,,,,,,,,,,,true,,,,,,,,,,,,,,,,,,,,Thu Oct 05 00:13:31 +0000 2017,,,,,,,,,,,,,,,,,,,,Feeling good about changing my preferred airline from @AmericanAir to @Delta. Delta seems to have great amenities at a good price.,,,,,,,,,,,,,,,,,,,,2025-09-27T02:53:35.428Z,job_20250927_012637,2
68d751cf7222cee3d33c8714,1188,68ce563352b33355379dfee8,Technical Support regarding In-Flight Experience,Technical Support,In-Flight Experience,Positive,,207010,207008,207009,207011,207012,207013,,,,,,,,,,,,,,,165013,Delta,165013,165013,Delta,165013,,,,,,,,,,,,,,,Customer,Service Provider,Customer,Customer,Service Provider,Customer,,,,,,,,,,,,,,,true,false,true,true,false,true,,,,,,,,,,,,,,,Fri Oct 06 22:21:14 +0000 2017,Fri Oct 06 22:31:24 +0000 2017,Fri Oct 06 22:45:10 +0000 2017,Fri Oct 06 22:46:04 +0000 2017,Fri Oct 06 23:20:19 +0000 2017,Sat Oct 07 07:42:08 +0000 2017,,,,,,,,,,,,,,,@delta ft0418 seat 10j /10h Fredella/Endres seat 10j Please do the right thing. We fly delta we love u $ extra for comfort No entertainment,@165013 Hi. How may I assist? *TJH,@Delta We are on flight 0418 jfk/Milan. Comfort class Francesco Fredella my spouse is in seat 10j ff#9307641093.His entire entertainment is broken,@Delta  https://t.co/odfTGu32m1,@165013 I will refund the fee for that seat. It will go back to the form of payment with 7 business days. My sincere apologies.  *TJH,@Delta Thank you very much!  We appreciate it and love delta.  Delta truly is climbing higher! This is why we fly you.,,,,,,,,,,,,,,,2025-09-27T02:54:07.978Z,job_20250927_012637,2
68d751e17222cee3d33c8715,1191,68ce563352b33355379dfeeb,Technical Support regarding Travel,Technical Support,Travel,Negative,,207318,207317,,,,,,,,,,,,,,,,,,,165045,Delta,,,,,,,,,,,,,,,,,,,Customer,Service Provider,,,,,,,,,,,,,,,,,,,true,false,,,,,,,,,,,,,,,,,,,Fri Oct 20 22:33:53 +0000 2017,Fri Oct 20 23:13:49 +0000 2017,,,,,,,,,,,,,,,,,,,"@Delta delayed yet again. There’s a reason why I #luv @SouthwestAir - when you get delayed twice on 1 round trip, there is a huge issue.",@165045 Should you need help with your flights please feel free to DM with your confirmation number. *TTN https://t.co/6iDGBJAc2m,,,,,,,,,,,,,,,,,,,2025-09-27T02:54:25.876Z,job_20250927_012637,2
68d751f07222cee3d33c8716,1193,68ce563352b33355379dfeed,Other regarding General,Other,General,Neutral,,207325,207324,,,,,,,,,,,,,,,,,,,165047,Delta,,,,,,,,,,,,,,,,,,,Customer,Service Provider,,,,,,,,,,,,,,,,,,,true,false,,,,,,,,,,,,,,,,,,,Fri Oct 20 22:57:50 +0000 2017,Fri Oct 20 23:11:25 +0000 2017,,,,,,,,,,,,,,,,,,,"#spanxwatch (at @Delta Sky Club in Detroit, MI) https://t.co/lFdQIUcUv4 https://t.co/Fo8z4cbi8Z",@165047 Enjoy! *HJH,,,,,,,,,,,,,,,,,,,2025-09-27T02:54:40.117Z,job_20250927_012637,2
68d751fe7222cee3d33c8717,1199,68ce563352b33355379dfef3,Other regarding General,Other,General,Positive,,207374,207373,,,,,,,,,,,,,,,,,,,165055,Delta,,,,,,,,,,,,,,,,,,,Customer,Service Provider,,,,,,,,,,,,,,,,,,,true,false,,,,,,,,,,,,,,,,,,,Fri Oct 20 22:32:13 +0000 2017,Fri Oct 20 23:04:24 +0000 2017,,,,,,,,,,,,,,,,,,,Gin and Tonic for the win!\n\n#ScoreTheLastUpgradeMSPtoATL @Delta https://t.co/Fg3OwBK3Cx,@165055 Cheers!🍸💺✈ *ACJ,,,,,,,,,,,,,,,,,,,2025-09-27T02:54:54.113Z,job_20250927_012637,2
68d752177222cee3d33c8718,1200,68ce563352b33355379dfef4,Technical Support regarding Account/Billing,Technical Support,Account/Billing,Negative,,207377,207375,207376,207378,,,,,,,,,,,,,,,,,165056,Delta,165056,Delta,,,,,,,,,,,,,,,,,Customer,Service Provider,Customer,Service Provider,,,,,,,,,,,,,,,,,true,false,true,false,,,,,,,,,,,,,,,,,Fri Oct 20 22:30:40 +0000 2017,Fri Oct 20 22:59:56 +0000 2017,Fri Oct 20 23:06:43 +0000 2017,Fri Oct 20 23:22:27 +0000 2017,,,,,,,,,,,,,,,,,@SouthwestAir would rather I book my flight with @Delta what happend to rewarding loyalty? https://t.co/IKMZRH6VXh,"@165056 Hi Jen, when you need us just tweet us. 😊 *TBT",@Delta I need more miles with you to book this great deal! Trying to get to RDU for a friend in need!,"@165056 If you DM your telephone # to the link provided, I will be glad to call you and see how I can help.  *TBT https://t.co/6iDGBJAc2m",,,,,,,,,,,,,,,,,2025-09-27T02:55:19.024Z,job_20250927_012637,2
68d752237222cee3d33c8719,1201,68ce563352b33355379dfef5,Other regarding General,Other,General,Neutral,,210854,,,,,,,,,,,,,,,,,,,,165912,,,,,,,,,,,,,,,,,,,,Customer,,,,,,,,,,,,,,,,,,,,true,,,,,,,,,,,,,,,,,,,,Wed Oct 04 19:17:45 +0000 2017,,,,,,,,,,,,,,,,,,,,Any help? @AmericanAir @JetBlue @Delta @SouthwestAir @116450  https://t.co/Ut4RWFWMSe,,,,,,,,,,,,,,,,,,,,2025-09-27T02:55:31.471Z,job_20250927_012637,2
68d752337222cee3d33c871a,1207,68ce563352b33355379dfefb,Complaint regarding Technical Support,Complaint,Technical Support,Negative,,214192,214191,,,,,,,,,,,,,,,,,,,166869,Delta,,,,,,,,,,,,,,,,,,,Customer,Service Provider,,,,,,,,,,,,,,,,,,,true,false,,,,,,,,,,,,,,,,,,,Wed Oct 04 19:01:04 +0000 2017,Wed Oct 04 20:15:42 +0000 2017,,,,,,,,,,,,,,,,,,,@Delta very upset. Traveling with breast milk. Forced to check bag even though there is space available. https://t.co/5KvQIlB3id,@166869 Oh my! Sarah please follow and DM your Delta confirmation for today's travel.  *HAN,,,,,,,,,,,,,,,,,,,2025-09-27T02:55:47.613Z,job_20250927_012637,2
68d752477222cee3d33c871b,1209,68ce563352b33355379dfefd,Complaint regarding Technical Support,Complaint,Technical Support,Negative,,214196,214195,,,,,,,,,,,,,,,,,,,166871,Delta,,,,,,,,,,,,,,,,,,,Customer,Service Provider,,,,,,,,,,,,,,,,,,,true,false,,,,,,,,,,,,,,,,,,,Wed Oct 04 19:52:55 +0000 2017,Wed Oct 04 19:55:54 +0000 2017,,,,,,,,,,,,,,,,,,,@Delta Very annoyed at being stuck in the airport for 7 hours unnecessarily because of the ignorance of Delta Platinum customer service.,@166871 I'm very sorry Colin. Can you DM you confirmation # to the link provided? I will be glad to help.  *TBT https://t.co/6iDGBJAc2m,,,,,,,,,,,,,,,,,,,2025-09-27T02:56:07.810Z,job_20250927_012637,2
68d752577222cee3d33c871c,1210,68ce563352b33355379dfefe,Technical Support regarding Technical,Technical Support,Technical,Neutral,,214198,214197,,,,,,,,,,,,,,,,,,,166872,Delta,,,,,,,,,,,,,,,,,,,Customer,Service Provider,,,,,,,,,,,,,,,,,,,true,false,,,,,,,,,,,,,,,,,,,Wed Oct 04 19:53:48 +0000 2017,Wed Oct 04 19:55:12 +0000 2017,,,,,,,,,,,,,,,,,,,@delta could you please have someone come fix the baggage claim issues @126260  https://t.co/7IXe33TXcK,"@166872 Hi, Carrie. Please follow and elaborate via DM.  *AST https://t.co/6iDGBJAc2m",,,,,,,,,,,,,,,,,,,2025-09-27T02:56:23.561Z,job_20250927_012637,2
68d752647222cee3d33c871d,1215,68ce563352b33355379dff03,Other regarding General,Other,General,Positive,,214555,214554,,,,,,,,,,,,,,,,,,,166967,Delta,,,,,,,,,,,,,,,,,,,Customer,Service Provider,,,,,,,,,,,,,,,,,,,true,false,,,,,,,,,,,,,,,,,,,Thu Oct 05 00:51:24 +0000 2017,Thu Oct 05 01:02:24 +0000 2017,,,,,,,,,,,,,,,,,,,Thank you @Delta for your incredible support of breast cancer awareness &amp; research. Your employees look great.,@166967 We appreciate the tweet! Thank you so much!  *HVI,,,,,,,,,,,,,,,,,,,2025-09-27T02:56:36.097Z,job_20250927_012637,2
68d752747222cee3d33c871e,1219,68ce563352b33355379dff07,Feedback regarding Technical Support,Feedback,Technical Support,Positive,,214566,214565,,,,,,,,,,,,,,,,,,,166971,Delta,,,,,,,,,,,,,,,,,,,Customer,Service Provider,,,,,,,,,,,,,,,,,,,true,false,,,,,,,,,,,,,,,,,,,Thu Oct 05 00:37:27 +0000 2017,Thu Oct 05 00:59:00 +0000 2017,,,,,,,,,,,,,,,,,,,@Delta please congrat the 2 Boston based flt attendants up front on DL2745 Oct 3 for being hilarious. And yes I am a #professionalcomedian!,@166971 Really glad you enjoyed your flight! We'll pass along your compliment to the crew for recognition. *HEC,,,,,,,,,,,,,,,,,,,2025-09-27T02:56:52.797Z,job_20250927_012637,2
68d752827222cee3d33c871f,1221,68ce563352b33355379dff09,Product Inquiry regarding Travel,Product Inquiry,Travel,Neutral,,214574,214573,,,,,,,,,,,,,,,,,,,166973,Delta,,,,,,,,,,,,,,,,,,,Customer,Service Provider,,,,,,,,,,,,,,,,,,,true,false,,,,,,,,,,,,,,,,,,,Thu Oct 05 00:29:18 +0000 2017,Thu Oct 05 00:50:05 +0000 2017,,,,,,,,,,,,,,,,,,,Let me request an upgrade on the first leg of this trip @delta!!,@166973 Hi. Please follow &amp; Direct Message your Delta confirmation # for review. *HJH,,,,,,,,,,,,,,,,,,,2025-09-27T02:57:06.276Z,job_20250927_012637,2
68d752a47222cee3d33c8720,1225,68ce563352b33355379dff0d,Cancel Order regarding Orders,Cancel Order,Orders,Neutral,,214588,214587,214586,214585,214584,214583,,,,,,,,,,,,,,,166976,Delta,166976,Delta,166976,Delta,,,,,,,,,,,,,,,Customer,Service Provider,Customer,Service Provider,Customer,Service Provider,,,,,,,,,,,,,,,true,false,true,false,true,false,,,,,,,,,,,,,,,Wed Oct 04 23:52:28 +0000 2017,Thu Oct 05 00:08:15 +0000 2017,Thu Oct 05 00:14:03 +0000 2017,Thu Oct 05 00:20:21 +0000 2017,Thu Oct 05 00:26:21 +0000 2017,Thu Oct 05 00:35:51 +0000 2017,,,,,,,,,,,,,,,2/2 to go to Virgin Islands for Hurricane relief. This shouldn't be difficult. I have proof. How is this not covered? @Delta @10947,"@166976 Hi Kayla, how can we assist? *HDV","@Delta I included proof of him being called up, a letter from his CO. I just don't know what else is needed. It's not like this was planned",@166976 Refund request may be submitted via this link:  https://t.co/XAdWWzDrF4 *HRS,"@Delta I tried. It says non-refundable. Maybe because I bought it thru Travelocity? Even if a travel voucher would be an option, I'd take it","@166976 Kayla, please share the ticket number or conf # via this link.  *HYC https://t.co/6iDGBJAc2m",,,,,,,,,,,,,,,2025-09-27T02:57:40.660Z,job_20250927_012637,2
68d752b37222cee3d33c8721,1232,68ce563352b33355379dff14,Feedback regarding General,Feedback,General,Positive,,214607,214606,,,,,,,,,,,,,,,,,,,166983,Delta,,,,,,,,,,,,,,,,,,,Customer,Service Provider,,,,,,,,,,,,,,,,,,,true,false,,,,,,,,,,,,,,,,,,,Wed Oct 04 23:57:49 +0000 2017,Wed Oct 04 23:59:50 +0000 2017,,,,,,,,,,,,,,,,,,,"@Delta 2 legs today MCO-ATL-FSD 2 good upgrades in comfort+ thank you so much, you nail it once again 👍👍",@166983 It is always a pleasure to have you on board. 😊 *ALA,,,,,,,,,,,,,,,,,,,2025-09-27T02:57:55.147Z,job_20250927_012637,2
68d752c07222cee3d33c8722,1233,68ce563352b33355379dff15,Other regarding Travel/Aviation,Other,Travel/Aviation,Neutral,,215474,,,,,,,,,,,,,,,,,,,,167207,,,,,,,,,,,,,,,,,,,,Customer,,,,,,,,,,,,,,,,,,,,true,,,,,,,,,,,,,,,,,,,,Thu Oct 05 01:10:56 +0000 2017,,,,,,,,,,,,,,,,,,,,@Delta and @AmericanAir coming into land as @British_Airways taxis in preparation for take off at San Francisco @118580\n\n@82253 https://t.co/zXpyPeTQ6A,,,,,,,,,,,,,,,,,,,,2025-09-27T02:58:08.309Z,job_20250927_012637,2
68d752da7222cee3d33c8723,1237,68ce563352b33355379dff19,Technical Support regarding Travel/Transportation,Technical Support,Travel/Transportation,Neutral,,218441,218439,218440,218442,,,,,,,,,,,,,,,,,163327,Delta,163327,Delta,,,,,,,,,,,,,,,,,Customer,Service Provider,Customer,Service Provider,,,,,,,,,,,,,,,,,true,false,true,false,,,,,,,,,,,,,,,,,Thu Oct 05 01:37:24 +0000 2017,Thu Oct 05 01:42:08 +0000 2017,Thu Oct 05 01:52:00 +0000 2017,Thu Oct 05 02:09:32 +0000 2017,,,,,,,,,,,,,,,,,@Delta boarding @133384 not working well.  Confusion on what pillars are for what gate. Not enough room to make it work #goatrodeo https://t.co/fwEb9z5ggn,@163327 You may view a full list of boarding zone details using this link:  https://t.co/5G1OCcudak *HRS,@Delta @Delta Thanks. This was more of an FYI for you all. The system at Reagan airport is not laid out well. lines collide with other gates lines,"@163327 We appreciate your feedback, Dom. Thank you for sharing. *ABN",,,,,,,,,,,,,,,,,2025-09-27T02:58:34.726Z,job_20250927_012637,2
68d752e87222cee3d33c8724,1239,68ce563352b33355379dff1b,Order Status regarding Orders,Order Status,Orders,Neutral,,218449,218448,,,,,,,,,,,,,,,,,,,166964,Delta,,,,,,,,,,,,,,,,,,,Customer,Service Provider,,,,,,,,,,,,,,,,,,,true,false,,,,,,,,,,,,,,,,,,,Thu Oct 05 01:22:10 +0000 2017,Thu Oct 05 01:41:43 +0000 2017,,,,,,,,,,,,,,,,,,,I'm on hold now for 1 hour and 16 minutes @Delta - please help #help #delta,@166964 Please DM us your confirmation number here.  *ALA https://t.co/6iDGBJAc2m,,,,,,,,,,,,,,,,,,,2025-09-27T02:58:48.909Z,job_20250927_012637,2
68d7530b7222cee3d33c8725,1242,68ce563352b33355379dff1e,Complaint regarding Technical Support,Complaint,Technical Support,Negative,,218462,218461,218456,218454,218455,218457,218458,218459,218460,,,,,,,,,,,,166968,168097,166968,Delta,166968,166968,166968,166968,166968,,,,,,,,,,,,Customer,Customer,Customer,Service Provider,Customer,Customer,Customer,Customer,Customer,,,,,,,,,,,,true,true,true,false,true,true,true,true,true,,,,,,,,,,,,Thu Oct 05 01:22:02 +0000 2017,Thu Oct 05 01:24:03 +0000 2017,Thu Oct 05 01:26:04 +0000 2017,Thu Oct 05 01:27:42 +0000 2017,Thu Oct 05 01:31:56 +0000 2017,Thu Oct 05 01:36:18 +0000 2017,Thu Oct 05 01:38:29 +0000 2017,Thu Oct 05 01:40:57 +0000 2017,Thu Oct 05 01:51:45 +0000 2017,,,,,,,,,,,,@delta Mohammad sheikh &amp; Nicholas Rodriguez are the managers here &amp; a male first class agent was the issue here. This is insane.,@166968 @Delta But you're seated right? Or are they still persisting?,@168097 @Delta Nope the Lying attendant refused to fly w me and they needed him so I'm flying out tmw. Furious.,"@166968 Hey, Sarah. My apologies you are having a difficult experience with us on board. Please share more details via DM.  *HDG",@Delta Ive shared experiences. Called delta and it's a 45 minute delay to speak to someone. I need to speak to someone now.,@Delta I'm also dming you. No one is responding.,@Delta Still waiting.,"@Delta Still waiting. This is beyond insane. No response from the team here ""24/7""? Not ok.",@Delta Still waiting.,,,,,,,,,,,,2025-09-27T02:59:23.167Z,job_20250927_012637,2
68d753227222cee3d33c8726,1247,68ce563352b33355379dff23,Order Status regarding Travel/Flight,Order Status,Travel/Flight,Neutral,,219086,219084,219085,219087,,,,,,,,,,,,,,,,,168237,Delta,168237,Delta,,,,,,,,,,,,,,,,,Customer,Service Provider,Customer,Service Provider,,,,,,,,,,,,,,,,,true,false,true,false,,,,,,,,,,,,,,,,,Thu Oct 05 02:21:27 +0000 2017,Thu Oct 05 02:22:24 +0000 2017,Thu Oct 05 02:26:40 +0000 2017,Thu Oct 05 02:30:24 +0000 2017,,,,,,,,,,,,,,,,,@Delta I'm having trouble checking in everyone on my itinerary. I've tried the app &amp; online. Can y'all help?,"@168237 Hi, Ed. If all of your party is unable to check-in via our website/app, please check-in at the airport with a ticket agent. *ABN","@Delta Yeah was kinda hoping y'all could help us get checked in online if possible, trying to save a little time. No worries.","@168237 I understand Ed. Regrettably, we aren't able to check passengers in. *ABN",,,,,,,,,,,,,,,,,2025-09-27T02:59:46.321Z,job_20250927_012637,2
68d753387222cee3d33c8727,1249,68ce563352b33355379dff25,Technical Support regarding Travel/Transportation,Technical Support,Travel/Transportation,Negative,,219092,219090,219091,219093,,,,,,,,,,,,,,,,,164110,Delta,164110,Delta,,,,,,,,,,,,,,,,,Customer,Service Provider,Customer,Service Provider,,,,,,,,,,,,,,,,,true,false,true,false,,,,,,,,,,,,,,,,,Thu Oct 05 02:08:35 +0000 2017,Thu Oct 05 02:19:02 +0000 2017,Thu Oct 05 02:34:06 +0000 2017,Thu Oct 05 02:40:58 +0000 2017,,,,,,,,,,,,,,,,,@Delta: connection from flt2424 to flt551 is bananas. No gate# staff can't answer gateQ. I ran. What if disabled? Older? Late? Be/Do better,"@164110 Again, my apologies. If I can be of any help ps DM. *AAB",@Delta I just don't understand the logic.,@164110 Thanks so much for your constructive feedback. I'll be certain to pass it along. *AAB,,,,,,,,,,,,,,,,,2025-09-27T03:00:08.177Z,job_20250927_012637,2
68d753447222cee3d33c8728,1250,68ce563352b33355379dff26,Feedback regarding General,Feedback,General,Positive,,219095,219094,,,,,,,,,,,,,,,,,,,168239,Delta,,,,,,,,,,,,,,,,,,,Customer,Service Provider,,,,,,,,,,,,,,,,,,,true,false,,,,,,,,,,,,,,,,,,,Thu Oct 05 01:59:24 +0000 2017,Thu Oct 05 02:18:01 +0000 2017,,,,,,,,,,,,,,,,,,,big thanks to @Delta for helping me get home sooner! so seamless + lovely.,"@168239 There is no place like home, Teri. 😄 *ALA",,,,,,,,,,,,,,,,,,,2025-09-27T03:00:20.529Z,job_20250927_012637,2
68d753587222cee3d33c8729,1252,68ce563352b33355379dff28,Technical Support regarding Account/Billing,Technical Support,Account/Billing,Negative,,219099,219098,,,,,,,,,,,,,,,,,,,168241,Delta,,,,,,,,,,,,,,,,,,,Customer,Service Provider,,,,,,,,,,,,,,,,,,,true,false,,,,,,,,,,,,,,,,,,,Thu Oct 05 01:47:44 +0000 2017,Thu Oct 05 02:11:54 +0000 2017,,,,,,,,,,,,,,,,,,,@delta Just flew RST ATL on H7HMWE. At least 3 comfort seats avail but I did not get upgraded with my Silver status. Why not?,"@168241 Hi, Don. I do not see availability on the seat map but I will forward this to our Leadership team for review.  *ALA",,,,,,,,,,,,,,,,,,,2025-09-27T03:00:40.647Z,job_20250927_012637,2
68d753687222cee3d33c872a,1308,68ce563352b33355379dff60,Complaint regarding Technical Support,Complaint,Technical Support,Negative,,229255,229252,229251,,,,,,,,,,,,,,,,,,158122,158122,Delta,,,,,,,,,,,,,,,,,,Customer,Customer,Service Provider,,,,,,,,,,,,,,,,,,true,true,false,,,,,,,,,,,,,,,,,,Wed Oct 11 17:31:58 +0000 2017,Wed Oct 11 17:34:30 +0000 2017,Wed Oct 11 18:00:37 +0000 2017,,,,,,,,,,,,,,,,,,@Delta so displeased in your service today !!! #DL1119,@Delta 50 + segments this is where I get sat at https://t.co/WOykWupVwX,@158122 ...direct message.  \n *TJM 3/3,,,,,,,,,,,,,,,,,,2025-09-27T03:00:56.402Z,job_20250927_012637,2
68d7537c7222cee3d33c872b,1311,68ce563352b33355379dff63,Order Status regarding Shipping/Delivery,Order Status,Shipping/Delivery,Negative,,230703,230701,230702,,,,,,,,,,,,,,,,,,170944,Delta,170944,,,,,,,,,,,,,,,,,,Customer,Service Provider,Customer,,,,,,,,,,,,,,,,,,true,false,true,,,,,,,,,,,,,,,,,,Thu Oct 05 09:29:56 +0000 2017,Thu Oct 05 09:32:13 +0000 2017,Thu Oct 05 09:47:12 +0000 2017,,,,,,,,,,,,,,,,,,Dear @Delta It's been 72 hours without my #suitcase. I KNOW don't want to buy me a new evening gown to wear tonight #sbrigate #WhenInRome,@170944 Oh no! Please DM us your baggage claim number so we can look into this.  *ALA https://t.co/6iDGBJAc2m,@Delta Just did thank u - leaving Naples at 1pm,,,,,,,,,,,,,,,,,,2025-09-27T03:01:16.678Z,job_20250927_012637,2
68d753907222cee3d33c872c,1316,68ce563352b33355379dff68,Feedback regarding General,Feedback,General,Positive,,232318,232316,232317,232319,,,,,,,,,,,,,,,,,171307,Delta,171307,Delta,,,,,,,,,,,,,,,,,Customer,Service Provider,Customer,Service Provider,,,,,,,,,,,,,,,,,true,false,true,false,,,,,,,,,,,,,,,,,Thu Oct 05 10:53:36 +0000 2017,Thu Oct 05 10:54:03 +0000 2017,Thu Oct 05 13:44:49 +0000 2017,Thu Oct 05 13:46:28 +0000 2017,,,,,,,,,,,,,,,,,"Arrived in @Delta Comfort style to #Blogalicious9 in Miami. Looking forward to meeting new blog peeps, brand reps &amp; speakers 😁. #Day1 https://t.co/RidNvQ4VuI",@171307 Welcome! *ALY,@Delta Thank you! Looking forward to the same comfort when I fly home on Sunday. 👍,@171307 You are welcome! *TAS,,,,,,,,,,,,,,,,,2025-09-27T03:01:36.739Z,job_20250927_012637,2
68d753ab7222cee3d33c872d,1321,68ce563352b33355379dff6d,Feedback regarding General,Feedback,General,Positive,,232759,232757,232758,232760,232761,232762,232763,232764,,,,,,,,,,,,,171405,Delta,171405,Delta,171405,Delta,171405,Delta,,,,,,,,,,,,,Customer,Service Provider,Customer,Service Provider,Customer,Service Provider,Customer,Service Provider,,,,,,,,,,,,,true,false,true,false,true,false,true,false,,,,,,,,,,,,,Thu Oct 05 11:34:30 +0000 2017,Thu Oct 05 11:36:18 +0000 2017,Thu Oct 05 12:18:30 +0000 2017,Thu Oct 05 12:20:02 +0000 2017,Thu Oct 05 12:33:28 +0000 2017,Thu Oct 05 12:38:03 +0000 2017,Thu Oct 05 12:57:15 +0000 2017,Thu Oct 05 12:57:42 +0000 2017,,,,,,,,,,,,,Waiting in the @Delta Sky Lounge in ATL for my flight to the PDX @11978!  VIP party tonight... https://t.co/rC0C40q7wv,@171405 Have a great flight Joseph! *ALS,"@Delta Thank you very much!  At the gate now, so far so good.",@171405 Great to hear and thank you for your service!  *TRR,"@Delta You're most welcome, and thanks for being so great that you're my favorite airline.",@171405 Thank you for the kind words. We appreciate your loyalty. ✈ *TJE,"@Delta You're welcome, and you've earned it.",@171405 :-) *ALS,,,,,,,,,,,,,2025-09-27T03:02:03.972Z,job_20250927_012637,2
68d753be7222cee3d33c872e,1322,68ce563352b33355379dff6e,Technical Support regarding Travel/Flight,Technical Support,Travel/Flight,Neutral,,232768,232767,232766,232765,,,,,,,,,,,,,,,,,171406,Delta,171406,Delta,,,,,,,,,,,,,,,,,Customer,Service Provider,Customer,Service Provider,,,,,,,,,,,,,,,,,true,false,true,false,,,,,,,,,,,,,,,,,Thu Oct 05 11:24:32 +0000 2017,Thu Oct 05 11:26:49 +0000 2017,Thu Oct 05 11:31:02 +0000 2017,Thu Oct 05 11:33:35 +0000 2017,,,,,,,,,,,,,,,,,2nd flight that my boarding pass won’t add into my apple wallet! What’s up with that @Delta,@171406 Have you tried rebooting your system? *ALS,@Delta Yep,@171406 Please contact our Online Customer Support Desk at 888 750 3284 to see if a representative can help. *ALS,,,,,,,,,,,,,,,,,2025-09-27T03:02:22.717Z,job_20250927_012637,2
68d753cc7222cee3d33c872f,1326,68ce563352b33355379dff72,Product Inquiry regarding Travel/Flight,Product Inquiry,Travel/Flight,Neutral,,233193,233192,,,,,,,,,,,,,,,,,,,171508,Delta,,,,,,,,,,,,,,,,,,,Customer,Service Provider,,,,,,,,,,,,,,,,,,,true,false,,,,,,,,,,,,,,,,,,,Thu Oct 05 12:10:50 +0000 2017,Thu Oct 05 12:12:04 +0000 2017,,,,,,,,,,,,,,,,,,,Flying @Delta out to Portland for a few days to see my Dad and my sister Robin joining me.,@171508 We look forward to you flying with us. ✈ *ATJ,,,,,,,,,,,,,,,,,,,2025-09-27T03:02:36.145Z,job_20250927_012637,2
68d753db7222cee3d33c8730,1328,68ce563352b33355379dff74,Technical Support regarding Travel/Flight,Technical Support,Travel/Flight,Neutral,,233197,233196,,,,,,,,,,,,,,,,,,,171510,Delta,,,,,,,,,,,,,,,,,,,Customer,Service Provider,,,,,,,,,,,,,,,,,,,true,false,,,,,,,,,,,,,,,,,,,Thu Oct 05 12:04:24 +0000 2017,Thu Oct 05 12:08:30 +0000 2017,,,,,,,,,,,,,,,,,,,@Delta Any chance I could ride standby on earlier flight from Sacramento to KC today?,"@171510 Hi. Certainly, but there is a $75 fee for Standby. *TJH",,,,,,,,,,,,,,,,,,,2025-09-27T03:02:51.346Z,job_20250927_012637,2
68d753e97222cee3d33c8731,1335,68ce563352b33355379dff7b,Feedback regarding General,Feedback,General,Positive,,233852,233851,,,,,,,,,,,,,,,,,,,171674,Delta,,,,,,,,,,,,,,,,,,,Customer,Service Provider,,,,,,,,,,,,,,,,,,,true,false,,,,,,,,,,,,,,,,,,,Thu Oct 05 12:36:41 +0000 2017,Thu Oct 05 12:39:22 +0000 2017,,,,,,,,,,,,,,,,,,,First time flying @Delta in years and I'm a happy camper. Excited to fly next week! #BusinessTravel #workingmom,"@171674 Welcome, Katherine. Please reach out to us if we may be of assistance. *ALY",,,,,,,,,,,,,,,,,,,2025-09-27T03:03:05.376Z,job_20250927_012637,2
68d753fb7222cee3d33c8732,1337,68ce563352b33355379dff7d,Feedback regarding General,Feedback,General,Positive,,233858,233857,,,,,,,,,,,,,,,,,,,171676,Delta,,,,,,,,,,,,,,,,,,,Customer,Service Provider,,,,,,,,,,,,,,,,,,,true,false,,,,,,,,,,,,,,,,,,,Thu Oct 05 12:34:37 +0000 2017,Thu Oct 05 12:37:39 +0000 2017,,,,,,,,,,,,,,,,,,,"@Delta thank you SO MUCH for finding my lost phone &amp; mailing it to me! You helped save tons of family photos, like this one. I am so happy 😁 https://t.co/C0VHd57DI9","@171676 Wow. That is exciting so happy for you.Thanks for the shout-out, Molly and for sharing the cute pic! *TJM",,,,,,,,,,,,,,,,,,,2025-09-27T03:03:23.806Z,job_20250927_012637,2
68d7540b7222cee3d33c8733,1341,68ce563352b33355379dff81,Other regarding Travel,Other,Travel,Positive,,233888,233887,,,,,,,,,,,,,,,,,,,171684,Delta,,,,,,,,,,,,,,,,,,,Customer,Service Provider,,,,,,,,,,,,,,,,,,,true,false,,,,,,,,,,,,,,,,,,,Thu Oct 05 12:25:27 +0000 2017,Thu Oct 05 12:29:19 +0000 2017,,,,,,,,,,,,,,,,,,,"Excited for mini vacay in NoLa with guncles and LOML! LGA-ATL-LFT then MSY (at @Delta Sky Club in East Elmhurst, NY) https://t.co/t6qynI3146",@171684 Enjoy your vacay.  *TAS,,,,,,,,,,,,,,,,,,,2025-09-27T03:03:39.782Z,job_20250927_012637,2
68d754207222cee3d33c8734,1343,68ce563352b33355379dff83,Technical Support regarding Travel/Transportation,Technical Support,Travel/Transportation,Neutral,,233897,233895,233894,,,,,,,,,,,,,,,,,,171688,171687,Delta,,,,,,,,,,,,,,,,,,Customer,Customer,Service Provider,,,,,,,,,,,,,,,,,,true,true,false,,,,,,,,,,,,,,,,,,Thu Oct 05 12:18:21 +0000 2017,Thu Oct 05 12:23:57 +0000 2017,Thu Oct 05 12:26:10 +0000 2017,,,,,,,,,,,,,,,,,,My next @Delta flight has more open FC seats then passengers on upgrade list. Go Silvers!,@171688 @Delta I'm a Silver and i get this situation all the time on LGA-MSY and MSY-LGA...guessing it's a very tourist-heavy route without FFs,@171687 Happy to hear you will be able to stretch out today on your flight.  Have a great day! 😄 *TJF,,,,,,,,,,,,,,,,,,2025-09-27T03:04:00.480Z,job_20250927_012637,2
68d7542e7222cee3d33c8735,1347,68ce563352b33355379dff87,Complaint regarding Travel/Transportation,Complaint,Travel/Transportation,Negative,,234593,234592,,,,,,,,,,,,,,,,,,,171854,Delta,,,,,,,,,,,,,,,,,,,Customer,Service Provider,,,,,,,,,,,,,,,,,,,true,false,,,,,,,,,,,,,,,,,,,Thu Oct 05 13:10:21 +0000 2017,Thu Oct 05 13:12:29 +0000 2017,,,,,,,,,,,,,,,,,,,"VERY displeased with @Delta for the insane $$$ they want to change a flight, even in a family emergency! Deeply unfair.",@171854 My apology for any inconvenience. *ALS,,,,,,,,,,,,,,,,,,,2025-09-27T03:04:14.486Z,job_20250927_012637,2
68d7543f7222cee3d33c8736,1352,68ce563352b33355379dff8c,Feedback regarding General,Feedback,General,Positive,,234611,234610,,,,,,,,,,,,,,,,,,,171859,Delta,,,,,,,,,,,,,,,,,,,Customer,Service Provider,,,,,,,,,,,,,,,,,,,true,false,,,,,,,,,,,,,,,,,,,Thu Oct 05 12:52:09 +0000 2017,Thu Oct 05 12:54:34 +0000 2017,,,,,,,,,,,,,,,,,,,"Thank you for IFE with SatTV @delta, so I don’t have to miss my client and friend @12019 on @171860! https://t.co/CcqRhF66LP",@171859 @12019 @171860 It's a pleasure to have you onboard! Thanks for flying with us. Enjoy! *HKM,,,,,,,,,,,,,,,,,,,2025-09-27T03:04:31.507Z,job_20250927_012637,2
68d7544f7222cee3d33c8737,1355,68ce563352b33355379dff8f,Feedback regarding General,Feedback,General,Positive,,234617,234616,,,,,,,,,,,,,,,,,,,162040,Delta,,,,,,,,,,,,,,,,,,,Customer,Service Provider,,,,,,,,,,,,,,,,,,,true,false,,,,,,,,,,,,,,,,,,,Thu Oct 05 12:45:38 +0000 2017,Thu Oct 05 12:46:44 +0000 2017,,,,,,,,,,,,,,,,,,,@Delta 30 mins into flight &amp; I'm now Silver status!! Where's the balloons? Where's the parade? #chasinggoldbaby #firstclassonreturntripmaybe,@162040 Awesome!  Congratulations!!!!!!  👐  *ALY,,,,,,,,,,,,,,,,,,,2025-09-27T03:04:47.635Z,job_20250927_012637,2
68d754657222cee3d33c8738,1357,68ce563352b33355379dff91,Complaint regarding Technical Support,Complaint,Technical Support,Negative,,235230,235229,235228,235227,,,,,,,,,,,,,,,,,172019,Delta,172019,Delta,,,,,,,,,,,,,,,,,Customer,Service Provider,Customer,Service Provider,,,,,,,,,,,,,,,,,true,false,true,false,,,,,,,,,,,,,,,,,Thu Oct 05 13:19:45 +0000 2017,Thu Oct 05 13:20:53 +0000 2017,Thu Oct 05 13:37:19 +0000 2017,Thu Oct 05 13:38:33 +0000 2017,,,,,,,,,,,,,,,,,Crabby gate agent at A34 in ATL this morning @Delta. You have many wonderful people you don't need this lady.,@172019 There is absolutely no excuse for unprofessional behavior. Do you have the name of the agent? *ALS,"@Delta I couldn't see her name tag, she is working A34 for DL1580 to LAS.",@172019 Thank you. I will forward the information over to our leadership team. My sincere apology for any inconvenience. *ALS,,,,,,,,,,,,,,,,,2025-09-27T03:05:09.248Z,job_20250927_012637,2
68d754717222cee3d33c8739,1253,68ce563352b33355379dff29,Technical Support regarding Travel,Technical Support,Travel,Neutral,,219101,219100,,,,,,,,,,,,,,,,,,,168242,Delta,,,,,,,,,,,,,,,,,,,Customer,Service Provider,,,,,,,,,,,,,,,,,,,true,false,,,,,,,,,,,,,,,,,,,Thu Oct 05 01:52:48 +0000 2017,Thu Oct 05 02:11:48 +0000 2017,,,,,,,,,,,,,,,,,,,@Delta need some help with my flight tomorrow,"@168242 How may we assist, Earl? *ABN",,,,,,,,,,,,,,,,,,,2025-09-27T03:05:21.505Z,job_20250927_012637,2
68d7547e7222cee3d33c873a,1256,68ce563352b33355379dff2c,Complaint regarding Technical Support,Complaint,Technical Support,Negative,,219283,,,,,,,,,,,,,,,,,,,,168298,,,,,,,,,,,,,,,,,,,,Customer,,,,,,,,,,,,,,,,,,,,true,,,,,,,,,,,,,,,,,,,,Thu Oct 05 01:54:50 +0000 2017,,,,,,,,,,,,,,,,,,,,Worst experience with @SouthwestAir hit their own plane. Won't get home until 1330 tomorrow and C group. Wish I was on @Delta,,,,,,,,,,,,,,,,,,,,2025-09-27T03:05:34.815Z,job_20250927_012637,2
68d7548c7222cee3d33c873b,1258,68ce563352b33355379dff2e,Technical Support regarding Warranty,Technical Support,Warranty,Negative,,221993,,,,,,,,,,,,,,,,,,,,169021,,,,,,,,,,,,,,,,,,,,Customer,,,,,,,,,,,,,,,,,,,,true,,,,,,,,,,,,,,,,,,,,Wed Oct 04 23:36:23 +0000 2017,,,,,,,,,,,,,,,,,,,,@AskAmex @116988 @Delta Its BS to send me 70k mile offer in the package w my new card and not let me get the extra miles. Shame.,,,,,,,,,,,,,,,,,,,,2025-09-27T03:05:48.030Z,job_20250927_012637,2
68d7549a7222cee3d33c873c,1259,68ce563352b33355379dff2f,Feedback regarding General,Feedback,General,Positive,,223259,223258,,,,,,,,,,,,,,,,,,,125018,Delta,,,,,,,,,,,,,,,,,,,Customer,Service Provider,,,,,,,,,,,,,,,,,,,true,false,,,,,,,,,,,,,,,,,,,Thu Oct 05 03:49:35 +0000 2017,Thu Oct 05 04:03:18 +0000 2017,,,,,,,,,,,,,,,,,,,Yay. Got to @Delta diamond medallion status for next year already 🖤✈️ https://t.co/vM5Woxk7Tf,@125018 Congrats! Pleasure to have you with us!  *HVI,,,,,,,,,,,,,,,,,,,2025-09-27T03:06:02.605Z,job_20250927_012637,2
68d754ac7222cee3d33c873d,1262,68ce563352b33355379dff32,Complaint regarding Travel/Transportation,Complaint,Travel/Transportation,Negative,,223266,223265,,,,,,,,,,,,,,,,,,,169327,Delta,,,,,,,,,,,,,,,,,,,Customer,Service Provider,,,,,,,,,,,,,,,,,,,true,false,,,,,,,,,,,,,,,,,,,Thu Oct 05 03:41:51 +0000 2017,Thu Oct 05 04:00:27 +0000 2017,,,,,,,,,,,,,,,,,,,@Delta very upset I pd extra 4 delta comfort to pick aisle seat in adv &amp; find out @ check its given 2 someone else.waited 50 mins 4 rep 😡😡😡,@169327 So sorry to disappoint. Please follow and DM your confirmation number.  *HVI,,,,,,,,,,,,,,,,,,,2025-09-27T03:06:20.427Z,job_20250927_012637,2
68d754bc7222cee3d33c873e,1264,68ce563352b33355379dff34,Technical Support regarding General,Technical Support,General,Negative,,223272,223271,,,,,,,,,,,,,,,,,,,169329,Delta,,,,,,,,,,,,,,,,,,,Customer,Service Provider,,,,,,,,,,,,,,,,,,,true,false,,,,,,,,,,,,,,,,,,,Thu Oct 05 03:28:48 +0000 2017,Thu Oct 05 03:48:22 +0000 2017,,,,,,,,,,,,,,,,,,,@Delta I was just on hold for an hour and your customer service line dropped me. I lost my place in line and now have to wait another hour,"@169329 Sorry to hear that happened, Devyn. Let us know if we can assist via Twitter.  *ALA",,,,,,,,,,,,,,,,,,,2025-09-27T03:06:36.510Z,job_20250927_012637,2
68d754d27222cee3d33c873f,1269,68ce563352b33355379dff39,Complaint regarding Technical Support,Complaint,Technical Support,Negative,,223286,223285,223283,223282,,,,,,,,,,,,,,,,,169334,Delta,169334,Delta,,,,,,,,,,,,,,,,,Customer,Service Provider,Customer,Service Provider,,,,,,,,,,,,,,,,,true,false,true,false,,,,,,,,,,,,,,,,,Thu Oct 05 02:46:16 +0000 2017,Thu Oct 05 02:57:43 +0000 2017,Thu Oct 05 03:13:12 +0000 2017,Thu Oct 05 03:21:58 +0000 2017,,,,,,,,,,,,,,,,,"@Delta  couldn't checkin on app night before ,given the run around at the airport w no reason y . Missed flt, wrote an email ,no response.","@169334 Hi, Scott. Please DM us your case number via this link.  *ALA https://t.co/6iDGBJAc2m",@Delta Dm sent,"@169334 Please allow additional time for processing, rest assured you'll receive a response/resolution.  *HAA",,,,,,,,,,,,,,,,,2025-09-27T03:06:58.122Z,job_20250927_012637,2
68d754de7222cee3d33c8740,1274,68ce563352b33355379dff3e,Feedback regarding General,Feedback,General,Positive,,223299,223298,,,,,,,,,,,,,,,,,,,169339,Delta,,,,,,,,,,,,,,,,,,,Customer,Service Provider,,,,,,,,,,,,,,,,,,,true,false,,,,,,,,,,,,,,,,,,,Thu Oct 05 02:48:24 +0000 2017,Thu Oct 05 03:05:06 +0000 2017,,,,,,,,,,,,,,,,,,,Seems like I've been flying back to back for weeks - only one hiccup - thanks @delta.com!,"@169339 We are happy to have you with us, Mark.  *ALA",,,,,,,,,,,,,,,,,,,2025-09-27T03:07:10.895Z,job_20250927_012637,2
68d754ef7222cee3d33c8741,1280,68ce563352b33355379dff44,Feedback regarding General,Feedback,General,Positive,,224177,224176,,,,,,,,,,,,,,,,,,,169566,Delta,,,,,,,,,,,,,,,,,,,Customer,Service Provider,,,,,,,,,,,,,,,,,,,true,false,,,,,,,,,,,,,,,,,,,Thu Oct 05 04:10:41 +0000 2017,Thu Oct 05 04:30:20 +0000 2017,,,,,,,,,,,,,,,,,,,"@Delta it was a short flight 7380 tonight, but the crew was fantastic and we flew into a fantastic view off the wing! https://t.co/COeGWAmoB7",@169566 That's a great pic! Thank you for sharing.  *ALA,,,,,,,,,,,,,,,,,,,2025-09-27T03:07:27.355Z,job_20250927_012637,2
68d755037222cee3d33c8742,1283,68ce563352b33355379dff47,Technical Support regarding Travel/Transportation,Technical Support,Travel/Transportation,Neutral,,225084,225082,225083,225085,,,,,,,,,,,,,,,,,169771,Delta,169771,Delta,,,,,,,,,,,,,,,,,Customer,Service Provider,Customer,Service Provider,,,,,,,,,,,,,,,,,true,false,true,false,,,,,,,,,,,,,,,,,Thu Oct 05 06:07:09 +0000 2017,Thu Oct 05 06:09:06 +0000 2017,Thu Oct 05 06:25:23 +0000 2017,Thu Oct 05 06:26:47 +0000 2017,,,,,,,,,,,,,,,,,@Delta @824 I'm stranded and the voucher you gave me is for an oversold hotel. Need help at LAX from delayed flight 1726 from DCA.,@169771 ...our airport team.  *ABN 2/2,@Delta Thank you. I'm there now and struggling to get assistance. I appreciate your reply.,"@169771 You're very welcome, Sarah. *ABN",,,,,,,,,,,,,,,,,2025-09-27T03:07:47.133Z,job_20250927_012637,2
68d755287222cee3d33c8743,1286,68ce563352b33355379dff4a,Technical Support regarding In-Flight Experience,Technical Support,In-Flight Experience,Negative,,225643,225641,225642,225644,,,,,,,,,,,,,,,,,169907,Delta,169907,Delta,,,,,,,,,,,,,,,,,Customer,Service Provider,Customer,Service Provider,,,,,,,,,,,,,,,,,true,false,true,false,,,,,,,,,,,,,,,,,Sat Nov 25 02:26:14 +0000 2017,Sat Nov 25 02:26:31 +0000 2017,Sat Nov 25 02:40:17 +0000 2017,Sat Nov 25 02:44:59 +0000 2017,,,,,,,,,,,,,,,,,"@delta quite a disappointment we paid for wifi for the full duration of our flight, 2 hours in and it’s still buffering.","@169907 James, I'm sorry about the Wi-Fi! Please, be sure to report the matter to our Wi-Fi partner Gogo at @116462 or 1.877.350.0038. They need to get details from you of any messages or details you got during your attempt. *AFM","@Delta @116462 Paid for a service, that was not recieved...  what a waste. Constant buffering, no messages or detials that would inform us how to fix the problem. Disappointment.",@169907 Hi. Thanks for reaching out. I truly hope GoGo replies to this Tweet and helps troubleshoot it.  *AST,,,,,,,,,,,,,,,,,2025-09-27T03:08:24.704Z,job_20250927_012637,2
68d7553c7222cee3d33c8744,1287,68ce563352b33355379dff4b,Feedback regarding General,Feedback,General,Positive,,225648,225647,225646,225645,,,,,,,,,,,,,,,,,169908,Delta,169908,Delta,,,,,,,,,,,,,,,,,Customer,Service Provider,Customer,Service Provider,,,,,,,,,,,,,,,,,true,false,true,false,,,,,,,,,,,,,,,,,Sat Nov 25 02:20:26 +0000 2017,Sat Nov 25 02:21:51 +0000 2017,Sat Nov 25 02:24:11 +0000 2017,Sat Nov 25 02:25:22 +0000 2017,,,,,,,,,,,,,,,,,Shout out to @SouthwestAir and @Delta  for always taking care of me 🤙🏻,@169908 Thank you for choosing Delta! We appreciate your business Justin.  *TDH,@Delta ❤️,@169908 We love you too!😍 *AFM,,,,,,,,,,,,,,,,,2025-09-27T03:08:44.150Z,job_20250927_012637,2
68d7554a7222cee3d33c8745,1295,68ce563352b33355379dff53,Technical Support regarding Travel,Technical Support,Travel,Negative,,225893,225892,,,,,,,,,,,,,,,,,,,169928,Delta,,,,,,,,,,,,,,,,,,,Customer,Service Provider,,,,,,,,,,,,,,,,,,,true,false,,,,,,,,,,,,,,,,,,,Sat Nov 25 02:07:03 +0000 2017,Sat Nov 25 02:11:05 +0000 2017,,,,,,,,,,,,,,,,,,,Just got in a @Delta flight and its smelling pee really bad! Yuck!,"@169928 I am sorry to hear that, Victor. Please reach out to the In-Flight Crew to better assist you.  *AFM",,,,,,,,,,,,,,,,,,,2025-09-27T03:08:58.247Z,job_20250927_012637,2
68d755607222cee3d33c8746,1303,68ce563352b33355379dff5b,Complaint regarding Technical Support,Complaint,Technical Support,Negative,,229242,229240,229239,229238,,,,,,,,,,,,,,,,,170671,Delta,170671,Delta,,,,,,,,,,,,,,,,,Customer,Service Provider,Customer,Service Provider,,,,,,,,,,,,,,,,,true,false,true,false,,,,,,,,,,,,,,,,,Wed Oct 11 16:52:27 +0000 2017,Wed Oct 11 17:31:54 +0000 2017,Wed Oct 11 17:36:45 +0000 2017,Wed Oct 11 18:14:06 +0000 2017,,,,,,,,,,,,,,,,,"@Delta you customer service sucks and all you do is lie, I'll never fly your airline again!","@170671 Whoa! What's going on, Leo? *AAB","@Delta 2 assigned seat 25D, but the customer service rep did not give me that seat she just checked me in.  Now I lost the seat I liked and sleep",@170671 My apologies. Pls follow/DM your conf # if you're in need of seating assistance. *AAB,,,,,,,,,,,,,,,,,2025-09-27T03:09:20.245Z,job_20250927_012637,2
68d755777222cee3d33c8747,1310,68ce563352b33355379dff62,Product Inquiry regarding Technical,Product Inquiry,Technical,Neutral,,230051,230049,230050,230052,,,,,,,,,,,,,,,,,170816,Delta,170816,Delta,,,,,,,,,,,,,,,,,Customer,Service Provider,Customer,Service Provider,,,,,,,,,,,,,,,,,true,false,true,false,,,,,,,,,,,,,,,,,Thu Oct 05 09:05:03 +0000 2017,Thu Oct 05 09:11:30 +0000 2017,Thu Oct 05 13:17:16 +0000 2017,Thu Oct 05 13:19:18 +0000 2017,,,,,,,,,,,,,,,,,"@Delta want to checkin for delta op flt but redirected to AirFrance site, im silver status but cant upgrade to delta+, please advise!","@170816 Good morning, I am sorry that you are having issues with the Delta app. May I have your confirmation, please? Thanks.  *HCK",@Delta My confirmation is EFSXPT and i wanted to upgrade to a Delta+ seat on the aisle,@170816 Comfort + upgrades can be purchased by contacting our Reservation Sales team at 800 221 1212. *ALS,,,,,,,,,,,,,,,,,2025-09-27T03:09:43.092Z,job_20250927_012637,2
68d755877222cee3d33c8748,1312,68ce563352b33355379dff64,Product Inquiry regarding Travel/Airline,Product Inquiry,Travel/Airline,Neutral,,231977,231978,,,,,,,,,,,,,,,,,,,171233,Delta,,,,,,,,,,,,,,,,,,,Customer,Service Provider,,,,,,,,,,,,,,,,,,,true,false,,,,,,,,,,,,,,,,,,,Thu Oct 05 10:44:57 +0000 2017,Thu Oct 05 10:46:31 +0000 2017,,,,,,,,,,,,,,,,,,,I've flown @SouthwestAir exclusively my whole life. Too many bad experiences. I'm a free agent now. Whatcha got @Delta @AmericanAir @116450,"@171233 Hi, Nick. Come on over! We would love to have you. ✈ *ATJ",,,,,,,,,,,,,,,,,,,2025-09-27T03:09:59.352Z,job_20250927_012637,2
68d755987222cee3d33c8749,1318,68ce563352b33355379dff6a,Technical Support regarding Travel/Transportation,Technical Support,Travel/Transportation,Negative,,232752,232751,,,,,,,,,,,,,,,,,,,171402,Delta,,,,,,,,,,,,,,,,,,,Customer,Service Provider,,,,,,,,,,,,,,,,,,,true,false,,,,,,,,,,,,,,,,,,,Thu Oct 05 11:36:17 +0000 2017,Thu Oct 05 11:42:14 +0000 2017,,,,,,,,,,,,,,,,,,,@delta i can't understand why your first class line is longer than your main cabin lines.... I've been trying to get thru TSA for 45min,@171402 Oh no! Please be sure to bring this to the attention of @120944 for assistance. Thanks. *ATJ,,,,,,,,,,,,,,,,,,,2025-09-27T03:10:16.168Z,job_20250927_012637,2
68d755a97222cee3d33c874a,1325,68ce563352b33355379dff71,Feedback regarding General,Feedback,General,Positive,,233191,233190,,,,,,,,,,,,,,,,,,,171507,Delta,,,,,,,,,,,,,,,,,,,Customer,Service Provider,,,,,,,,,,,,,,,,,,,true,false,,,,,,,,,,,,,,,,,,,Thu Oct 05 12:09:41 +0000 2017,Thu Oct 05 12:12:22 +0000 2017,,,,,,,,,,,,,,,,,,,Back in the air. Quick stop in SAN to see @81926. Then off to SEA for a week. I'll make Diamond with @Delta before I get home #travel https://t.co/wjirFF2DRZ,@171507 Congratulations on one step closer to becoming a Diamond Medallion.  *ALS,,,,,,,,,,,,,,,,,,,2025-09-27T03:10:33.747Z,job_20250927_012637,2
68d755b77222cee3d33c874b,1331,68ce563352b33355379dff77,Feedback regarding General,Feedback,General,Positive,,233206,233205,,,,,,,,,,,,,,,,,,,171512,Delta,,,,,,,,,,,,,,,,,,,Customer,Service Provider,,,,,,,,,,,,,,,,,,,true,false,,,,,,,,,,,,,,,,,,,Thu Oct 05 11:57:17 +0000 2017,Thu Oct 05 12:01:44 +0000 2017,,,,,,,,,,,,,,,,,,,Great start to the day. @Delta  skyclub EWR. https://t.co/q6E4E3d9mz,@171512 Morning Vincent! Have an awesome travel day! *HKM,,,,,,,,,,,,,,,,,,,2025-09-27T03:10:47.052Z,job_20250927_012637,2
68d755c67222cee3d33c874c,1332,68ce563352b33355379dff78,Refund regarding Travel,Refund,Travel,Negative,,233208,233207,,,,,,,,,,,,,,,,,,,171513,Delta,,,,,,,,,,,,,,,,,,,Customer,Service Provider,,,,,,,,,,,,,,,,,,,true,false,,,,,,,,,,,,,,,,,,,Thu Oct 05 11:55:58 +0000 2017,Thu Oct 05 12:00:07 +0000 2017,,,,,,,,,,,,,,,,,,,@Delta we had massive delays with our flights DL0117+DL1133 and DL8553+DL8652. Where can I ask for a refund?,@171513 2/2 https://t.co/6iDGBJAc2m,,,,,,,,,,,,,,,,,,,2025-09-27T03:11:02.902Z,job_20250927_012637,2
68d755e57222cee3d33c874d,1334,68ce563352b33355379dff7a,Technical Support regarding Travel,Technical Support,Travel,Negative,,233219,233218,233215,233212,233213,233216,,,,,,,,,,,,,,,171515,Delta,171515,Delta,171515,Delta,,,,,,,,,,,,,,,Customer,Service Provider,Customer,Service Provider,Customer,Service Provider,,,,,,,,,,,,,,,true,false,true,false,true,false,,,,,,,,,,,,,,,Thu Oct 05 10:38:01 +0000 2017,Thu Oct 05 10:38:36 +0000 2017,Thu Oct 05 11:47:53 +0000 2017,Thu Oct 05 11:51:23 +0000 2017,Tue Oct 17 13:40:30 +0000 2017,Tue Oct 17 14:35:23 +0000 2017,,,,,,,,,,,,,,,@Delta no captioning for inflight entertainment. It is 2017. No excuse. #DeafTraveler #DeafInTheAir https://t.co/TLFOsHi3LQ,"@171515 Oh goodness, Kelley. Have you reached out to our in-flight team for assistance? *ALY",@Delta @Delta I didn't see captioning settings. The in-flight team was unable to find anything. Still no captioning.,@171515 Hi Kelley. Hopefully you get caption soon. Please enjoy your travel.  *TAS,"@Delta I was never able to get captioning.... It just was not there, and your inflight folks tried to help.",@171515 ...displayed on screen when this is offered. *CTB 2/2,,,,,,,,,,,,,,,2025-09-27T03:11:33.847Z,job_20250927_012637,2
68d755fc7222cee3d33c874e,1340,68ce563352b33355379dff80,Technical Support regarding Product Info,Technical Support,Product Info,Neutral,,233875,233872,233873,233876,233877,233878,,,,,,,,,,,,,,,171680,Delta,171680,Delta,171680,Delta,,,,,,,,,,,,,,,Customer,Service Provider,Customer,Service Provider,Customer,Service Provider,,,,,,,,,,,,,,,true,false,true,false,true,false,,,,,,,,,,,,,,,Thu Oct 05 12:30:25 +0000 2017,Thu Oct 05 12:32:58 +0000 2017,Thu Oct 05 12:55:58 +0000 2017,Thu Oct 05 12:57:52 +0000 2017,Thu Oct 05 13:06:19 +0000 2017,Thu Oct 05 13:14:19 +0000 2017,,,,,,,,,,,,,,,@Delta Hi! Wondering if you could help me with terminology on my booking? Logged in to acc to check (cont) https://t.co/yP2fvZ7naS,@171680 How can I assist? *ALS,@Delta I have booked seats (comfort+) but my booking shows Delta one against the seating allocations and mentiona sky priority,@171680 I would need to look at the reservation to assist.  *TJM,@Delta already sent DM,@171680 I am checking further. *TJM,,,,,,,,,,,,,,,2025-09-27T03:11:56.497Z,job_20250927_012637,2
68d7560d7222cee3d33c874f,1342,68ce563352b33355379dff82,Feedback regarding General,Feedback,General,Positive,,233891,233889,233890,233892,,,,,,,,,,,,,,,,,171685,Delta,171685,Delta,,,,,,,,,,,,,,,,,Customer,Service Provider,Customer,Service Provider,,,,,,,,,,,,,,,,,true,false,true,false,,,,,,,,,,,,,,,,,Thu Oct 05 12:26:54 +0000 2017,Thu Oct 05 12:27:52 +0000 2017,Thu Oct 05 12:36:06 +0000 2017,Thu Oct 05 12:39:52 +0000 2017,,,,,,,,,,,,,,,,,s/o @Delta these seats are dumb comfy. Highly dissatisfied with @124202 coffee though.,@171685 Enjoy your flight Max. *ALS,@Delta Thank you delta. What is *ALS though,@171685 You are very welcome Max on behalf of *ALS (it's our agent codes). Thank you for tweeting with us.   *TJM,,,,,,,,,,,,,,,,,2025-09-27T03:12:13.886Z,job_20250927_012637,2
68d756207222cee3d33c8750,1345,68ce563352b33355379dff85,Technical Support regarding Booking/Travel,Technical Support,Booking/Travel,Neutral,,233903,233902,,,,,,,,,,,,,,,,,,,171690,Delta,,,,,,,,,,,,,,,,,,,Customer,Service Provider,,,,,,,,,,,,,,,,,,,true,false,,,,,,,,,,,,,,,,,,,Thu Oct 05 12:16:19 +0000 2017,Thu Oct 05 12:18:18 +0000 2017,,,,,,,,,,,,,,,,,,,@Delta I cannot unselect Comfort+ for upgrades and save on an existing flight on desktop OR mobile 😕😕 https://t.co/EYjfufU7NX,"@171690 Hi, Adam, I'm so sorry I will report this to our IT Team. Is there something I can do for you until this is corrected? *TRR",,,,,,,,,,,,,,,,,,,2025-09-27T03:12:32.587Z,job_20250927_012637,2
68d7562e7222cee3d33c8751,1348,68ce563352b33355379dff88,Complaint regarding Technical Support,Complaint,Technical Support,Negative,,234595,234594,,,,,,,,,,,,,,,,,,,171855,Delta,,,,,,,,,,,,,,,,,,,Customer,Service Provider,,,,,,,,,,,,,,,,,,,true,false,,,,,,,,,,,,,,,,,,,Thu Oct 05 13:09:12 +0000 2017,Thu Oct 05 13:10:06 +0000 2017,,,,,,,,,,,,,,,,,,,So this @Delta is GHETTO! Like pre turn of the century where not everyone gets a power outlet. Good thing I bring my own!,@171855 My apology for any inconvenience. *ALS,,,,,,,,,,,,,,,,,,,2025-09-27T03:12:46.242Z,job_20250927_012637,2
68d7565a7222cee3d33c8752,1349,68ce563352b33355379dff89,Technical Support regarding Travel/Transportation,Technical Support,Travel/Transportation,Neutral,,234605,234604,234598,234596,234597,234599,234600,234601,234602,234603,,,,,,,,,,,171856,Delta,171856,Delta,171856,Delta,171856,Delta,171856,Delta,,,,,,,,,,,Customer,Service Provider,Customer,Service Provider,Customer,Service Provider,Customer,Service Provider,Customer,Service Provider,,,,,,,,,,,true,false,true,false,true,false,true,false,true,false,,,,,,,,,,,Thu Oct 05 13:00:45 +0000 2017,Thu Oct 05 13:02:52 +0000 2017,Thu Oct 05 13:05:13 +0000 2017,Thu Oct 05 13:05:50 +0000 2017,Thu Oct 05 13:13:27 +0000 2017,Thu Oct 05 13:16:00 +0000 2017,Thu Oct 05 13:22:38 +0000 2017,Thu Oct 05 13:27:58 +0000 2017,Thu Oct 05 13:32:44 +0000 2017,Thu Oct 05 13:33:56 +0000 2017,,,,,,,,,,,Hey @delta - why’d Flight 4016 to DCA just get turned around midair and sent back to JFK?,"@171856 Hi, David. Is that the correct flight number?  I show the plane for DL4016 landed in DCA @ 8:49 AM.  *TJF","@Delta Yes we landed but at JFK, with no explanation from the flight crew, who seem as mystified as we are. Waiting for a JFK gate now.",@171856 Give me a moment to check with our Operations. *TJF,"@Delta No rush or anything, @delta. It’s not like every single person on this plane had somewhere to be in the nation’s capital.",@171856 I am so sorry for the inconvenience. The plane had pressurization issues and had to return. You are scheduled to depart @ 9:45 AM. *TJF,@Delta Thx for reply. Will believe it when I see it. Hope you’ll understand.,@171856 I understand your concern. Your safety is our top priority.  *TDH,@Delta Would that reliability were close behind. We have deplaned and they are “looking for another aircraft”,@171856 Thank you for the update. We'll continue to monitor it. *ALS,,,,,,,,,,,2025-09-27T03:13:30.510Z,job_20250927_012637,2
68d7566b7222cee3d33c8753,1358,68ce563352b33355379dff92,Product Inquiry regarding Technical,Product Inquiry,Technical,Neutral,,235235,235231,235232,,,,,,,,,,,,,,,,,,172020,Delta,172020,,,,,,,,,,,,,,,,,,Customer,Service Provider,Customer,,,,,,,,,,,,,,,,,,true,false,true,,,,,,,,,,,,,,,,,,Thu Oct 05 13:34:00 +0000 2017,Thu Oct 05 13:34:46 +0000 2017,Thu Oct 05 13:57:05 +0000 2017,,,,,,,,,,,,,,,,,,@Delta what does it mean when I check-in to a flight and it tells me I won't get my seat until I get to my gate??,@172020 May I have your confirmation number? Please DM for privacy. *ALS,@Delta DM'd!,,,,,,,,,,,,,,,,,,2025-09-27T03:13:47.717Z,job_20250927_012637,2
68d7567b7222cee3d33c8754,1359,68ce563352b33355379dff93,Feedback regarding General,Feedback,General,Positive,,235237,235236,,,,,,,,,,,,,,,,,,,172021,Delta,,,,,,,,,,,,,,,,,,,Customer,Service Provider,,,,,,,,,,,,,,,,,,,true,false,,,,,,,,,,,,,,,,,,,Thu Oct 05 13:32:34 +0000 2017,Thu Oct 05 13:34:11 +0000 2017,,,,,,,,,,,,,,,,,,,"@Delta @142008 Kudos to ATL E-32 gate agent Eric Taylor. He handled an irate, aggressive pax with class and professionalism.",@172021 Thanks for the recognition of our staff. We aim to represent Delta well.Have a great trip! *TAS,,,,,,,,,,,,,,,,,,,2025-09-27T03:14:03.184Z,job_20250927_012637,2
68d7568b7222cee3d33c8755,1361,68ce563352b33355379dff95,Feedback regarding General,Feedback,General,Positive,,235242,235241,,,,,,,,,,,,,,,,,,,163999,Delta,,,,,,,,,,,,,,,,,,,Customer,Service Provider,,,,,,,,,,,,,,,,,,,true,false,,,,,,,,,,,,,,,,,,,Thu Oct 05 13:29:26 +0000 2017,Thu Oct 05 13:30:52 +0000 2017,,,,,,,,,,,,,,,,,,,@Delta A gorgeous day to be flying! Thanks for the smooth ride🛫 DTW-GRR #HeadedHome https://t.co/WEgvTouOSf,"@163999 Hi, Megan. Thanks for sharing this beautiful photo. I am happy to hear you had an enjoyable flight home.  😄 *TJF",,,,,,,,,,,,,,,,,,,2025-09-27T03:14:19.539Z,job_20250927_012637,2
68d756a47222cee3d33c8756,1362,68ce563352b33355379dff96,Technical Support regarding Travel,Technical Support,Travel,Neutral,,235248,235245,235243,235244,235246,,,,,,,,,,,,,,,,172023,172023,Delta,172023,Delta,,,,,,,,,,,,,,,,Customer,Customer,Service Provider,Customer,Service Provider,,,,,,,,,,,,,,,,true,true,false,true,false,,,,,,,,,,,,,,,,Thu Oct 05 13:21:41 +0000 2017,Thu Oct 05 13:25:26 +0000 2017,Thu Oct 05 13:27:00 +0000 2017,Thu Oct 05 13:27:48 +0000 2017,Thu Oct 05 13:28:31 +0000 2017,,,,,,,,,,,,,,,,"Getting ready to travel to Cali (Hollywood, @4765) for first time. Nervous and excited for new adventure. Flying with @Delta 1st time",@4765 @Delta Always a bit nervous how things will go with my wheels. Traveling with #AdventuresbyDisney so that's helpful but still a tad nervous.,@172023 I'm confident you will be fine and have a great trip! *TRR,@Delta Thanks :),@172023 You're very welcome I hope you have a great day! *TRR,,,,,,,,,,,,,,,,2025-09-27T03:14:44.081Z,job_20250927_012637,2
68d756b37222cee3d33c8757,1364,68ce563352b33355379dff98,Other regarding General,Other,General,Neutral,,235254,235253,,,,,,,,,,,,,,,,,,,172025,Delta,,,,,,,,,,,,,,,,,,,Customer,Service Provider,,,,,,,,,,,,,,,,,,,true,false,,,,,,,,,,,,,,,,,,,Thu Oct 05 13:12:18 +0000 2017,Thu Oct 05 13:13:47 +0000 2017,,,,,,,,,,,,,,,,,,,@Delta lmb,"@172025 Hi, Cecil, is there something I can help you with today? *TRR",,,,,,,,,,,,,,,,,,,2025-09-27T03:14:59.304Z,job_20250927_012637,2
68d756c27222cee3d33c8758,1365,68ce563352b33355379dff99,Product Inquiry regarding Product Info,Product Inquiry,Product Info,Neutral,,236312,236313,,,,,,,,,,,,,,,,,,,172278,Delta,,,,,,,,,,,,,,,,,,,Customer,Service Provider,,,,,,,,,,,,,,,,,,,true,false,,,,,,,,,,,,,,,,,,,Thu Oct 05 05:19:07 +0000 2017,Thu Oct 05 05:21:20 +0000 2017,,,,,,,,,,,,,,,,,,,I want to start building loyalty with an airline. Which one should it be? I hear a lot of people raving about @Delta 🤔,"@172278 Hi, Sanura. It would be our pleasure to have you on board. 😄 *ALA",,,,,,,,,,,,,,,,,,,2025-09-27T03:15:14.643Z,job_20250927_012637,2
68d756d97222cee3d33c8759,1368,68ce563352b33355379dff9c,Technical Support regarding Technical,Technical Support,Technical,Neutral,,236353,236352,236351,236350,,,,,,,,,,,,,,,,,172288,Delta,172288,Delta,,,,,,,,,,,,,,,,,Customer,Service Provider,Customer,Service Provider,,,,,,,,,,,,,,,,,true,false,true,false,,,,,,,,,,,,,,,,,Thu Oct 05 13:55:48 +0000 2017,Thu Oct 05 13:56:53 +0000 2017,Thu Oct 05 14:03:40 +0000 2017,Thu Oct 05 14:09:31 +0000 2017,,,,,,,,,,,,,,,,,"@Delta there is an issue with your mobile app syncing check-ins across multiple devices. Personal phone says yes, cooperate one says no.",@172288 Thank you for your feedback. I will report the problem to our IT team for review. *ALS,@Delta Is there a ticket number?  I can call when I get home and walk them through the issue.,@172288 Hi. I'm sorry for the inconvenience. Please reach out to our Online Support Dest at 888-750-3284. *TJH,,,,,,,,,,,,,,,,,2025-09-27T03:15:37.155Z,job_20250927_012637,2
68d756e67222cee3d33c875a,1370,68ce563352b33355379dff9e,Other regarding General,Other,General,Neutral,,236357,236356,,,,,,,,,,,,,,,,,,,172290,Delta,,,,,,,,,,,,,,,,,,,Customer,Service Provider,,,,,,,,,,,,,,,,,,,true,false,,,,,,,,,,,,,,,,,,,Thu Oct 05 13:49:36 +0000 2017,Thu Oct 05 13:52:56 +0000 2017,,,,,,,,,,,,,,,,,,,"""Did someone drop their hair-piece in the isle while boarding?"" @Delta flight attendant getting everyone ready for takeoff. #Hilarious",@172290 Zach I hope not! Enjoy your flight. *TAS,,,,,,,,,,,,,,,,,,,2025-09-27T03:15:50.596Z,job_20250927_012637,2
68d756f97222cee3d33c875b,1374,68ce563352b33355379dffa2,Complaint regarding Technical Support,Complaint,Technical Support,Negative,,240554,240553,,,,,,,,,,,,,,,,,,,173139,Delta,,,,,,,,,,,,,,,,,,,Customer,Service Provider,,,,,,,,,,,,,,,,,,,true,false,,,,,,,,,,,,,,,,,,,Fri Oct 06 13:42:24 +0000 2017,Fri Oct 06 14:59:04 +0000 2017,,,,,,,,,,,,,,,,,,,Just had the rudest @Delta gate agent. I never wanna fly outta Atlanta again. Another guy came to the ticketing counter and was complaining about the same agent smh,"@173139 Oh No, I do apologize our service was not the best. This is certainly not the Delta way! *AMS",,,,,,,,,,,,,,,,,,,2025-09-27T03:16:09.865Z,job_20250927_012637,2
68d757097222cee3d33c875c,1375,68ce563352b33355379dffa3,Technical Support regarding Travel,Technical Support,Travel,Neutral,,240835,240834,,,,,,,,,,,,,,,,,,,173201,Delta,,,,,,,,,,,,,,,,,,,Customer,Service Provider,,,,,,,,,,,,,,,,,,,true,false,,,,,,,,,,,,,,,,,,,Mon Oct 16 18:40:20 +0000 2017,Mon Oct 16 18:59:35 +0000 2017,,,,,,,,,,,,,,,,,,,@Delta @824 I have a really tight connection at MSP today from DL728 to DL200 help so I don’t miss the flight !,"@173201 @824 Oh, No! I'll go ahead and reach out to our airport team to request assistance for your connection, Harley.  *HMB",,,,,,,,,,,,,,,,,,,2025-09-27T03:16:25.915Z,job_20250927_012637,2
68d757237222cee3d33c875d,1377,68ce563352b33355379dffa5,Technical Support regarding Flight Information,Technical Support,Flight Information,Neutral,,241751,241749,241745,241743,241744,241746,241747,,,,,,,,,,,,,,173408,Delta,173408,Delta,173408,173408,Delta,,,,,,,,,,,,,,Customer,Service Provider,Customer,Service Provider,Customer,Customer,Service Provider,,,,,,,,,,,,,,true,false,true,false,true,true,false,,,,,,,,,,,,,,Sun Oct 08 04:44:05 +0000 2017,Sun Oct 08 05:18:34 +0000 2017,Sun Oct 08 06:12:14 +0000 2017,Sun Oct 08 06:15:56 +0000 2017,Sun Oct 08 09:18:13 +0000 2017,Sun Oct 08 09:19:04 +0000 2017,Sun Oct 08 09:45:03 +0000 2017,,,,,,,,,,,,,,"@Delta please let me know who to speak to about seat allocation changes, particularly to a preferred seat. This is for a flight today","@173408 Thanks for reaching out to us. For clarification, are you trying to change a seat selection? *AMC",@Delta I just cannot see this option when checking in,@173408 What is your confirmation number ? I'll gladly look into it for you. *AMC,@Delta J56R55,@Delta My flight number is DL0201 on 8 Oct,@173408 2/2 https://t.co/6iDGBJAc2m,,,,,,,,,,,,,,2025-09-27T03:16:51.403Z,job_20250927_012637,2
68d7573e7222cee3d33c875e,1382,68ce563352b33355379dffaa,Technical Support regarding Product Info,Technical Support,Product Info,Neutral,,243016,243015,243012,243010,243011,243013,,,,,,,,,,,,,,,173710,Delta,173710,Delta,173710,Delta,,,,,,,,,,,,,,,Customer,Service Provider,Customer,Service Provider,Customer,Service Provider,,,,,,,,,,,,,,,true,false,true,false,true,false,,,,,,,,,,,,,,,Fri Sep 29 13:24:47 +0000 2017,Fri Sep 29 13:27:24 +0000 2017,Fri Sep 29 13:45:23 +0000 2017,Fri Sep 29 14:23:21 +0000 2017,Wed Oct 04 05:25:32 +0000 2017,Wed Oct 04 05:28:04 +0000 2017,,,,,,,,,,,,,,,@Delta SMF flt 4597 gate agents and flight attendants allow pxg TWO bags in overhead.  Why ?  Fair ?,@173710 Hmm! Jim are you saying they are allowing passengers to place two bags in the over head bin.  *HPL,@Delta That's correct.,@173710 ...policy.  *HPL 2/2,"@Delta what does this mean ""policy"" ??","@173710 However, there is no policy that states a passenger with two carry-ons must store them this way. *ALY",,,,,,,,,,,,,,,2025-09-27T03:17:18.595Z,job_20250927_012637,2
68d757587222cee3d33c875f,1391,68ce563352b33355379dffb3,Other regarding General,Other,General,Neutral,,243415,243414,,,,,,,,,,,,,,,,,,,173812,Delta,,,,,,,,,,,,,,,,,,,Customer,Service Provider,,,,,,,,,,,,,,,,,,,true,false,,,,,,,,,,,,,,,,,,,Thu Oct 05 14:09:25 +0000 2017,Thu Oct 05 14:15:15 +0000 2017,,,,,,,,,,,,,,,,,,,Here we come #Atlanta Get tix 4 my show tomorrow @173813 10/6 @Delta @12661 https://t.co/V2uUCF6fvb #annesteeleontour #pride https://t.co/GF3uZdw6Se,@173812 Looks tasty! Thanks for sharing. Cheers! 🍸 *TJE,,,,,,,,,,,,,,,,,,,2025-09-27T03:17:44.118Z,job_20250927_012637,2
68d757647222cee3d33c8760,1393,68ce563352b33355379dffb5,Order Status regarding Technical,Order Status,Technical,Neutral,,244378,244377,,,,,,,,,,,,,,,,,,,174046,Delta,,,,,,,,,,,,,,,,,,,Customer,Service Provider,,,,,,,,,,,,,,,,,,,true,false,,,,,,,,,,,,,,,,,,,Thu Oct 05 14:41:17 +0000 2017,Thu Oct 05 14:44:32 +0000 2017,,,,,,,,,,,,,,,,,,,@Delta twice requested and did not receive automated call back. What gives.,@174046 Hi David. Who did you request a call back from? *ALS,,,,,,,,,,,,,,,,,,,2025-09-27T03:17:56.435Z,job_20250927_012637,2
68d757737222cee3d33c8761,1395,68ce563352b33355379dffb7,Product Inquiry regarding Travel/Flight,Product Inquiry,Travel/Flight,Neutral,,244383,244381,244382,,,,,,,,,,,,,,,,,,117200,VirginAtlantic,117200,,,,,,,,,,,,,,,,,,Customer,Service Provider,Customer,,,,,,,,,,,,,,,,,,true,false,true,,,,,,,,,,,,,,,,,,Thu Oct 05 12:19:40 +0000 2017,Thu Oct 05 14:46:56 +0000 2017,Thu Oct 05 15:36:32 +0000 2017,,,,,,,,,,,,,,,,,,You can't buy extra luggage before your @Delta / @VirginAtlantic flight?,"@117200 @Delta Hi Mr Matthews, what's your flight number? ^H",@VirginAtlantic @Delta VS5302,,,,,,,,,,,,,,,,,,2025-09-27T03:18:11.305Z,job_20250927_012637,2
68d757827222cee3d33c8762,1396,68ce563352b33355379dffb8,Feedback regarding General,Feedback,General,Positive,,245006,245005,,,,,,,,,,,,,,,,,,,174173,Delta,,,,,,,,,,,,,,,,,,,Customer,Service Provider,,,,,,,,,,,,,,,,,,,true,false,,,,,,,,,,,,,,,,,,,Thu Oct 05 14:55:58 +0000 2017,Thu Oct 05 14:58:27 +0000 2017,,,,,,,,,,,,,,,,,,,The flight attendant on my @Delta flight asked everyone in the plane for their connecting flight and told us the gate. That's good PR.,"@174173 Hi, Hannah. Thanks for the compliment. Pleasure having you on board today. 🚀 *TJF",,,,,,,,,,,,,,,,,,,2025-09-27T03:18:26.678Z,job_20250927_012637,2
68d757927222cee3d33c8763,1400,68ce563352b33355379dffbc,Complaint regarding General,Complaint,General,Negative,,245449,245448,,,,,,,,,,,,,,,,,,,174287,Delta,,,,,,,,,,,,,,,,,,,Customer,Service Provider,,,,,,,,,,,,,,,,,,,true,false,,,,,,,,,,,,,,,,,,,Thu Oct 05 14:55:04 +0000 2017,Thu Oct 05 15:03:19 +0000 2017,,,,,,,,,,,,,,,,,,,@Delta Getting rid of comp upgrades for loyal customers seems to imply that the loyalty only flows in one direction.,@174287 Hello Kay! Thank you for your feedback. I will be sure to pass along your concern to our leadership team.  *HKS,,,,,,,,,,,,,,,,,,,2025-09-27T03:18:42.293Z,job_20250927_012637,2
68d757a07222cee3d33c8764,1404,68ce563352b33355379dffc0,Technical Support regarding Travel,Technical Support,Travel,Negative,,246028,246027,,,,,,,,,,,,,,,,,,,174435,Delta,,,,,,,,,,,,,,,,,,,Customer,Service Provider,,,,,,,,,,,,,,,,,,,true,false,,,,,,,,,,,,,,,,,,,Thu Oct 05 15:18:56 +0000 2017,Thu Oct 05 15:22:16 +0000 2017,,,,,,,,,,,,,,,,,,,Always seems to be issues on my @Delta flights. When are you going to hook me up with some points for always dealing with this?,@174435 Hello. Follow/DM your current issues and confirm # for assistance.  *ARD,,,,,,,,,,,,,,,,,,,2025-09-27T03:18:56.906Z,job_20250927_012637,2
68d757b67222cee3d33c8765,1408,68ce563352b33355379dffc4,Complaint regarding Technical Support,Complaint,Technical Support,Negative,,246042,246041,246040,246039,,,,,,,,,,,,,,,,,174439,Delta,174439,Delta,,,,,,,,,,,,,,,,,Customer,Service Provider,Customer,Service Provider,,,,,,,,,,,,,,,,,true,false,true,false,,,,,,,,,,,,,,,,,Thu Oct 05 14:37:44 +0000 2017,Thu Oct 05 14:38:33 +0000 2017,Thu Oct 05 15:12:56 +0000 2017,Thu Oct 05 15:14:54 +0000 2017,,,,,,,,,,,,,,,,,Idk if it’s just my luck but @Delta gate agents have been slacking lately.,"@174439 Hello, Daniel. We hate to hear this feedback. If you need any help, let us know.  *ARD",@Delta Yeah. Absolutely ridiculous that maintenance issue is causing my trip to be delayed 10 hours.,@174439 Very sorry for the long delay. Pls follow/DM your confirm # concerning your experience.  *ARD,,,,,,,,,,,,,,,,,2025-09-27T03:19:18.101Z,job_20250927_012637,2
68d757c87222cee3d33c8766,1412,68ce563352b33355379dffc8,Feedback regarding General,Feedback,General,Positive,,246591,246590,,,,,,,,,,,,,,,,,,,174575,Delta,,,,,,,,,,,,,,,,,,,Customer,Service Provider,,,,,,,,,,,,,,,,,,,true,false,,,,,,,,,,,,,,,,,,,Thu Oct 05 15:21:15 +0000 2017,Thu Oct 05 15:30:05 +0000 2017,,,,,,,,,,,,,,,,,,,Absolutely incredible view from yesterday’s flight on @delta into @128969.\n\n📷: Olympus OM-D E-M5 Mark II\n\nhttps://t.co/wPQMdCidKM https://t.co/BSNlWjWRDl,"@174575 Hi, Derek, wow incredible view it is. Thank you for sharing this picture it's beautiful!  *TRR",,,,,,,,,,,,,,,,,,,2025-09-27T03:19:36.731Z,job_20250927_012637,2
68d757da7222cee3d33c8767,1426,68ce563352b33355379dffd6,Account/Billing regarding Payments,Account/Billing,Payments,Neutral,,248767,248766,,,,,,,,,,,,,,,,,,,174445,Delta,,,,,,,,,,,,,,,,,,,Customer,Service Provider,,,,,,,,,,,,,,,,,,,true,false,,,,,,,,,,,,,,,,,,,Thu Oct 05 16:08:33 +0000 2017,Thu Oct 05 16:32:04 +0000 2017,,,,,,,,,,,,,,,,,,,@Delta can I pay for a checked bag online before a flight or do I have to do it at the airport?,"@174445 Yes, you can pay online at check in or at the airport. Which ever you may prefer. Thank you.  *HRO",,,,,,,,,,,,,,,,,,,2025-09-27T03:19:54.568Z,job_20250927_012637,2
68d757e77222cee3d33c8768,1427,68ce563352b33355379dffd7,Technical Support regarding Travel,Technical Support,Travel,Neutral,,249247,249246,,,,,,,,,,,,,,,,,,,154292,Delta,,,,,,,,,,,,,,,,,,,Customer,Service Provider,,,,,,,,,,,,,,,,,,,true,false,,,,,,,,,,,,,,,,,,,Thu Oct 05 16:14:23 +0000 2017,Thu Oct 05 16:54:34 +0000 2017,,,,,,,,,,,,,,,,,,,@Delta what is the military assistance phone number? I need to make a flight change due to a change in leave schedule.,@154292 ...you.  *HJB 2/2,,,,,,,,,,,,,,,,,,,2025-09-27T03:20:07.389Z,job_20250927_012637,2
68d758027222cee3d33c8769,1428,68ce563352b33355379dffd8,Complaint regarding Technical Support,Complaint,Technical Support,Negative,,249251,249249,249250,,,,,,,,,,,,,,,,,,175222,Delta,175222,,,,,,,,,,,,,,,,,,Customer,Service Provider,Customer,,,,,,,,,,,,,,,,,,true,false,true,,,,,,,,,,,,,,,,,,Thu Oct 05 16:36:19 +0000 2017,Thu Oct 05 16:54:03 +0000 2017,Thu Oct 05 17:05:47 +0000 2017,,,,,,,,,,,,,,,,,,Thanks @Delta not sure if this should be eaten or mixed into a yogurt which I don't have. Not that a flight attendant would know as she hands me a droopy cookie. https://t.co/eIp8tOTR3i,"@175222 Sorry for the ""droopy"" cookie. Check with the Flight Attendant to get another.  😄 *TJF",@Delta Hey no worries at least I have wonderful no-go wireless service. I am amazed at how much I spend on worse than dial-up service. I really struggle to see how @82401 can defend this service. https://t.co/Zm4LfcszZk,,,,,,,,,,,,,,,,,,2025-09-27T03:20:34.489Z,job_20250927_012637,2
68d758127222cee3d33c876a,1431,68ce563352b33355379dffdb,Account/Billing regarding Orders,Account/Billing,Orders,Neutral,,249275,249274,,,,,,,,,,,,,,,,,,,175224,Delta,,,,,,,,,,,,,,,,,,,Customer,Service Provider,,,,,,,,,,,,,,,,,,,true,false,,,,,,,,,,,,,,,,,,,Thu Oct 05 16:23:54 +0000 2017,Thu Oct 05 16:49:13 +0000 2017,,,,,,,,,,,,,,,,,,,@Delta Hey there. Can I chat with someone about an upcoming reservation? Thanks!,"@175224 While I am limited to Twitter, I am sure I can assist you. Please DM your confirmation number.  *TDH https://t.co/6iDGBJAc2m",,,,,,,,,,,,,,,,,,,2025-09-27T03:20:50.280Z,job_20250927_012637,2
68d758207222cee3d33c876b,1436,68ce563352b33355379dffe0,Product Inquiry regarding Product Info,Product Inquiry,Product Info,Neutral,,249756,249754,249755,,,,,,,,,,,,,,,,,,175365,Delta,175365,,,,,,,,,,,,,,,,,,Customer,Service Provider,Customer,,,,,,,,,,,,,,,,,,true,false,true,,,,,,,,,,,,,,,,,,Sat Nov 25 02:56:57 +0000 2017,Sat Nov 25 02:57:31 +0000 2017,Sat Nov 25 02:59:18 +0000 2017,,,,,,,,,,,,,,,,,,Hey @delta i have a question,@175365 Hello how may I help you? *TDH,@Delta How does this picture make you feel https://t.co/UQcAKuPoa1,,,,,,,,,,,,,,,,,,2025-09-27T03:21:04.131Z,job_20250927_012637,2
68d758347222cee3d33c876c,1446,68ce563352b33355379dffea,Complaint regarding Technical Support,Complaint,Technical Support,Negative,,250142,250140,250141,,,,,,,,,,,,,,,,,,175436,Delta,175436,,,,,,,,,,,,,,,,,,Customer,Service Provider,Customer,,,,,,,,,,,,,,,,,,true,false,true,,,,,,,,,,,,,,,,,,Thu Oct 05 16:42:45 +0000 2017,Thu Oct 05 17:01:30 +0000 2017,Thu Oct 05 17:06:28 +0000 2017,,,,,,,,,,,,,,,,,,Livid at the #customernoservice of @Delta. Getting a refund for a death shouldn't be this trivial. Worst people ever. No resolution #delta,"@175436 My condolences for your loss, Jolene. Pls follow/DM if I can be of any help. *AAB",@Delta I just did. Yes I still need help. This is so unfortunate how much of a hassle it is.,,,,,,,,,,,,,,,,,,2025-09-27T03:21:24.396Z,job_20250927_012637,2
68d758427222cee3d33c876d,1449,68ce563352b33355379dffed,Product Inquiry regarding Travel,Product Inquiry,Travel,Neutral,,250785,250784,,,,,,,,,,,,,,,,,,,158127,Delta,,,,,,,,,,,,,,,,,,,Customer,Service Provider,,,,,,,,,,,,,,,,,,,true,false,,,,,,,,,,,,,,,,,,,Thu Oct 05 17:02:26 +0000 2017,Thu Oct 05 17:28:03 +0000 2017,,,,,,,,,,,,,,,,,,,Ready to board @delta flight #981 #BOS to #ATL,@158127 Have a fantastic flight! *ALS,,,,,,,,,,,,,,,,,,,2025-09-27T03:21:38.200Z,job_20250927_012637,2
68d758507222cee3d33c876e,1450,68ce563352b33355379dffee,Feedback regarding Technical Support,Feedback,Technical Support,Positive,,250787,250786,,,,,,,,,,,,,,,,,,,175607,Delta,,,,,,,,,,,,,,,,,,,Customer,Service Provider,,,,,,,,,,,,,,,,,,,true,false,,,,,,,,,,,,,,,,,,,Thu Oct 05 17:02:42 +0000 2017,Thu Oct 05 17:20:46 +0000 2017,,,,,,,,,,,,,,,,,,,@Delta missed my flight but the gate staff took care of me. Flight rebooked and upgraded. Excellent customer service #flight #JFK,@175607 Awesome! Glad our crew was able to accommodate you. *ALS,,,,,,,,,,,,,,,,,,,2025-09-27T03:21:52.545Z,job_20250927_012637,2
68d7586b7222cee3d33c876f,1452,68ce563352b33355379dfff0,Order Status regarding Travel/Itinerary,Order Status,Travel/Itinerary,Neutral,,250794,250792,250793,250795,250798,,,,,,,,,,,,,,,,175610,Delta,175610,Delta,175610,,,,,,,,,,,,,,,,Customer,Service Provider,Customer,Service Provider,Customer,,,,,,,,,,,,,,,,true,false,true,false,true,,,,,,,,,,,,,,,,Thu Oct 05 16:53:18 +0000 2017,Thu Oct 05 17:22:02 +0000 2017,Thu Oct 05 17:25:02 +0000 2017,Thu Oct 05 17:47:13 +0000 2017,Thu Oct 05 17:51:48 +0000 2017,,,,,,,,,,,,,,,,"@delta, I am in need of assistance changing a flight today but I do not have cell service where I am only wifi",@175610 Thanks for your patience.  I see your scheduled to depart DEN at 2:10 pm.  What flight are you looking to change to?  *HML,@Delta Thank you so much for looking into it. I was wondering if I could switch to the 430 flight out of Denver to Detroit?,"@175610 in order to change your reservation, there is a possible difference in miles, and a change fee.  *HML",@Delta How much would the fee be? \nOr would there be any way of going to Minneapolis then to Buf?,,,,,,,,,,,,,,,,2025-09-27T03:22:19.563Z,job_20250927_012637,2
68d758777222cee3d33c8770,1453,68ce563352b33355379dfff1,Other regarding General,Other,General,Neutral,,250809,250808,,,,,,,,,,,,,,,,,,,175611,Delta,,,,,,,,,,,,,,,,,,,Customer,Service Provider,,,,,,,,,,,,,,,,,,,true,false,,,,,,,,,,,,,,,,,,,Thu Oct 05 16:54:38 +0000 2017,Thu Oct 05 17:21:24 +0000 2017,,,,,,,,,,,,,,,,,,,@Delta flight DL3686 needs gogo!!,@175611 Hello Timothy! Thank you for your feedback.  *HKS,,,,,,,,,,,,,,,,,,,2025-09-27T03:22:31.112Z,job_20250927_012637,2
68d758847222cee3d33c8771,1456,68ce563352b33355379dfff4,Feedback regarding General,Feedback,General,Positive,,250818,250817,,,,,,,,,,,,,,,,,,,172289,Delta,,,,,,,,,,,,,,,,,,,Customer,Service Provider,,,,,,,,,,,,,,,,,,,true,false,,,,,,,,,,,,,,,,,,,Thu Oct 05 17:10:31 +0000 2017,Thu Oct 05 17:16:42 +0000 2017,,,,,,,,,,,,,,,,,,,Excellent @Delta service on board from the ATL-based crew this morning. Always feels like a little hometown pride coming through.,"@172289 We love being your ride today, Andrew!  *TDH",,,,,,,,,,,,,,,,,,,2025-09-27T03:22:44.356Z,job_20250927_012637,2
68d758967222cee3d33c8772,1457,68ce563352b33355379dfff5,Complaint regarding Technical Support,Complaint,Technical Support,Negative,,250820,250819,,,,,,,,,,,,,,,,,,,175614,Delta,,,,,,,,,,,,,,,,,,,Customer,Service Provider,,,,,,,,,,,,,,,,,,,true,false,,,,,,,,,,,,,,,,,,,Thu Oct 05 16:50:38 +0000 2017,Thu Oct 05 17:16:10 +0000 2017,,,,,,,,,,,,,,,,,,,"Shoutout to @Delta for not having enough gas in the plane, causing delays in the bachelorette festivities! Completely unacceptable #MadBride",@175614 ... *HKS 2/2 https://t.co/6iDGBJRMTU,,,,,,,,,,,,,,,,,,,2025-09-27T03:23:02.513Z,job_20250927_012637,2
68d7589e7222cee3d33c8773,1465,68ce563352b33355379dfffd, regarding ,,,,,250857,250855,250856,,,,,,,,,,,,,,,,,,175625,Delta,175625,,,,,,,,,,,,,,,,,,Customer,Service Provider,Customer,,,,,,,,,,,,,,,,,,true,false,true,,,,,,,,,,,,,,,,,,Sat Oct 07 20:23:31 +0000 2017,Sat Oct 07 21:14:49 +0000 2017,Sat Oct 07 21:18:25 +0000 2017,,,,,,,,,,,,,,,,,,@Delta hi,"@175625 Hey, how can I help? *AJY",@Delta i love you daddy ❤,,,,,,,,,,,,,,,,,,2025-09-27T03:23:10.196Z,job_20250927_012637,2
68d758d57222cee3d33c8774,1467,68ce563352b33355379dffff,Technical Support regarding Travel,Technical Support,Travel,Neutral,,252946,252945,252944,252943,252942,252941,252933,252930,252931,252934,252935,252936,252937,252938,,,,,,,176108,Delta,176108,Delta,176108,Delta,176108,Delta,176108,Delta,176108,Delta,176108,Delta,,,,,,,Customer,Service Provider,Customer,Service Provider,Customer,Service Provider,Customer,Service Provider,Customer,Service Provider,Customer,Service Provider,Customer,Service Provider,,,,,,,true,false,true,false,true,false,true,false,true,false,true,false,true,false,,,,,,,Thu Oct 05 17:05:16 +0000 2017,Thu Oct 05 17:29:28 +0000 2017,Thu Oct 05 17:31:57 +0000 2017,Thu Oct 05 17:34:18 +0000 2017,Thu Oct 05 17:36:24 +0000 2017,Thu Oct 05 17:39:59 +0000 2017,Thu Oct 05 17:40:31 +0000 2017,Thu Oct 05 17:42:22 +0000 2017,Thu Oct 05 17:48:03 +0000 2017,Thu Oct 05 17:53:50 +0000 2017,Thu Oct 05 18:31:08 +0000 2017,Thu Oct 05 18:32:13 +0000 2017,Thu Oct 05 18:41:25 +0000 2017,Thu Oct 05 18:43:38 +0000 2017,,,,,,,.@Delta I am on flight 407 from LAX to JFK.  It was supposed to take off at 7:20. Still wtg for a window part for cockpit. This is nuts.,@176108 Can I place you on Standby for another flight in the meantime? *TMS,@Delta Yes please. It’s for my wife and I.,@176108 I have placed you on Standby for DL40. This departs at 11:20 am.  *TMS,@Delta Great. How will I know if we get seats? How many folks on standby before us,@176108 That you can see at the airport with the TV screens. They will call you at the gate for DL40. You will have to go to gate 24A. *TMS,@Delta Ok I’m told it is full. Are we able to get seats on another flight today,@176108 I can confirm you on dl759 leaving LAX at 4pm. *TMS,"@Delta Ok, is it possible to get us on standby for 2pm as well","@176108 Unfortunately, I can only place you on Standby for one flight at a time. *TMS",@Delta Looks like 407 is going to take off as they found the part,@176108 Great! I will remove you from the other flights when you board.  *TMS,"@Delta I’m still on 407, correct? I see boarding passes but I’m being asked to check in to 4pm","@176108 Yes, you are still on DL407. , I removed the 4 pm flight for you.  *TMS",,,,,,,2025-09-27T03:24:05.969Z,job_20250927_012637,2
68d758e87222cee3d33c8775,1470,68ce563352b33355379e0002,Technical Support regarding Travel/Transportation,Technical Support,Travel/Transportation,Negative,,253544,253542,253543,,,,,,,,,,,,,,,,,,176271,Delta,176271,,,,,,,,,,,,,,,,,,Customer,Service Provider,Customer,,,,,,,,,,,,,,,,,,true,false,true,,,,,,,,,,,,,,,,,,Thu Oct 05 17:20:54 +0000 2017,Thu Oct 05 17:52:40 +0000 2017,Thu Oct 05 19:00:38 +0000 2017,,,,,,,,,,,,,,,,,,When I bought my first class ticket on @Delta it sounded like I would get WiFi but I guess that's not part of the first class experience. :( https://t.co/ZrEpOpJaJf,@176271 Please follow and DM your confirmation and I'll check your aircraft specs. *HDV,@Delta DM sent,,,,,,,,,,,,,,,,,,2025-09-27T03:24:24.252Z,job_20250927_012637,2
68d758f87222cee3d33c8776,1471,68ce563352b33355379e0003,Product Inquiry regarding In-flight Meal,Product Inquiry,In-flight Meal,Neutral,,253547,253546,,,,,,,,,,,,,,,,,,,176272,Delta,,,,,,,,,,,,,,,,,,,Customer,Service Provider,,,,,,,,,,,,,,,,,,,true,false,,,,,,,,,,,,,,,,,,,Thu Oct 05 17:07:19 +0000 2017,Thu Oct 05 17:47:46 +0000 2017,,,,,,,,,,,,,,,,,,,@Delta what in flight meal should I select if I want something that has no seasonings of any kind? I can't have sugar in my meal,"@176272 Hello, Chris. Pls see our meal options here:  https://t.co/iDSSoBe6SL.  *ARD",,,,,,,,,,,,,,,,,,,2025-09-27T03:24:40.893Z,job_20250927_012637,2
68d7590a7222cee3d33c8777,1473,68ce563352b33355379e0005,Order Status regarding Travel/Flight,Order Status,Travel/Flight,Neutral,,253552,253550,253551,,,,,,,,,,,,,,,,,,176274,Delta,176274,,,,,,,,,,,,,,,,,,Customer,Service Provider,Customer,,,,,,,,,,,,,,,,,,true,false,true,,,,,,,,,,,,,,,,,,Thu Oct 05 17:14:41 +0000 2017,Thu Oct 05 17:44:46 +0000 2017,Thu Oct 05 17:48:21 +0000 2017,,,,,,,,,,,,,,,,,,@Delta can i have some help on getting an assigned seat for a flight tomorrow? thanks!,@176274 Sure. What type of seat are you looking for? *AMC,@Delta I want to be sure my seat is assigned. I believe it's in comfort plus. will DM you my conf code,,,,,,,,,,,,,,,,,,2025-09-27T03:24:58.343Z,job_20250927_012637,2
68d759277222cee3d33c8778,1476,68ce563352b33355379e0008,Complaint regarding Travel/Transportation,Complaint,Travel/Transportation,Negative,,254174,254172,254170,254171,,,,,,,,,,,,,,,,,176416,176416,Delta,176416,,,,,,,,,,,,,,,,,Customer,Customer,Service Provider,Customer,,,,,,,,,,,,,,,,,true,true,false,true,,,,,,,,,,,,,,,,,Thu Oct 05 17:50:14 +0000 2017,Thu Oct 05 17:51:37 +0000 2017,Thu Oct 05 18:03:25 +0000 2017,Thu Oct 05 18:11:31 +0000 2017,,,,,,,,,,,,,,,,,Hey @delta! You parked us The wrong gate and now we have to reboard &amp; drive to correct gate bc this is a customs gate. Great job! #waiting,@Delta Yes @delta we'll just stand here with no bathroom waiting to get back on this plane bc you parked at Wrong gate. So much for on time!,@176416 You advised the gate assignment was wrong. What you are advising is not the same. Hope you are on your way soon. *HDV,@Delta That's what we were told. Then we got another story,,,,,,,,,,,,,,,,,2025-09-27T03:25:27.814Z,job_20250927_012637,2
68d759377222cee3d33c8779,1482,68ce563352b33355379e000e,Complaint regarding Travel/Transportation,Complaint,Travel/Transportation,Negative,,255142,255141,,,,,,,,,,,,,,,,,,,176659,Delta,,,,,,,,,,,,,,,,,,,Customer,Service Provider,,,,,,,,,,,,,,,,,,,true,false,,,,,,,,,,,,,,,,,,,Thu Oct 05 18:18:28 +0000 2017,Thu Oct 05 18:37:19 +0000 2017,,,,,,,,,,,,,,,,,,,@Delta NOT a Family friendly airline... Splits a family with 2 young kids “can’t do anything because full flight” VERY SAD.,@176659 Thanks for reaching out to us. I apologize for any inconvenience you experienced. *AMC,,,,,,,,,,,,,,,,,,,2025-09-27T03:25:43.549Z,job_20250927_012637,2
68d7594d7222cee3d33c877a,1483,68ce563352b33355379e000f,Complaint regarding Travel/Airline,Complaint,Travel/Airline,Negative,,255145,255143,255144,255146,,,,,,,,,,,,,,,,,176660,Delta,176660,Delta,,,,,,,,,,,,,,,,,Customer,Service Provider,Customer,Service Provider,,,,,,,,,,,,,,,,,true,false,true,false,,,,,,,,,,,,,,,,,Thu Oct 05 18:12:47 +0000 2017,Thu Oct 05 18:37:02 +0000 2017,Thu Oct 05 19:15:22 +0000 2017,Thu Oct 05 19:31:46 +0000 2017,,,,,,,,,,,,,,,,,Today is the day that @Delta Airlines lost me as a customer. I’ve never felt so disrespected.,@176660 Oh no' how can I assist your Dyln? *ALS,"@Delta 1) informing TSA to not overstep boundaries which caused me to miss my flight, and 2) reimburse me for having pay to get another flight. Pls",@176660 For more info on airport security and check in visit https://t.co/42tyG4J91L. *ALS,,,,,,,,,,,,,,,,,2025-09-27T03:26:05.946Z,job_20250927_012637,2
68d7595f7222cee3d33c877b,1493,68ce563352b33355379e0019,Feedback regarding Inflight Service,Feedback,Inflight Service,Positive,,256111,256110,,,,,,,,,,,,,,,,,,,176926,Delta,,,,,,,,,,,,,,,,,,,Customer,Service Provider,,,,,,,,,,,,,,,,,,,true,false,,,,,,,,,,,,,,,,,,,Thu Oct 05 18:42:00 +0000 2017,Thu Oct 05 19:12:59 +0000 2017,,,,,,,,,,,,,,,,,,,"@delta I flew from CVG to DCA flight DL4171, plz thank the flight attendant she was the bomb dot com 🙌🏾 #putacoveronmewhileiwassleep",@176926 So happy to hear about this! I'll go ahead and pass this along to our inflight leadership.  *HMB,,,,,,,,,,,,,,,,,,,2025-09-27T03:26:23.745Z,job_20250927_012637,2
68d7596c7222cee3d33c877c,1501,68ce563352b33355379e0021,Feedback regarding General,Feedback,General,Positive,,256808,256807,,,,,,,,,,,,,,,,,,,177069,Delta,,,,,,,,,,,,,,,,,,,Customer,Service Provider,,,,,,,,,,,,,,,,,,,true,false,,,,,,,,,,,,,,,,,,,Thu Oct 05 18:54:06 +0000 2017,Thu Oct 05 19:21:06 +0000 2017,,,,,,,,,,,,,,,,,,,@Delta you are amazing! https://t.co/sg6vuxJVoJ,@177069 You're the amazing ones! Thanks for sharing. 😊 *TJE,,,,,,,,,,,,,,,,,,,2025-09-27T03:26:36.360Z,job_20250927_012637,2
68d7597a7222cee3d33c877d,1503,68ce563352b33355379e0023,Technical Support regarding General,Technical Support,General,Neutral,,256812,256811,,,,,,,,,,,,,,,,,,,177071,Delta,,,,,,,,,,,,,,,,,,,Customer,Service Provider,,,,,,,,,,,,,,,,,,,true,false,,,,,,,,,,,,,,,,,,,Thu Oct 05 18:51:22 +0000 2017,Thu Oct 05 19:18:10 +0000 2017,,,,,,,,,,,,,,,,,,,@Delta 1hr hold time to make changes to a reservation??,"@177071 Hi, Justin. I am sorry about the hold time. May I assist you via Twitter? *TJF",,,,,,,,,,,,,,,,,,,2025-09-27T03:26:50.340Z,job_20250927_012637,2
68d7598b7222cee3d33c877e,1504,68ce563352b33355379e0024,Technical Support regarding Customer Service,Technical Support,Customer Service,Negative,,256814,256813,,,,,,,,,,,,,,,,,,,177072,Delta,,,,,,,,,,,,,,,,,,,Customer,Service Provider,,,,,,,,,,,,,,,,,,,true,false,,,,,,,,,,,,,,,,,,,Thu Oct 05 18:57:09 +0000 2017,Thu Oct 05 19:17:25 +0000 2017,,,,,,,,,,,,,,,,,,,@Delta Called but wasn't helped.  Reached out to the mgr that helped me last time (Kiosha Robinson) but she's not returning my emails.,@177072 Hello William. Please reach out to our Baggage Service Office at 800-325-8224 regarding claims for delayed luggage. *TMS,,,,,,,,,,,,,,,,,,,2025-09-27T03:27:07.729Z,job_20250927_012637,2
68d7599a7222cee3d33c877f,1509,68ce563352b33355379e0029,Technical Support regarding Travel,Technical Support,Travel,Neutral,,257261,257260,,,,,,,,,,,,,,,,,,,177187,Delta,,,,,,,,,,,,,,,,,,,Customer,Service Provider,,,,,,,,,,,,,,,,,,,true,false,,,,,,,,,,,,,,,,,,,Thu Oct 05 19:23:21 +0000 2017,Thu Oct 05 19:40:04 +0000 2017,,,,,,,,,,,,,,,,,,,@Delta I'm checked in for a flight tomorrow. How do I print a boarding pass?,@177187 ...airport.  *HYC 2/2,,,,,,,,,,,,,,,,,,,2025-09-27T03:27:22.480Z,job_20250927_012637,2
68d759ac7222cee3d33c8780,1515,68ce563352b33355379e002f,Complaint regarding Technical Support,Complaint,Technical Support,Negative,,257286,257285,,,,,,,,,,,,,,,,,,,177194,Delta,,,,,,,,,,,,,,,,,,,Customer,Service Provider,,,,,,,,,,,,,,,,,,,true,false,,,,,,,,,,,,,,,,,,,Thu Oct 05 19:15:51 +0000 2017,Thu Oct 05 19:32:07 +0000 2017,,,,,,,,,,,,,,,,,,,@Delta 4662 cid to dtw even though I was number 1 for upgrade gate agent didn't process upgrades- let people just ask if they could move,"@177194 Oh, No! I'm deeply sorry to heat this, Katelin. Please follow/DM details. I'll go ahead and report this.  *HMB",,,,,,,,,,,,,,,,,,,2025-09-27T03:27:40.162Z,job_20250927_012637,2
68d759cb7222cee3d33c8781,1521,68ce563352b33355379e0035,Complaint regarding Technical Support,Complaint,Technical Support,Negative,,257917,257916,257915,257914,257912,257911,,,,,,,,,,,,,,,177362,Delta,177362,Delta,177362,Delta,,,,,,,,,,,,,,,Customer,Service Provider,Customer,Service Provider,Customer,Service Provider,,,,,,,,,,,,,,,true,false,true,false,true,false,,,,,,,,,,,,,,,Thu Oct 05 19:53:11 +0000 2017,Thu Oct 05 19:54:53 +0000 2017,Thu Oct 05 19:56:21 +0000 2017,Thu Oct 05 20:00:40 +0000 2017,Thu Oct 05 20:06:18 +0000 2017,Thu Oct 05 20:09:38 +0000 2017,,,,,,,,,,,,,,,"You know what's awesome about @Delta ? If you call customer service, the estimated wait time is 46-58 minutes. 46-58m of free music!!!",@177362 Hello Eleine! I apologize for the long hold time. Do you need assistance with your reservations?  *HKS,@Delta Our office manager will be calling to secure my return flight since I will be in the air by the time the hold time is up. -_-,"@177362 Ok, please feel free to reach back out to us if you need further assistance.  *HKS","@Delta No, but if you could pass onto the higher ups that their attempts to cut corners and save money on customer service staff is shameful, 👍👌",@177362 ...steps to regain your confidence in us.  *TJN 2/2,,,,,,,,,,,,,,,2025-09-27T03:28:11.337Z,job_20250927_012637,2
68d759dc7222cee3d33c8782,1535,68ce563352b33355379e0043,Complaint regarding Technical Support,Complaint,Technical Support,Negative,,259003,259002,,,,,,,,,,,,,,,,,,,177581,Delta,,,,,,,,,,,,,,,,,,,Customer,Service Provider,,,,,,,,,,,,,,,,,,,true,false,,,,,,,,,,,,,,,,,,,Thu Oct 05 19:20:48 +0000 2017,Thu Oct 05 20:25:26 +0000 2017,,,,,,,,,,,,,,,,,,,@177582 I would like to go on the news and talk about @Delta losing my sons wheelchair and won't pay for it,@177581 ...will be contacted as soon as the escalation is reviewed.  *HJB 2/2,,,,,,,,,,,,,,,,,,,2025-09-27T03:28:28.132Z,job_20250927_012637,2
68d759f87222cee3d33c8783,1540,68ce563352b33355379e0048,Product Inquiry regarding Travel/Transportation,Product Inquiry,Travel/Transportation,Neutral,,259081,259080,259077,259078,,,,,,,,,,,,,,,,,177362,177607,177362,Delta,,,,,,,,,,,,,,,,,Customer,Customer,Customer,Service Provider,,,,,,,,,,,,,,,,,true,true,true,false,,,,,,,,,,,,,,,,,Thu Oct 05 20:08:59 +0000 2017,Thu Oct 05 20:10:57 +0000 2017,Thu Oct 05 20:12:25 +0000 2017,Thu Oct 05 20:15:03 +0000 2017,,,,,,,,,,,,,,,,,Shoutouts to @SouthwestAir being better than @Delta in every conceivable way. 👌👌🏿👌🏾👌🏽👌🏽👌🏼👌🏻 This is a good SFO terminal.,@177362 @SouthwestAir @Delta 2. Delta Air Lines: 85.17% on-time arrival\n4. Southwest Airlines: 81.89% on-time arrival\n\nhttps://t.co/dhUEVRSpqO\n\nive conceived of a way! 🤠,"@177607 @SouthwestAir @Delta 🤔\n\nYou win this one, Delta.",@177362 We're working toward our goal. 😊 *TBT,,,,,,,,,,,,,,,,,2025-09-27T03:28:56.828Z,job_20250927_012637,2
68d75a167222cee3d33c8784,1544,68ce563352b33355379e004c,Feedback regarding General,Feedback,General,Positive,,259506,259505,259503,259501,259502,,,,,,,,,,,,,,,,177713,Delta,177713,Delta,177713,,,,,,,,,,,,,,,,Customer,Service Provider,Customer,Service Provider,Customer,,,,,,,,,,,,,,,,true,false,true,false,true,,,,,,,,,,,,,,,,Thu Oct 05 20:26:10 +0000 2017,Thu Oct 05 20:32:03 +0000 2017,Thu Oct 05 20:33:58 +0000 2017,Thu Oct 05 20:37:34 +0000 2017,Thu Oct 05 20:40:27 +0000 2017,,,,,,,,,,,,,,,,Ahhhh.... when the upgrade comes through! Thanks @Delta! #TravelSeason ❤,"@177713 Hi Jennifer,  It's a pleasure to have you flying with us in our First Class cabin!  You deserve it! :-)  Thank you for your loyalty.  *HML",@Delta Thank you @Delta &amp; *HML. You make traveling this much easier! ❤ (booking next flight later tonight. #TravelSeason),"@177713 Fantastic, Jennifer! :-)  We look forward to you flying with us again soon.  Enjoy your weekend!  *HML","@Delta You too @Delta &amp; *HML!\nUp, up &amp; away.... ☺ \n*turns off wifi until in the air* #GoGoInflight #TravelSeason",,,,,,,,,,,,,,,,2025-09-27T03:29:26.337Z,job_20250927_012637,2
68d75a2a7222cee3d33c8785,1545,68ce563352b33355379e004d,Feedback regarding General,Feedback,General,Neutral,,259508,259507,,,,,,,,,,,,,,,,,,,177714,Delta,,,,,,,,,,,,,,,,,,,Customer,Service Provider,,,,,,,,,,,,,,,,,,,true,false,,,,,,,,,,,,,,,,,,,Thu Oct 05 20:18:39 +0000 2017,Thu Oct 05 20:37:26 +0000 2017,,,,,,,,,,,,,,,,,,,Well said @143228. It took @Delta  a long time to earn my loyalty. Wall St wont like Ed Bastian so much when he loses our loyalty https://t.co/qQuyp13X9i,"@177714 ...either $15,000 MQDs or reach the $250,000 Diamond MQD Waiver, in addition to either 125,000 MQMs or 140 MQSs. *HJH 2/2",,,,,,,,,,,,,,,,,,,2025-09-27T03:29:46.569Z,job_20250927_012637,2
68d75a3c7222cee3d33c8786,1551,68ce563352b33355379e0053,Complaint regarding Technical Support,Complaint,Technical Support,Negative,,260060,260059,260058,,,,,,,,,,,,,,,,,,177871,177871,Delta,,,,,,,,,,,,,,,,,,Customer,Customer,Service Provider,,,,,,,,,,,,,,,,,,true,true,false,,,,,,,,,,,,,,,,,,Thu Oct 05 20:49:55 +0000 2017,Thu Oct 05 20:50:57 +0000 2017,Thu Oct 05 20:52:48 +0000 2017,,,,,,,,,,,,,,,,,,I'll now be committing to any other airline than @Delta. This is an absolute joke. What a terrible airline.,@Delta @Delta I followed,@177871 I show you are still tweeting publicly. You may send a DM via this link:  *AAB https://t.co/6iDGBJAc2m,,,,,,,,,,,,,,,,,,2025-09-27T03:30:04.142Z,job_20250927_012637,2
68d75a4e7222cee3d33c8787,1554,68ce563352b33355379e0056,Complaint regarding Travel,Complaint,Travel,Negative,,260066,260065,,,,,,,,,,,,,,,,,,,168094,Delta,,,,,,,,,,,,,,,,,,,Customer,Service Provider,,,,,,,,,,,,,,,,,,,true,false,,,,,,,,,,,,,,,,,,,Thu Oct 05 20:44:12 +0000 2017,Thu Oct 05 20:47:56 +0000 2017,,,,,,,,,,,,,,,,,,,Thanks @delta the day of a funeral for delaying my flight so i miss a connection &amp; have 20min new one or get in at 1am.  Do better!,@168094 Oh no! So sorry for that. Could you provide your confirmation number via DM so I can assist?  *TDL https://t.co/6iDGBJAc2m,,,,,,,,,,,,,,,,,,,2025-09-27T03:30:22.222Z,job_20250927_012637,2
68d75a627222cee3d33c8788,1558,68ce563352b33355379e005a,Technical Support regarding Travel,Technical Support,Travel,Negative,,260076,260075,,,,,,,,,,,,,,,,,,,177876,Delta,,,,,,,,,,,,,,,,,,,Customer,Service Provider,,,,,,,,,,,,,,,,,,,true,false,,,,,,,,,,,,,,,,,,,Thu Oct 05 20:37:26 +0000 2017,Thu Oct 05 20:43:51 +0000 2017,,,,,,,,,,,,,,,,,,,.@Delta why do I have to check bag when A) it’s no bigger than biggest B) didn’t have to on trip Bos-Buf 10/3? How can I get time back! https://t.co/jLb9z4LZAi,"@177876 Hi Jeffrey, can you DM your confirmation # to the link provided? I will look into this.  *TBT https://t.co/6iDGBJAc2m",,,,,,,,,,,,,,,,,,,2025-09-27T03:30:42.754Z,job_20250927_012637,2
68d75a717222cee3d33c8789,1560,68ce563352b33355379e005c,Order Status regarding Travel/Flight,Order Status,Travel/Flight,Neutral,,260474,260473,,,,,,,,,,,,,,,,,,,177983,Delta,,,,,,,,,,,,,,,,,,,Customer,Service Provider,,,,,,,,,,,,,,,,,,,true,false,,,,,,,,,,,,,,,,,,,Thu Oct 05 21:07:47 +0000 2017,Thu Oct 05 21:09:44 +0000 2017,,,,,,,,,,,,,,,,,,,@Delta I just added my known traveler number to my profile.  How can I now get a boarding pass that shows pre-check,"@177983 Hello, once you check-in if you are selected it will show on your boarding pass. I suggest checking in again. *AMS",,,,,,,,,,,,,,,,,,,2025-09-27T03:30:57.507Z,job_20250927_012637,2
68d75a817222cee3d33c878a,1563,68ce563352b33355379e005f,Complaint regarding Travel,Complaint,Travel,Negative,,260480,260479,,,,,,,,,,,,,,,,,,,177986,Delta,,,,,,,,,,,,,,,,,,,Customer,Service Provider,,,,,,,,,,,,,,,,,,,true,false,,,,,,,,,,,,,,,,,,,Thu Oct 05 21:01:07 +0000 2017,Thu Oct 05 21:04:36 +0000 2017,,,,,,,,,,,,,,,,,,,@Delta #Delta Got completely boarded &amp; now all pulled off to switch planes on a bum wing. How's about a beer coupon for the trouble? DL1277. Trying to get to the Big Easy!,@177986 Oh no! I'm sorry about the delay. We hope to have you on your way soon.  *TCH,,,,,,,,,,,,,,,,,,,2025-09-27T03:31:13.863Z,job_20250927_012637,2
68d75a927222cee3d33c878b,1564,68ce563352b33355379e0060,Complaint regarding Travel,Complaint,Travel,Negative,,260482,260481,,,,,,,,,,,,,,,,,,,177987,Delta,,,,,,,,,,,,,,,,,,,Customer,Service Provider,,,,,,,,,,,,,,,,,,,true,false,,,,,,,,,,,,,,,,,,,Thu Oct 05 21:02:00 +0000 2017,Thu Oct 05 21:02:55 +0000 2017,,,,,,,,,,,,,,,,,,,Apparently I'm not too valuable to @delta.  Bumped from confirmed 15F to last row (non-reclining) next to the bathroom.  #goldhasitsperks,@177987 2/2 https://t.co/6iDGBJRMTU,,,,,,,,,,,,,,,,,,,2025-09-27T03:31:30.216Z,job_20250927_012637,2
68d75aa27222cee3d33c878c,1565,68ce563352b33355379e0061,Feedback regarding General,Feedback,General,Positive,,260485,260484,,,,,,,,,,,,,,,,,,,177988,Delta,,,,,,,,,,,,,,,,,,,Customer,Service Provider,,,,,,,,,,,,,,,,,,,true,false,,,,,,,,,,,,,,,,,,,Thu Oct 05 20:48:17 +0000 2017,Thu Oct 05 21:01:43 +0000 2017,,,,,,,,,,,,,,,,,,,Fly a million miles on @delta? Well they celebrate you in style. #FlyDelta #millionmiler #diamond https://t.co/NIDh0tQ5FT,@177988 ...future travel needs. 😄 *HJH 2/2,,,,,,,,,,,,,,,,,,,2025-09-27T03:31:46.640Z,job_20250927_012637,2
68d75ab57222cee3d33c878d,1566,68ce563352b33355379e0062,Complaint regarding Travel,Complaint,Travel,Negative,,260488,260487,,,,,,,,,,,,,,,,,,,177989,Delta,,,,,,,,,,,,,,,,,,,Customer,Service Provider,,,,,,,,,,,,,,,,,,,true,false,,,,,,,,,,,,,,,,,,,Thu Oct 05 20:52:18 +0000 2017,Thu Oct 05 20:59:24 +0000 2017,,,,,,,,,,,,,,,,,,,".@Delta After 6 hour delay,no meal vouchers. But snacks feat. tin of Jolly Ranchers. Yay? Send supervisor to gate 27 LAX. What is happening? https://t.co/VjiTdc5pCP",@177989 ...you and the passenger traveling with you a $200.00 travel voucher as a way to say we are sorry for this.  *HRO 2/2,,,,,,,,,,,,,,,,,,,2025-09-27T03:32:05.403Z,job_20250927_012637,2
68d75acd7222cee3d33c878e,1570,68ce563352b33355379e0066,Feedback regarding Technical Support,Feedback,Technical Support,Positive,,260892,260891,260890,260889,,,,,,,,,,,,,,,,,178113,Delta,178113,Delta,,,,,,,,,,,,,,,,,Customer,Service Provider,Customer,Service Provider,,,,,,,,,,,,,,,,,true,false,true,false,,,,,,,,,,,,,,,,,Thu Oct 05 21:08:41 +0000 2017,Thu Oct 05 21:21:16 +0000 2017,Thu Oct 05 21:22:18 +0000 2017,Thu Oct 05 21:28:03 +0000 2017,,,,,,,,,,,,,,,,,Today I saw a @Delta crew member do whatever she could to make a pax with ext O2 supply feel safe and comfy. Good humans are good,"@178113 Thank you for sharing this amazing tweet with us! Pls, share the flight #.  *HYC",@Delta DL2610,@178113 Awesome! I will be delighted to share this with our In-Flight leadership team.  *HYC,,,,,,,,,,,,,,,,,2025-09-27T03:32:29.249Z,job_20250927_012637,2
68d75ad97222cee3d33c878f,1571,68ce563352b33355379e0067,Other regarding General,Other,General,Neutral,,260894,260893,,,,,,,,,,,,,,,,,,,178114,Delta,,,,,,,,,,,,,,,,,,,Customer,Service Provider,,,,,,,,,,,,,,,,,,,true,false,,,,,,,,,,,,,,,,,,,Thu Oct 05 21:26:04 +0000 2017,Thu Oct 05 21:27:26 +0000 2017,,,,,,,,,,,,,,,,,,,#flydeltajets @delta #vacation #bcn #Barcelona https://t.co/RP6dpeYte9,@178114 Great picture! Thanks for sharing! *AMS,,,,,,,,,,,,,,,,,,,2025-09-27T03:32:41.927Z,job_20250927_012637,2
68d75ae97222cee3d33c8790,1577,68ce563352b33355379e006d,Complaint regarding Technical Support,Complaint,Technical Support,Negative,,260922,260921,,,,,,,,,,,,,,,,,,,178120,Delta,,,,,,,,,,,,,,,,,,,Customer,Service Provider,,,,,,,,,,,,,,,,,,,true,false,,,,,,,,,,,,,,,,,,,Thu Oct 05 21:12:33 +0000 2017,Thu Oct 05 21:19:29 +0000 2017,,,,,,,,,,,,,,,,,,,@Delta hey thanks for once again making my flying experience absolutely terrible by missing my connection and offering AWFUL service 👍🏻💯,"@178120 ...your experience. Although it's disturbing to read your comments, we certainly appreciate the feedback.  *ACJ 2/2",,,,,,,,,,,,,,,,,,,2025-09-27T03:32:57.817Z,job_20250927_012637,2
68d75afd7222cee3d33c8791,1578,68ce563352b33355379e006e,Complaint regarding Travel/Flight,Complaint,Travel/Flight,Negative,,260928,260926,260925,260924,,,,,,,,,,,,,,,,,178121,Delta,178121,Delta,,,,,,,,,,,,,,,,,Customer,Service Provider,Customer,Service Provider,,,,,,,,,,,,,,,,,true,false,true,false,,,,,,,,,,,,,,,,,Thu Oct 05 20:51:48 +0000 2017,Thu Oct 05 21:01:19 +0000 2017,Thu Oct 05 21:03:09 +0000 2017,Thu Oct 05 21:18:40 +0000 2017,,,,,,,,,,,,,,,,,@Delta seriously platinum status earns a 5hr flight in 49D. constant marketing emails you send claim you value my business I’m thinking not,@178121 ...started your travel yet? *HDG 2/2,@Delta Not to mention ticket was expensive,@178121 My apologies this may have been the only seat available at the time you purchased your ticket.  *HDG,,,,,,,,,,,,,,,,,2025-09-27T03:33:17.105Z,job_20250927_012637,2
68d75b0c7222cee3d33c8792,1587,68ce563352b33355379e0077,Product Suggestion regarding Product Info,Product Suggestion,Product Info,Positive,,261371,261370,,,,,,,,,,,,,,,,,,,178235,Delta,,,,,,,,,,,,,,,,,,,Customer,Service Provider,,,,,,,,,,,,,,,,,,,true,false,,,,,,,,,,,,,,,,,,,Thu Oct 05 21:27:23 +0000 2017,Thu Oct 05 21:29:44 +0000 2017,,,,,,,,,,,,,,,,,,,@Delta please add all of the Back to the Future movies to your selection. I’m out of options.,"@178235 Hi, Fernando. Thanks for your great suggestion. I'm happy you're enjoying yourself. :-) *AAB",,,,,,,,,,,,,,,,,,,2025-09-27T03:33:32.396Z,job_20250927_012637,2
68d75b1f7222cee3d33c8793,1589,68ce563352b33355379e0079,Technical Support regarding Travel,Technical Support,Travel,Neutral,,261802,261799,261798,261797,,,,,,,,,,,,,,,,,178232,Delta,178232,Delta,,,,,,,,,,,,,,,,,Customer,Service Provider,Customer,Service Provider,,,,,,,,,,,,,,,,,true,false,true,false,,,,,,,,,,,,,,,,,Thu Oct 05 21:46:18 +0000 2017,Thu Oct 05 21:50:15 +0000 2017,Thu Oct 05 21:54:16 +0000 2017,Thu Oct 05 21:54:59 +0000 2017,,,,,,,,,,,,,,,,,And now we have to deplane...they can’t take this plane today and we have to wait for another plane...thanks @Delta...,"@178232 Oh my, Lindsey. Do you need assistance in rebooking? *ACJ",@Delta Can you get me on a flight out of LAX in the next 30 minutes so I don’t miss a wedding?!,@178232 Please follow/DM your confirmation number. *ACJ,,,,,,,,,,,,,,,,,2025-09-27T03:33:51.697Z,job_20250927_012637,2
68d75b2f7222cee3d33c8794,1602,68ce563352b33355379e0086,Complaint regarding Travel,Complaint,Travel,Negative,,262261,262260,,,,,,,,,,,,,,,,,,,178470,Delta,,,,,,,,,,,,,,,,,,,Customer,Service Provider,,,,,,,,,,,,,,,,,,,true,false,,,,,,,,,,,,,,,,,,,Thu Oct 05 21:57:22 +0000 2017,Thu Oct 05 22:01:45 +0000 2017,,,,,,,,,,,,,,,,,,,"@Delta I've been waiting 12 hours for a flight at LAX. No supervisors came out to inform clients ,UNACCEPTABLE",@178470 I do apologize Vincent. Please DM your confirmation number and I'll do my best to help you.  *TMS https://t.co/6iDGBJAc2m,,,,,,,,,,,,,,,,,,,2025-09-27T03:34:07.702Z,job_20250927_012637,2
68d75b4f7222cee3d33c8795,1604,68ce563352b33355379e0088,Complaint regarding Technical Support,Complaint,Technical Support,Negative,,262522,262520,262521,262523,262524,262525,,,,,,,,,,,,,,,178539,Delta,178539,Delta,178539,Delta,,,,,,,,,,,,,,,Customer,Service Provider,Customer,Service Provider,Customer,Service Provider,,,,,,,,,,,,,,,true,false,true,false,true,false,,,,,,,,,,,,,,,Mon Aug 28 12:02:37 +0000 2017,Mon Aug 28 12:04:51 +0000 2017,Tue Oct 03 21:30:08 +0000 2017,Tue Oct 03 22:21:41 +0000 2017,Thu Oct 05 21:43:08 +0000 2017,Thu Oct 05 21:51:14 +0000 2017,,,,,,,,,,,,,,,This link was nonsense. I haven't heard from anyone @delta after bumping me back to coach with no explanation. https://t.co/ULkGudOuHu,@13432 I can check on the resevration. *HPL https://t.co/6iDGBJAc2m,"@Delta Finally got a call about this. Of course it was while I was at work...VM said you would call back &amp; you never did, no callback number left",@178539 Hi jaime. I am so sorry to hear that you missed your call. Did you try dialing that number back to see if you could reach someone?  *HSD,@Delta Yes. It took me to the main customer service number automated service. I couldn't reach anyone.,@178539 2/2 https://t.co/6iDGBJAc2m,,,,,,,,,,,,,,,2025-09-27T03:34:39.911Z,job_20250927_012637,2
68d75b5e7222cee3d33c8796,1606,68ce563352b33355379e008a,Other regarding General,Other,General,Neutral,,262619,262618,262617,262616,,,,,,,,,,,,,,,,,178114,Delta,178114,Delta,,,,,,,,,,,,,,,,,Customer,Service Provider,Customer,Service Provider,,,,,,,,,,,,,,,,,true,false,true,false,,,,,,,,,,,,,,,,,Thu Oct 05 22:15:45 +0000 2017,Thu Oct 05 22:18:40 +0000 2017,Thu Oct 05 22:23:27 +0000 2017,Thu Oct 05 22:27:35 +0000 2017,,,,,,,,,,,,,,,,,#atl—&gt;#bcn @Delta https://t.co/RDq90sp4IZ,@178114 Happy Travels! *HJH,@Delta Thank you.,@178114 You're welcome. *AMC,,,,,,,,,,,,,,,,,2025-09-27T03:34:54.700Z,job_20250927_012637,2
68d75b737222cee3d33c8797,1366,68ce563352b33355379dff9a,Technical Support regarding Travel/Booking,Technical Support,Travel/Booking,Neutral,,236339,236337,236338,236340,236341,,,,,,,,,,,,,,,,172286,Delta,172286,Delta,172286,,,,,,,,,,,,,,,,Customer,Service Provider,Customer,Service Provider,Customer,,,,,,,,,,,,,,,,true,false,true,false,true,,,,,,,,,,,,,,,,Thu Oct 05 13:45:57 +0000 2017,Thu Oct 05 13:46:49 +0000 2017,Thu Oct 05 13:48:51 +0000 2017,Thu Oct 05 13:50:05 +0000 2017,Thu Oct 05 13:51:30 +0000 2017,,,,,,,,,,,,,,,,"@Delta Hi, Delta. I have a big problem with my check in",@172286 Hello. Sorry to hear. How may we assist?  *ARD,@Delta This happened when I tried to check in. I have introduced everything but it kept saying something about my visa. But my visa is totally fine https://t.co/Z86ejlygtJ,@172286 Pls follow/DM your confirm #.  *ARD,@Delta Done,,,,,,,,,,,,,,,,2025-09-27T03:35:15.405Z,job_20250927_012637,2
68d75b807222cee3d33c8798,1369,68ce563352b33355379dff9d,Other regarding General,Other,General,Neutral,,236355,236354,,,,,,,,,,,,,,,,,,,172289,Delta,,,,,,,,,,,,,,,,,,,Customer,Service Provider,,,,,,,,,,,,,,,,,,,true,false,,,,,,,,,,,,,,,,,,,Thu Oct 05 14:06:00 +0000 2017,Thu Oct 05 14:07:03 +0000 2017,,,,,,,,,,,,,,,,,,,"I'm at @Delta Sky Club in San Francisco, CA https://t.co/L8tjFcmXRX",@172289 Fantastic! Enjoy the amenities.  *TAS,,,,,,,,,,,,,,,,,,,2025-09-27T03:35:28.000Z,job_20250927_012637,2
68d75b967222cee3d33c8799,1376,68ce563352b33355379dffa4,Complaint regarding Travel,Complaint,Travel,Negative,,241742,241741,241740,241739,,,,,,,,,,,,,,,,,173407,Delta,173407,Delta,,,,,,,,,,,,,,,,,Customer,Service Provider,Customer,Service Provider,,,,,,,,,,,,,,,,,true,false,true,false,,,,,,,,,,,,,,,,,Sun Oct 08 04:45:44 +0000 2017,Sun Oct 08 05:24:06 +0000 2017,Sun Oct 08 06:14:18 +0000 2017,Sun Oct 08 06:17:17 +0000 2017,,,,,,,,,,,,,,,,,"@delta one hour to confirm a flight i paid for, almost could not return w family and 1st class revoked. Never again @delta",@173407 I'm so sorry to hear this. Is there anything I can assist you with? *AMC,"@Delta Yes, can you restore the seats we were promised and confirm we actually can return home tomorrow?",@173407 Hi Elizabeth! I will be happy to assist you. Please private message your confirmation number. *AJR https://t.co/6iDGBJAc2m,,,,,,,,,,,,,,,,,2025-09-27T03:35:50.455Z,job_20250927_012637,2
68d75ba97222cee3d33c879a,1378,68ce563352b33355379dffa6,Other regarding General,Other,General,Neutral,,241753,241752,,,,,,,,,,,,,,,,,,,173409,Delta,,,,,,,,,,,,,,,,,,,Customer,Service Provider,,,,,,,,,,,,,,,,,,,true,false,,,,,,,,,,,,,,,,,,,Sun Oct 08 06:12:21 +0000 2017,Sun Oct 08 06:15:55 +0000 2017,,,,,,,,,,,,,,,,,,,"Bye bye @12502 ! C U #Kona2017 in few hours! 1st stop @12503 2nd @12504 Please @Delta take care of my bike, I have @12505 to do😉 https://t.co/pUAnn3zge4","@173409 @12502 @12503 @12504 @12505 Hope you have a lovely trip! Please, let us know if you need anything. 😊 *AMV",,,,,,,,,,,,,,,,,,,2025-09-27T03:36:09.877Z,job_20250927_012637,2
68d75bb67222cee3d33c879b,1379,68ce563352b33355379dffa7,Feedback regarding General,Feedback,General,Positive,,241756,241755,,,,,,,,,,,,,,,,,,,173410,Delta,,,,,,,,,,,,,,,,,,,Customer,Service Provider,,,,,,,,,,,,,,,,,,,true,false,,,,,,,,,,,,,,,,,,,Sun Oct 08 06:12:59 +0000 2017,Sun Oct 08 06:14:31 +0000 2017,,,,,,,,,,,,,,,,,,,Thank you @Delta for the great service on our flights from Tampa to Maui!,@173410 You are very welcome. Thanks for choosing to fly with us. *AMC,,,,,,,,,,,,,,,,,,,2025-09-27T03:36:22.081Z,job_20250927_012637,2
68d75bcd7222cee3d33c879c,1384,68ce563352b33355379dffac,Complaint regarding Food/Catering,Complaint,Food/Catering,Negative,,243394,243393,243392,243391,,,,,,,,,,,,,,,,,173805,Delta,173805,Delta,,,,,,,,,,,,,,,,,Customer,Service Provider,Customer,Service Provider,,,,,,,,,,,,,,,,,true,false,true,false,,,,,,,,,,,,,,,,,Thu Oct 05 14:17:49 +0000 2017,Thu Oct 05 14:20:55 +0000 2017,Thu Oct 05 14:29:49 +0000 2017,Thu Oct 05 14:34:57 +0000 2017,,,,,,,,,,,,,,,,,@Delta - Salads have dressing already on them? There was no dressing on this salad at all. Bone dry. I've had separate dressing before.,"@173805 Oh no Steve, did you ask the flight crew for any dressing? I will forward this to our Catering Leadership Team, I'm so very sorry. *TRR",@Delta Yes. I asked for dressing. None on the plane or the paperwork for the meal.,@173805 We certainly apologize about that. Hopefully your meal was just as well without it.  *TAS,,,,,,,,,,,,,,,,,2025-09-27T03:36:45.681Z,job_20250927_012637,2
68d75be27222cee3d33c879d,1385,68ce563352b33355379dffad,Technical Support regarding Travel/Transportation,Technical Support,Travel/Transportation,Negative,,243397,243395,243396,243398,,,,,,,,,,,,,,,,,173806,Delta,173806,Delta,,,,,,,,,,,,,,,,,Customer,Service Provider,Customer,Service Provider,,,,,,,,,,,,,,,,,true,false,true,false,,,,,,,,,,,,,,,,,Thu Oct 05 14:29:36 +0000 2017,Thu Oct 05 14:31:43 +0000 2017,Thu Oct 05 14:32:17 +0000 2017,Thu Oct 05 14:41:17 +0000 2017,,,,,,,,,,,,,,,,,"@Delta lines at bag drip for RDU are getting longer - have been here for 15mins already, only 1 person on bag drop. Not great","@173806 Hi, Kathy. I'm sorry for the inconvenience.  *TJH","@Delta we still haven't moved, the line behind me is growing",@173806 My sincere apology for your experience. Thanks for bringing this to our attention. I will forward this to our leadership team. *TTN,,,,,,,,,,,,,,,,,2025-09-27T03:37:06.483Z,job_20250927_012637,2
68d75bef7222cee3d33c879e,1398,68ce563352b33355379dffba,Order Status regarding Travel/Flights,Order Status,Travel/Flights,Neutral,,245441,245440,,,,,,,,,,,,,,,,,,,174285,Delta,,,,,,,,,,,,,,,,,,,Customer,Service Provider,,,,,,,,,,,,,,,,,,,true,false,,,,,,,,,,,,,,,,,,,Thu Oct 05 15:04:37 +0000 2017,Thu Oct 05 15:09:25 +0000 2017,,,,,,,,,,,,,,,,,,,@Delta what is going on at SJO? Have flight from LAX tonight?,@174285 Our records show flights are departing on schedule today. *ALS,,,,,,,,,,,,,,,,,,,2025-09-27T03:37:19.459Z,job_20250927_012637,2
68d75c007222cee3d33c879f,1403,68ce563352b33355379dffbf,Feedback regarding General,Feedback,General,Positive,,246022,246021,,,,,,,,,,,,,,,,,,,172290,Delta,,,,,,,,,,,,,,,,,,,Customer,Service Provider,,,,,,,,,,,,,,,,,,,true,false,,,,,,,,,,,,,,,,,,,Thu Oct 05 15:18:55 +0000 2017,Thu Oct 05 15:23:33 +0000 2017,,,,,,,,,,,,,,,,,,,"A good flight crew can really make all the difference on your day. Bday &amp; 1st time flier shoutouts to others, plus funny jabs. @Delta #2161",@172290 That is very true. The crew does help to bring your Delta flight experience home.  *TAS,,,,,,,,,,,,,,,,,,,2025-09-27T03:37:36.584Z,job_20250927_012637,2
68d75c0e7222cee3d33c87a0,1405,68ce563352b33355379dffc1,Product Information regarding Technical Support,Product Information,Technical Support,Neutral,,246030,246029,,,,,,,,,,,,,,,,,,,174436,Delta,,,,,,,,,,,,,,,,,,,Customer,Service Provider,,,,,,,,,,,,,,,,,,,true,false,,,,,,,,,,,,,,,,,,,Thu Oct 05 15:14:09 +0000 2017,Thu Oct 05 15:16:56 +0000 2017,,,,,,,,,,,,,,,,,,,@Delta we received an email for our flight Saturday that we can use iMessage for free; is this a thing for all flights going forward?,@174436 There is no deadline or time frame. It started on 01OCT. Enjoy! 😉 *HDV,,,,,,,,,,,,,,,,,,,2025-09-27T03:37:50.981Z,job_20250927_012637,2
68d75c1d7222cee3d33c87a1,1407,68ce563352b33355379dffc3,Other regarding General,Other,General,Neutral,,246038,246037,,,,,,,,,,,,,,,,,,,174438,Delta,,,,,,,,,,,,,,,,,,,Customer,Service Provider,,,,,,,,,,,,,,,,,,,true,false,,,,,,,,,,,,,,,,,,,Thu Oct 05 15:12:02 +0000 2017,Thu Oct 05 15:15:56 +0000 2017,,,,,,,,,,,,,,,,,,,.@Delta Air Lines far outpaces competitors in September on-time arrival derby #airlines https://t.co/5YAh33y7wg,"@174438 Hi, Mark. Thanks for the sharing. We love what we do!   🚀 *TJF",,,,,,,,,,,,,,,,,,,2025-09-27T03:38:05.397Z,job_20250927_012637,2
68d75c2e7222cee3d33c87a2,1409,68ce563352b33355379dffc5,Feedback regarding General,Feedback,General,Positive,,246583,246582,,,,,,,,,,,,,,,,,,,174572,Delta,,,,,,,,,,,,,,,,,,,Customer,Service Provider,,,,,,,,,,,,,,,,,,,true,false,,,,,,,,,,,,,,,,,,,Thu Oct 05 15:32:11 +0000 2017,Thu Oct 05 15:34:49 +0000 2017,,,,,,,,,,,,,,,,,,,Thank U @Delta for waiving change fees for @174572 students/faculty due to #HurricaneIrma! Call 1-800-221-1212 for details. #ThankUDelta https://t.co/NEsf9yFrFV,@174572 Thanks for the shout-out and you are welcome! Have a great day.  *TDH,,,,,,,,,,,,,,,,,,,2025-09-27T03:38:22.479Z,job_20250927_012637,2
68d75c3f7222cee3d33c87a3,1410,68ce563352b33355379dffc6,Product Information regarding Product Info,Product Information,Product Info,Neutral,,246586,246585,,,,,,,,,,,,,,,,,,,174573,Delta,,,,,,,,,,,,,,,,,,,Customer,Service Provider,,,,,,,,,,,,,,,,,,,true,false,,,,,,,,,,,,,,,,,,,Thu Oct 05 15:31:14 +0000 2017,Thu Oct 05 15:33:50 +0000 2017,,,,,,,,,,,,,,,,,,,Hey @Delta -  what’s with the official Delta Lamborghini next to the plane I just boarded? Is this why my flight price is so high? https://t.co/jVsSJqWIpc,@174573 Hi Tiff. The vehicle is used to transport our High Valued Customers on the tarmac with tight connections. *ALS,,,,,,,,,,,,,,,,,,,2025-09-27T03:38:39.174Z,job_20250927_012637,2
68d75c4e7222cee3d33c87a4,1415,68ce563352b33355379dffcb,Feedback regarding General,Feedback,General,Positive,,247185,247184,,,,,,,,,,,,,,,,,,,174721,Delta,,,,,,,,,,,,,,,,,,,Customer,Service Provider,,,,,,,,,,,,,,,,,,,true,false,,,,,,,,,,,,,,,,,,,Thu Oct 05 15:29:55 +0000 2017,Thu Oct 05 15:54:58 +0000 2017,,,,,,,,,,,,,,,,,,,Thank U @Delta for waiving change fees for @174572 students/faculty due to #HurricaneIrma! Call 1-800-221-1212 for details. #ThankUDelta https://t.co/osUlS9x1sj,@174721 You're welcome! *ALS,,,,,,,,,,,,,,,,,,,2025-09-27T03:38:54.535Z,job_20250927_012637,2
68d75c5a7222cee3d33c87a5,1419,68ce563352b33355379dffcf,Complaint regarding Travel/Transportation,Complaint,Travel/Transportation,Negative,,247215,,,,,,,,,,,,,,,,,,,,174728,,,,,,,,,,,,,,,,,,,,Customer,,,,,,,,,,,,,,,,,,,,true,,,,,,,,,,,,,,,,,,,,Thu Oct 05 15:41:55 +0000 2017,,,,,,,,,,,,,,,,,,,,Yo @AmericanAir y’all have 0 ethnic food. I’m joining @Delta sky club- THEY SERVED MY FRIEND GRITS!!!!!!!!!!!!!,,,,,,,,,,,,,,,,,,,,2025-09-27T03:39:06.826Z,job_20250927_012637,2
68d75c6a7222cee3d33c87a6,1424,68ce563352b33355379dffd4,Technical Support regarding Travel,Technical Support,Travel,Negative,,248272,248271,,,,,,,,,,,,,,,,,,,174979,Delta,,,,,,,,,,,,,,,,,,,Customer,Service Provider,,,,,,,,,,,,,,,,,,,true,false,,,,,,,,,,,,,,,,,,,Thu Oct 05 15:55:16 +0000 2017,Thu Oct 05 16:15:08 +0000 2017,,,,,,,,,,,,,,,,,,,Still stuck in Atlanta. @Delta   Such a sad start to such a great day.   Whole day of vacay almost gone,@174979 Hi Laura. Do you need assistance with your flight? *ALS,,,,,,,,,,,,,,,,,,,2025-09-27T03:39:22.675Z,job_20250927_012637,2
68d75c787222cee3d33c87a7,1432,68ce563352b33355379dffdc,Other regarding General,Other,General,Neutral,,249277,249276,,,,,,,,,,,,,,,,,,,171857,Delta,,,,,,,,,,,,,,,,,,,Customer,Service Provider,,,,,,,,,,,,,,,,,,,true,false,,,,,,,,,,,,,,,,,,,Thu Oct 05 16:22:32 +0000 2017,Thu Oct 05 16:46:17 +0000 2017,,,,,,,,,,,,,,,,,,,"One more @delta rocket. (@ Concourse B - @30788 in Atlanta, GA) https://t.co/5g7itYb4jk",@171857 Thank you for flying Delta. Enjoy your flight.  *TDH,,,,,,,,,,,,,,,,,,,2025-09-27T03:39:36.732Z,job_20250927_012637,2
68d75c867222cee3d33c87a8,1435,68ce563352b33355379dffdf,Feedback regarding General,Feedback,General,Positive,,249288,249287,,,,,,,,,,,,,,,,,,,175226,Delta,,,,,,,,,,,,,,,,,,,Customer,Service Provider,,,,,,,,,,,,,,,,,,,true,false,,,,,,,,,,,,,,,,,,,Thu Oct 05 16:22:04 +0000 2017,Thu Oct 05 16:44:31 +0000 2017,,,,,,,,,,,,,,,,,,,Wheels down at @116147 for @3839 thanks @Delta @140483 @161609 @14604 - stoked for a great weekend!,@175226 You are welcome and thank you for flying Delta.  *TDH,,,,,,,,,,,,,,,,,,,2025-09-27T03:39:50.176Z,job_20250927_012637,2
68d75c977222cee3d33c87a9,1443,68ce563352b33355379dffe7,Technical Support regarding Technical,Technical Support,Technical,Negative,,250128,250127,,,,,,,,,,,,,,,,,,,175433,Delta,,,,,,,,,,,,,,,,,,,Customer,Service Provider,,,,,,,,,,,,,,,,,,,true,false,,,,,,,,,,,,,,,,,,,Thu Oct 05 16:43:34 +0000 2017,Thu Oct 05 17:08:58 +0000 2017,,,,,,,,,,,,,,,,,,,hey @Delta real awesome to pay $40 for wifi on your flight to work and not be able to load @5717 to actually do so,@175433 I am so sorry Steve that you are having problems with the WiFi. Please contact GoGo Wireless for a refund: 877-350-0038. *TMS,,,,,,,,,,,,,,,,,,,2025-09-27T03:40:07.357Z,job_20250927_012637,2
68d75cab7222cee3d33c87aa,1445,68ce563352b33355379dffe9,Complaint regarding Technical Support,Complaint,Technical Support,Negative,,250139,250138,250137,,,,,,,,,,,,,,,,,,175435,175435,Delta,,,,,,,,,,,,,,,,,,Customer,Customer,Service Provider,,,,,,,,,,,,,,,,,,true,true,false,,,,,,,,,,,,,,,,,,Thu Oct 05 16:41:33 +0000 2017,Thu Oct 05 16:44:02 +0000 2017,Thu Oct 05 17:03:15 +0000 2017,,,,,,,,,,,,,,,,,,@Delta @824 was upgraded to first And got on the plane to see my ticket changed back/attendants seat was broken so they took mine.,@Delta @824 If the jumper was broken have someone take care of it. How many flights will it go with bumping someone out of their upgrade.?,@175435 I do apologize for the inconvenience. I am sure they have reported this seat issue to our mechanics.  *TMS,,,,,,,,,,,,,,,,,,2025-09-27T03:40:27.564Z,job_20250927_012637,2
68d75cc57222cee3d33c87ab,1447,68ce563352b33355379dffeb,Technical Support regarding Travel/Flight,Technical Support,Travel/Flight,Neutral,,250146,250143,250144,250147,250148,250149,,,,,,,,,,,,,,,175437,Delta,175437,Delta,175437,Delta,,,,,,,,,,,,,,,Customer,Service Provider,Customer,Service Provider,Customer,Service Provider,,,,,,,,,,,,,,,true,false,true,false,true,false,,,,,,,,,,,,,,,Thu Oct 05 16:58:34 +0000 2017,Thu Oct 05 17:00:30 +0000 2017,Thu Oct 05 20:39:52 +0000 2017,Thu Oct 05 20:42:59 +0000 2017,Fri Oct 06 02:37:57 +0000 2017,Fri Oct 06 02:55:48 +0000 2017,,,,,,,,,,,,,,,@Delta storm  coming Sunday. Any  flights cancelled.,@175437 No flights have canceled as of yet.  *TDH,@Delta heading to Alabama,"@175437 Right now we are monitoring the situation for potential impacts. If there are delays or  cancellations, we will notify you ASAP. *TJF",@Delta great. I don't want to be stuck in the airport,@175437 Feel free to check back with us as well.  *HDG,,,,,,,,,,,,,,,2025-09-27T03:40:53.153Z,job_20250927_012637,2
68d75cd97222cee3d33c87ac,1458,68ce563352b33355379dfff6,Feedback regarding General,Feedback,General,Positive,,250829,250828,250827,250826,,,,,,,,,,,,,,,,,175618,Delta,175618,Delta,,,,,,,,,,,,,,,,,Customer,Service Provider,Customer,Service Provider,,,,,,,,,,,,,,,,,true,false,true,false,,,,,,,,,,,,,,,,,Sat Oct 07 20:39:30 +0000 2017,Sat Oct 07 20:58:43 +0000 2017,Sat Oct 07 21:09:16 +0000 2017,Sat Oct 07 21:23:07 +0000 2017,,,,,,,,,,,,,,,,,Hey @Delta just wanted you to know we got the BEST service and help from--&gt;&gt; Steve Tillman !! Give him a promotion!!,@175618 Thanks for recognizing Steve. Every day our team is working to make flying with us better!  *TMB,@Delta Soooooooo about that raise,@175618 We'll put in a good word for him! 😄 Thanks for choosing Delta.  *TMB,,,,,,,,,,,,,,,,,2025-09-27T03:41:13.002Z,job_20250927_012637,2
68d75cec7222cee3d33c87ad,1460,68ce563352b33355379dfff8,Cancel Order regarding Orders,Cancel Order,Orders,Neutral,,250837,250836,250834,250833,,,,,,,,,,,,,,,,,175620,Delta,175620,Delta,,,,,,,,,,,,,,,,,Customer,Service Provider,Customer,Service Provider,,,,,,,,,,,,,,,,,true,false,true,false,,,,,,,,,,,,,,,,,Sat Oct 07 19:49:56 +0000 2017,Sat Oct 07 21:00:57 +0000 2017,Sat Oct 07 21:08:20 +0000 2017,Sat Oct 07 21:19:09 +0000 2017,,,,,,,,,,,,,,,,,"@Delta I just bought two $50 egift cards, and the order was duplicated.  Tried calling, but 2+ hour wait...  How can I cancel the 2nd order?",@175620 I'm sorry for the delayed response. Do you still need assistance?  *TCH,"@Delta Yes, please!",@175620 One moment please while I look into this for you.  *TCH,,,,,,,,,,,,,,,,,2025-09-27T03:41:32.347Z,job_20250927_012637,2
68d75cfb7222cee3d33c87ae,1472,68ce563352b33355379e0004,Product Information regarding Product Info,Product Information,Product Info,Neutral,,253549,253548,,,,,,,,,,,,,,,,,,,176273,Delta,,,,,,,,,,,,,,,,,,,Customer,Service Provider,,,,,,,,,,,,,,,,,,,true,false,,,,,,,,,,,,,,,,,,,Thu Oct 05 17:06:22 +0000 2017,Thu Oct 05 17:45:28 +0000 2017,,,,,,,,,,,,,,,,,,,@Delta Hi! I'm vegan and my meal options are Asian Vegetarian and Vegetarian (non-dairy). How can I make sure I get a vegan meal?,"@176273 Hi, Mia. You would need to select the later to ensure it is vegan. Have a good day! *TJF",,,,,,,,,,,,,,,,,,,2025-09-27T03:41:47.424Z,job_20250927_012637,2
68d75d187222cee3d33c87af,1477,68ce563352b33355379e0009,Order Status regarding Shipping/Delivery,Order Status,Shipping/Delivery,Negative,,254177,254175,254176,254178,254179,254180,,,,,,,,,,,,,,,143805,Delta,143805,Delta,143805,Delta,,,,,,,,,,,,,,,Customer,Service Provider,Customer,Service Provider,Customer,Service Provider,,,,,,,,,,,,,,,true,false,true,false,true,false,,,,,,,,,,,,,,,Thu Oct 05 17:31:16 +0000 2017,Thu Oct 05 18:01:20 +0000 2017,Thu Oct 05 18:39:01 +0000 2017,Thu Oct 05 18:42:35 +0000 2017,Thu Oct 05 18:44:02 +0000 2017,Thu Oct 05 18:50:17 +0000 2017,,,,,,,,,,,,,,,Another delay 🙃🙃🙃\nWhyyy @Delta,@143805 I am so sorry for the delay. Is there anything I can do to help? *TMS,@Delta Well you can't grant us back the almost 3 hours we've lost :/,"@143805 No, you are correct. I cannot. Is there any flight that I can try to get you on? *TMS",@Delta Our flight is still scheduled for 420\nIf we could somehow be upgraded that would be awesome,"@143805 I can't promise anything, but please DM your confirmation number.Thanks. *TMS https://t.co/6iDGBJAc2m",,,,,,,,,,,,,,,2025-09-27T03:42:16.968Z,job_20250927_012637,2
68d75d267222cee3d33c87b0,1479,68ce563352b33355379e000b,Feedback regarding General,Feedback,General,Positive,,254722,254721,,,,,,,,,,,,,,,,,,,176543,Delta,,,,,,,,,,,,,,,,,,,Customer,Service Provider,,,,,,,,,,,,,,,,,,,true,false,,,,,,,,,,,,,,,,,,,Thu Oct 05 18:19:00 +0000 2017,Thu Oct 05 18:21:24 +0000 2017,,,,,,,,,,,,,,,,,,,Dear @Delta you should upgrade us to first class for free cuz birthday trip 😉,"@176543 We are unable to do the upgrade but still send you birthday wishes, have a great birthday trip! *AMS",,,,,,,,,,,,,,,,,,,2025-09-27T03:42:30.734Z,job_20250927_012637,2
68d75d337222cee3d33c87b1,1484,68ce563352b33355379e0010,Technical Support regarding General,Technical Support,General,Neutral,,255156,255155,,,,,,,,,,,,,,,,,,,176661,Delta,,,,,,,,,,,,,,,,,,,Customer,Service Provider,,,,,,,,,,,,,,,,,,,true,false,,,,,,,,,,,,,,,,,,,Thu Oct 05 18:26:05 +0000 2017,Thu Oct 05 18:33:28 +0000 2017,,,,,,,,,,,,,,,,,,,@Delta I'd really hope you can do something for me. I've always selected y'all as my primary airline.,@176661 I will be glad to take a look. One moment please.  *HRO,,,,,,,,,,,,,,,,,,,2025-09-27T03:42:43.767Z,job_20250927_012637,2
68d75d427222cee3d33c87b2,1487,68ce563352b33355379e0013,Technical Support regarding General,Technical Support,General,Neutral,,255166,255165,,,,,,,,,,,,,,,,,,,176664,Delta,,,,,,,,,,,,,,,,,,,Customer,Service Provider,,,,,,,,,,,,,,,,,,,true,false,,,,,,,,,,,,,,,,,,,Thu Oct 05 18:00:52 +0000 2017,Thu Oct 05 18:30:59 +0000 2017,,,,,,,,,,,,,,,,,,,@Delta I'm standby on flight 98 DCA-DTW but also want to as standby on the 5:42 flight.,@176664 Please DM your confirmation # so that I can research. Thanks! *TMT https://t.co/6iDGBJAc2m,,,,,,,,,,,,,,,,,,,2025-09-27T03:42:58.401Z,job_20250927_012637,2
68d75d527222cee3d33c87b3,1488,68ce563352b33355379e0014,Technical Support regarding Travel/Transportation,Technical Support,Travel/Transportation,Neutral,,255617,255615,255616,,,,,,,,,,,,,,,,,,176794,Delta,176794,,,,,,,,,,,,,,,,,,Customer,Service Provider,Customer,,,,,,,,,,,,,,,,,,true,false,true,,,,,,,,,,,,,,,,,,Thu Oct 05 18:40:04 +0000 2017,Thu Oct 05 18:58:27 +0000 2017,Thu Oct 05 18:58:52 +0000 2017,,,,,,,,,,,,,,,,,,What happens if you book a connecting flight but only show up for the 2nd leg? Are you considered a no-show &amp; reservation cancelled? @Delta,"@176794 If the first leg is not flown, the reservation will be cancelled. *ALS",@Delta Bummer.,,,,,,,,,,,,,,,,,,2025-09-27T03:43:14.347Z,job_20250927_012637,2
68d75d647222cee3d33c87b4,1489,68ce563352b33355379e0015,Technical Support regarding Travel,Technical Support,Travel,Neutral,,255619,255618,,,,,,,,,,,,,,,,,,,176795,Delta,,,,,,,,,,,,,,,,,,,Customer,Service Provider,,,,,,,,,,,,,,,,,,,true,false,,,,,,,,,,,,,,,,,,,Thu Oct 05 18:17:55 +0000 2017,Thu Oct 05 18:55:45 +0000 2017,,,,,,,,,,,,,,,,,,,".@Delta we R in #Guanacaste #CostaRica, state of emergency declared trying 2 contact U abt R flight. Line keeps being disconnected!! #Help","@176795 Please send a DM with your confirmation number, and how I can help you, Sabrina. Thanks.  *TMS https://t.co/6iDGBJAc2m",,,,,,,,,,,,,,,,,,,2025-09-27T03:43:32.218Z,job_20250927_012637,2
68d75d787222cee3d33c87b5,1494,68ce563352b33355379e001a,Technical Support regarding Travel/Transportation,Technical Support,Travel/Transportation,Negative,,256113,256112,,,,,,,,,,,,,,,,,,,176927,Delta,,,,,,,,,,,,,,,,,,,Customer,Service Provider,,,,,,,,,,,,,,,,,,,true,false,,,,,,,,,,,,,,,,,,,Thu Oct 05 18:35:02 +0000 2017,Thu Oct 05 19:11:20 +0000 2017,,,,,,,,,,,,,,,,,,,"@Delta @13180 gates c12 and 13 are a mess!  Boarding mix ups, no explanation for delays.  Please help!  #customerservice",@176927 I'm very sorry. The Red Coat agents are the Supervisors at the airport. Do you see any nearby? *TMT,,,,,,,,,,,,,,,,,,,2025-09-27T03:43:52.160Z,job_20250927_012637,2
68d75d877222cee3d33c87b6,1497,68ce563352b33355379e001d,Feedback regarding General,Feedback,General,Positive,,256139,256138,,,,,,,,,,,,,,,,,,,176929,Delta,,,,,,,,,,,,,,,,,,,Customer,Service Provider,,,,,,,,,,,,,,,,,,,true,false,,,,,,,,,,,,,,,,,,,Thu Oct 05 18:14:33 +0000 2017,Thu Oct 05 18:59:16 +0000 2017,,,,,,,,,,,,,,,,,,,"Missed my first flight ever, I’d like to thank the @Delta agent for calming me down and being supportive and I’d like to call out (1/2)",@176929 Hey JP! Glad to know you received great service during a stressful time. We love to hear this. 😊 *TJE,,,,,,,,,,,,,,,,,,,2025-09-27T03:44:07.058Z,job_20250927_012637,2
68d75db07222cee3d33c87b7,1498,68ce563352b33355379e001e,Complaint regarding Travel,Complaint,Travel,Negative,,256781,256780,256779,256778,256776,256774,256775,256777,,,,,,,,,,,,,177064,Delta,177064,Delta,177064,Delta,177064,Delta,,,,,,,,,,,,,Customer,Service Provider,Customer,Service Provider,Customer,Service Provider,Customer,Service Provider,,,,,,,,,,,,,true,false,true,false,true,false,true,false,,,,,,,,,,,,,Thu Oct 05 18:47:37 +0000 2017,Thu Oct 05 19:16:07 +0000 2017,Thu Oct 05 19:17:54 +0000 2017,Thu Oct 05 19:19:44 +0000 2017,Thu Oct 05 19:23:05 +0000 2017,Thu Oct 05 19:26:24 +0000 2017,Thu Oct 05 19:30:33 +0000 2017,Thu Oct 05 19:34:51 +0000 2017,,,,,,,,,,,,,Apparently it doesn't pay to be #GoldMedallion. I got to the gate before boarding was done and they wouldn't let me on standby. @Delta,"@177064 Hi Larry. I am so sorry. Once boarding is complete, we are unable to place passengers on standby. Is there anything I can do to help? *TMS",@Delta Boarding was NOT complete. Passengers were still clearing TSA and they were allowed on. And the gate agent was very unprofessional.,@177064 I do apologize. I know it is very frustrating. What flight are we speaking of? I can make sure it was full.  *TMS,"@Delta 1:56pm from Jackson, MS to Atlanta, GA. Maybe DL2776?",@177064 It was not completely full only a few seats left over. I do apologize. Normally the cut off for standby is 15 mins.  *TMS,"@Delta Like I said, apparently doesn’t pay 2B #GoldMedallion when u get treated like that. Maybe she was having a bad day &amp; took it out on me?",@177064 Please DM your confirmation number. Thanks.  *TMS https://t.co/6iDGBJAc2m,,,,,,,,,,,,,2025-09-27T03:44:48.479Z,job_20250927_012637,2
68d75dbe7222cee3d33c87b8,1506,68ce563352b33355379e0026,Order Status regarding Shipping/Delivery,Order Status,Shipping/Delivery,Negative,,256819,256818,,,,,,,,,,,,,,,,,,,177074,Delta,,,,,,,,,,,,,,,,,,,Customer,Service Provider,,,,,,,,,,,,,,,,,,,true,false,,,,,,,,,,,,,,,,,,,Thu Oct 05 18:28:11 +0000 2017,Thu Oct 05 19:15:54 +0000 2017,,,,,,,,,,,,,,,,,,,. @Delta what's all these flight delays from LGA heading to Detroit? I'm sad now.,@177074 I'm sorry to hear about your delay. Are you needing any re-booking assistance?  *AST,,,,,,,,,,,,,,,,,,,2025-09-27T03:45:02.232Z,job_20250927_012637,2
68d75dce7222cee3d33c87b9,1510,68ce563352b33355379e002a,Order Status regarding Travel,Order Status,Travel,Negative,,257264,257263,,,,,,,,,,,,,,,,,,,177188,Delta,,,,,,,,,,,,,,,,,,,Customer,Service Provider,,,,,,,,,,,,,,,,,,,true,false,,,,,,,,,,,,,,,,,,,Thu Oct 05 19:20:50 +0000 2017,Thu Oct 05 19:38:29 +0000 2017,,,,,,,,,,,,,,,,,,,Flight out of sav -&gt; Atlanta was delayed bc of luggage. Missed our connecting flight to Nashville ughhhh @Delta,"@177188 Hi Ozzie, can you DM your confirmation # to the link provided? I will be glad to help.  *TBT https://t.co/6iDGBJAc2m",,,,,,,,,,,,,,,,,,,2025-09-27T03:45:18.572Z,job_20250927_012637,2
68d75ddd7222cee3d33c87ba,1525,68ce563352b33355379e0039,Complaint regarding Technical Support,Complaint,Technical Support,Negative,,257934,257933,,,,,,,,,,,,,,,,,,,177366,Delta,,,,,,,,,,,,,,,,,,,Customer,Service Provider,,,,,,,,,,,,,,,,,,,true,false,,,,,,,,,,,,,,,,,,,Thu Oct 05 19:49:54 +0000 2017,Thu Oct 05 19:57:36 +0000 2017,,,,,,,,,,,,,,,,,,,@AmericanAir @Delta so I’m a frequent flyer &amp; Made a mistake with delta ticket and they didn’t help or offer an solutions.,"@177366 Thanks for reaching out to us. Please DM us more information, including your ticket number. *AMC",,,,,,,,,,,,,,,,,,,2025-09-27T03:45:33.970Z,job_20250927_012637,2
68d75dee7222cee3d33c87bb,1531,68ce563352b33355379e003f,Order Status regarding Orders,Order Status,Orders,Neutral,,257957,257956,,,,,,,,,,,,,,,,,,,177372,Delta,,,,,,,,,,,,,,,,,,,Customer,Service Provider,,,,,,,,,,,,,,,,,,,true,false,,,,,,,,,,,,,,,,,,,Thu Oct 05 19:32:00 +0000 2017,Thu Oct 05 19:45:27 +0000 2017,,,,,,,,,,,,,,,,,,,"@Delta Hey, I payed to change my flight but never received an email for the change fee. Any chance you can help?",@177372 Use this link. *TMS https://t.co/6iDGBJAc2m,,,,,,,,,,,,,,,,,,,2025-09-27T03:45:50.049Z,job_20250927_012637,2
68d75dff7222cee3d33c87bc,1537,68ce563352b33355379e0045,Complaint regarding Travel,Complaint,Travel,Negative,,259008,259007,,,,,,,,,,,,,,,,,,,177584,Delta,,,,,,,,,,,,,,,,,,,Customer,Service Provider,,,,,,,,,,,,,,,,,,,true,false,,,,,,,,,,,,,,,,,,,Thu Oct 05 20:15:07 +0000 2017,Thu Oct 05 20:16:38 +0000 2017,,,,,,,,,,,,,,,,,,,@Delta completely took me off of my flight this morning and didn't bother to inform me. So I'm stuck in AU for an additional 8 hours. Thanks,"@177584 Hi Mara, I'm sorry to hear this happened. Please follow and elaborate via DM.  *AST",,,,,,,,,,,,,,,,,,,2025-09-27T03:46:07.026Z,job_20250927_012637,2
68d75e0d7222cee3d33c87bd,1546,68ce563352b33355379e004e,Product Inquiry regarding Travel/Aviation,Product Inquiry,Travel/Aviation,Neutral,,259511,259510,,,,,,,,,,,,,,,,,,,177715,Delta,,,,,,,,,,,,,,,,,,,Customer,Service Provider,,,,,,,,,,,,,,,,,,,true,false,,,,,,,,,,,,,,,,,,,Thu Oct 05 20:30:56 +0000 2017,Thu Oct 05 20:32:01 +0000 2017,,,,,,,,,,,,,,,,,,,@Delta do you offer special rates for bereavement or just flexibility?,"@177715 Hi. We do offer bereavement fares for certain markets, and flexibility for international trips.  *TMS",,,,,,,,,,,,,,,,,,,2025-09-27T03:46:21.016Z,job_20250927_012637,2
68d75e1c7222cee3d33c87be,1547,68ce563352b33355379e004f,Feedback regarding General,Feedback,General,Positive,,259513,259512,,,,,,,,,,,,,,,,,,,177716,Delta,,,,,,,,,,,,,,,,,,,Customer,Service Provider,,,,,,,,,,,,,,,,,,,true,false,,,,,,,,,,,,,,,,,,,Thu Oct 05 20:30:29 +0000 2017,Thu Oct 05 20:31:32 +0000 2017,,,,,,,,,,,,,,,,,,,Achieved a dream I didn’t know I had today: meeting up with a fellow business traveler in a SkyClub! cc @177717 @Delta https://t.co/MT19mkmTm8,"@177716 @177717 Thanks for the fun photo, Emily! Wish we could join you! :-) *AAB",,,,,,,,,,,,,,,,,,,2025-09-27T03:46:36.809Z,job_20250927_012637,2
68d75e2d7222cee3d33c87bf,1549,68ce563352b33355379e0051,Technical Support regarding Account,Technical Support,Account,Neutral,,260051,260048,260049,,,,,,,,,,,,,,,,,,177869,Delta,177869,,,,,,,,,,,,,,,,,,Customer,Service Provider,Customer,,,,,,,,,,,,,,,,,,true,false,true,,,,,,,,,,,,,,,,,,Thu Oct 05 20:56:12 +0000 2017,Thu Oct 05 20:57:49 +0000 2017,Thu Oct 05 21:05:10 +0000 2017,,,,,,,,,,,,,,,,,,@Delta why did you just lock me out of my account after a number of login attempt with the correct password?,"@177869 Hi Dan, can you DM your account # to the link provided? I will look into this for you.  *TBT https://t.co/6iDGBJAc2m",@Delta Done.,,,,,,,,,,,,,,,,,,2025-09-27T03:46:53.617Z,job_20250927_012637,2
68d75e3c7222cee3d33c87c0,1550,68ce563352b33355379e0052,Feedback regarding General,Feedback,General,Positive,,260053,260052,,,,,,,,,,,,,,,,,,,177870,Delta,,,,,,,,,,,,,,,,,,,Customer,Service Provider,,,,,,,,,,,,,,,,,,,true,false,,,,,,,,,,,,,,,,,,,Thu Oct 05 20:52:31 +0000 2017,Thu Oct 05 20:55:12 +0000 2017,,,,,,,,,,,,,,,,,,,Kudos to @Delta for handling a medical emergency on our flight with professionalism and care.  Prayers for the woman who had the emergency.,"@177870 Thank you so much, Colleen, for recognizing our crew. We hope the ill passenger is better soon! 😍 *TMS",,,,,,,,,,,,,,,,,,,2025-09-27T03:47:08.233Z,job_20250927_012637,2
68d75e4b7222cee3d33c87c1,1553,68ce563352b33355379e0055,Technical Support regarding Travel,Technical Support,Travel,Negative,,260064,260063,,,,,,,,,,,,,,,,,,,177871,Delta,,,,,,,,,,,,,,,,,,,Customer,Service Provider,,,,,,,,,,,,,,,,,,,true,false,,,,,,,,,,,,,,,,,,,Thu Oct 05 20:46:07 +0000 2017,Thu Oct 05 20:50:03 +0000 2017,,,,,,,,,,,,,,,,,,,".@Delta you guys are seriously messing up with flight DL 407! This is ridiculous, and you should be doing more than handing us snacks!","@177871 My apologies, Brady. Pls follow/DM your conf # if I may assist with rebooking options. *AAB",,,,,,,,,,,,,,,,,,,2025-09-27T03:47:23.637Z,job_20250927_012637,2
68d75e5b7222cee3d33c87c2,1555,68ce563352b33355379e0057,Complaint regarding Technical Support,Complaint,Technical Support,Negative,,260069,260067,260068,,,,,,,,,,,,,,,,,,177873,Delta,177873,,,,,,,,,,,,,,,,,,Customer,Service Provider,Customer,,,,,,,,,,,,,,,,,,true,false,true,,,,,,,,,,,,,,,,,,Thu Oct 05 20:37:34 +0000 2017,Thu Oct 05 20:46:46 +0000 2017,Thu Oct 05 20:49:30 +0000 2017,,,,,,,,,,,,,,,,,,"Not sure how @Delta @824 does it but, 2 flights in 2 days, both jacked up. 2 for 2!",@177873 2/2 https://t.co/6iDGBJRMTU,@Delta Just sent via DM,,,,,,,,,,,,,,,,,,2025-09-27T03:47:39.157Z,job_20250927_012637,2
68d75e677222cee3d33c87c3,1557,68ce563352b33355379e0059,Product Inquiry regarding General,Product Inquiry,General,Positive,,260074,260073,,,,,,,,,,,,,,,,,,,177875,Delta,,,,,,,,,,,,,,,,,,,Customer,Service Provider,,,,,,,,,,,,,,,,,,,true,false,,,,,,,,,,,,,,,,,,,Thu Oct 05 20:41:29 +0000 2017,Thu Oct 05 20:44:09 +0000 2017,,,,,,,,,,,,,,,,,,,Praying I get this job with @Delta 🤞🏾🤞🏾🤞🏾,@177875 Good luck!! ✈ *AMC,,,,,,,,,,,,,,,,,,,2025-09-27T03:47:51.619Z,job_20250927_012637,2
68d75e747222cee3d33c87c4,1576,68ce563352b33355379e006c,Feedback regarding General,Feedback,General,Positive,,260920,260919,,,,,,,,,,,,,,,,,,,178119,Delta,,,,,,,,,,,,,,,,,,,Customer,Service Provider,,,,,,,,,,,,,,,,,,,true,false,,,,,,,,,,,,,,,,,,,Thu Oct 05 21:15:00 +0000 2017,Thu Oct 05 21:23:31 +0000 2017,,,,,,,,,,,,,,,,,,,Had a smooth flight on @Delta today Atl/Fll #iflydelta,@178119 We're glad to hear you had a great flight today. Your loyalty to Delta is greatly appreciated! *TCH,,,,,,,,,,,,,,,,,,,2025-09-27T03:48:04.131Z,job_20250927_012637,2
68d75e827222cee3d33c87c5,1582,68ce563352b33355379e0072,Product Inquiry regarding Travel,Product Inquiry,Travel,Neutral,,261358,261357,,,,,,,,,,,,,,,,,,,178231,Delta,,,,,,,,,,,,,,,,,,,Customer,Service Provider,,,,,,,,,,,,,,,,,,,true,false,,,,,,,,,,,,,,,,,,,Thu Oct 05 21:38:11 +0000 2017,Thu Oct 05 21:39:55 +0000 2017,,,,,,,,,,,,,,,,,,,@Delta how do I book my companion fair through the app? I’m a platinum Delta Amex person. 😊,@178231 Hi Deborah. Here are the directions to do so.  https://t.co/6WUL37ztZX *TMS,,,,,,,,,,,,,,,,,,,2025-09-27T03:48:18.552Z,job_20250927_012637,2
68d75e967222cee3d33c87c6,1583,68ce563352b33355379e0073,Technical Support regarding Travel,Technical Support,Travel,Negative,,261360,261359,,,,,,,,,,,,,,,,,,,178232,Delta,,,,,,,,,,,,,,,,,,,Customer,Service Provider,,,,,,,,,,,,,,,,,,,true,false,,,,,,,,,,,,,,,,,,,Thu Oct 05 21:30:27 +0000 2017,Thu Oct 05 21:34:08 +0000 2017,,,,,,,,,,,,,,,,,,,So over @Delta and LAX...missed my flight by 3 mins bc I had to wait for a bus to switch terminals...rebooked and now my plane is broke 😫😭,@178232 Oh no! I'm sorry you aren't having a pleasant travel experience. We hope to have you on your way soon.  *TCH,,,,,,,,,,,,,,,,,,,2025-09-27T03:48:38.896Z,job_20250927_012637,2
68d75ead7222cee3d33c87c7,1584,68ce563352b33355379e0074,Complaint regarding Technical Support,Complaint,Technical Support,Negative,,261364,261363,261361,261362,,,,,,,,,,,,,,,,,178233,178233,Delta,178233,,,,,,,,,,,,,,,,,Customer,Customer,Service Provider,Customer,,,,,,,,,,,,,,,,,true,true,false,true,,,,,,,,,,,,,,,,,Thu Oct 05 21:24:11 +0000 2017,Thu Oct 05 21:30:12 +0000 2017,Thu Oct 05 21:32:06 +0000 2017,Fri Oct 06 01:44:14 +0000 2017,,,,,,,,,,,,,,,,,@Delta - on flight #DL1197 #SFO to #DTW .. OVER AN HOUR DELAY!!! #smh Orig flight time 1:49 moved to 2:06. On plane now 2:21 #notgood https://t.co/keSfqKen0W,@Delta #15 in line to pushback from the gate .. over #20 in line for take off #smh #timeoftweet 2:30,@178233 Do you need assistance with a connecting flight? *TBT,@Delta See my latest reply. @Delta :(,,,,,,,,,,,,,,,,,2025-09-27T03:49:01.918Z,job_20250927_012637,2
68d75eb77222cee3d33c87c8,1585,68ce563352b33355379e0075,Technical Support regarding General,Technical Support,General,Neutral,,261367,261366,,,,,,,,,,,,,,,,,,,178234,Delta,,,,,,,,,,,,,,,,,,,Customer,Service Provider,,,,,,,,,,,,,,,,,,,true,false,,,,,,,,,,,,,,,,,,,Thu Oct 05 21:31:35 +0000 2017,Thu Oct 05 21:31:56 +0000 2017,,,,,,,,,,,,,,,,,,,@Delta,@178234 Hello Joni. How can we assist? *ACJ,,,,,,,,,,,,,,,,,,,2025-09-27T03:49:11.565Z,job_20250927_012637,2
68d75ec57222cee3d33c87c9,1586,68ce563352b33355379e0076,Feedback regarding Travel,Feedback,Travel,Positive,,261369,261368,,,,,,,,,,,,,,,,,,,177713,Delta,,,,,,,,,,,,,,,,,,,Customer,Service Provider,,,,,,,,,,,,,,,,,,,true,false,,,,,,,,,,,,,,,,,,,Thu Oct 05 21:26:01 +0000 2017,Thu Oct 05 21:30:03 +0000 2017,,,,,,,,,,,,,,,,,,,Just before slipping above the clouds after takeoff from PBI @Delta #TravelSeason #Florida https://t.co/YP8tEQrAQo,"@177713 What a beautiful view! Thanks for sharing, Jennifer! 😊 *HDG",,,,,,,,,,,,,,,,,,,2025-09-27T03:49:25.850Z,job_20250927_012637,2
68d75ed67222cee3d33c87ca,1592,68ce563352b33355379e007c,Technical Support regarding Travel/Flight,Technical Support,Travel/Flight,Neutral,,261812,261811,,,,,,,,,,,,,,,,,,,178345,Delta,,,,,,,,,,,,,,,,,,,Customer,Service Provider,,,,,,,,,,,,,,,,,,,true,false,,,,,,,,,,,,,,,,,,,Thu Oct 05 21:46:49 +0000 2017,Thu Oct 05 21:49:46 +0000 2017,,,,,,,,,,,,,,,,,,,Are tickets non refundable even if there’s a hurricane coming @Delta,"@178345 Hi, Johnny. We have weather waiver listed on our website here:  https://t.co/op4zh5NpIP *AAB",,,,,,,,,,,,,,,,,,,2025-09-27T03:49:42.575Z,job_20250927_012637,2
68d75ee67222cee3d33c87cb,1595,68ce563352b33355379e007f,Complaint regarding Travel,Complaint,Travel,Negative,,261819,261818,,,,,,,,,,,,,,,,,,,178347,Delta,,,,,,,,,,,,,,,,,,,Customer,Service Provider,,,,,,,,,,,,,,,,,,,true,false,,,,,,,,,,,,,,,,,,,Thu Oct 05 21:38:51 +0000 2017,Thu Oct 05 21:46:40 +0000 2017,,,,,,,,,,,,,,,,,,,@delta free snacks won't cut it for a 6-8 hour delay making me miss all connections. #DL698 #CantGetHome #WasteOfADay #CrabbyFlyer,@178347 I'm sorry for the long delay Chris. I'm looking into your flight reservation now. *TBT,,,,,,,,,,,,,,,,,,,2025-09-27T03:49:58.296Z,job_20250927_012637,2
68d75ef27222cee3d33c87cc,1603,68ce563352b33355379e0087,Complaint regarding Technical Support,Complaint,Technical Support,Negative,,262304,,,,,,,,,,,,,,,,,,,,178482,,,,,,,,,,,,,,,,,,,,Customer,,,,,,,,,,,,,,,,,,,,true,,,,,,,,,,,,,,,,,,,,Thu Oct 05 21:38:11 +0000 2017,,,,,,,,,,,,,,,,,,,,"@Delta ruined my vacation with 2 plane issues, 5 hr wait for a cancelled flight. Thanks @AmericanAir for getting me where I need to be",,,,,,,,,,,,,,,,,,,,2025-09-27T03:50:10.477Z,job_20250927_012637,2
68d75eff7222cee3d33c87cd,1605,68ce563352b33355379e0089,Feedback regarding General,Feedback,General,Positive,,262615,262614,,,,,,,,,,,,,,,,,,,178559,Delta,,,,,,,,,,,,,,,,,,,Customer,Service Provider,,,,,,,,,,,,,,,,,,,true,false,,,,,,,,,,,,,,,,,,,Thu Oct 05 22:26:00 +0000 2017,Thu Oct 05 22:28:00 +0000 2017,,,,,,,,,,,,,,,,,,,Best airline service @delta is with the professionals at #EZE.,@178559 That's awesome! We thank you for your loyalty and business.  *HEC,,,,,,,,,,,,,,,,,,,2025-09-27T03:50:23.250Z,job_20250927_012637,2
68d75f107222cee3d33c87ce,1608,68ce563352b33355379e008c,Complaint regarding Travel,Complaint,Travel,Negative,,262623,262622,,,,,,,,,,,,,,,,,,,177986,Delta,,,,,,,,,,,,,,,,,,,Customer,Service Provider,,,,,,,,,,,,,,,,,,,true,false,,,,,,,,,,,,,,,,,,,Thu Oct 05 22:18:25 +0000 2017,Thu Oct 05 22:26:12 +0000 2017,,,,,,,,,,,,,,,,,,,@Delta #Delta. Update. New plane with less seats and now we are delayed another 40 min because of a mixup with the catering? Come on Delta help me out. Trying to remain calm. How about a drink? DL1277. https://t.co/KkQGBzVXRH,@177986 ...you.  *HDG 2/2,,,,,,,,,,,,,,,,,,,2025-09-27T03:50:40.864Z,job_20250927_012637,2
68d75f2f7222cee3d33c87cf,1611,68ce563352b33355379e008f,Complaint regarding Technical Support,Complaint,Technical Support,Negative,,262640,262639,262635,262633,262634,262636,262637,,,,,,,,,,,,,,178563,178564,178563,Delta,178563,Delta,178564,,,,,,,,,,,,,,Customer,Customer,Customer,Service Provider,Customer,Service Provider,Customer,,,,,,,,,,,,,,true,true,true,false,true,false,true,,,,,,,,,,,,,,Thu Oct 05 22:10:37 +0000 2017,Thu Oct 05 22:12:09 +0000 2017,Thu Oct 05 22:17:26 +0000 2017,Thu Oct 05 22:23:14 +0000 2017,Thu Oct 05 22:24:20 +0000 2017,Thu Oct 05 22:35:03 +0000 2017,Thu Oct 05 22:40:02 +0000 2017,,,,,,,,,,,,,,"Am I crazy, @Delta ? Flight attendant who just spilled hot coffee on me offered me miles IF I could produce my Diamond Medallion card. 😡",@178563 @Delta What ever happened to customer service?!,@178564 @Delta She stood there and stared at me until I begged for napkins. I am leaning into prayer right now.,@178563 @178564 Absolutely not! Your account will not be flagged for asking for assistance from a FA.  *HCA,@Delta @178564 Can I turn in the dry cleaning receipt for the dress and jacket?,"@178563 @178564 Sure, you are able to submit a claim with our Customer Care team here:  https://t.co/fPLXqv8KGq *HCA","@Delta @178563 Good on you, @Delta! Love seeing companies who pay attention to their customers! @13450",,,,,,,,,,,,,,2025-09-27T03:51:11.932Z,job_20250927_012637,2
68d75f3e7222cee3d33c87d0,1613,68ce563352b33355379e0091,Product Inquiry regarding Airfare,Product Inquiry,Airfare,Neutral,,262974,262973,,,,,,,,,,,,,,,,,,,178660,Delta,,,,,,,,,,,,,,,,,,,Customer,Service Provider,,,,,,,,,,,,,,,,,,,true,false,,,,,,,,,,,,,,,,,,,Thu Oct 05 22:31:12 +0000 2017,Thu Oct 05 22:39:30 +0000 2017,,,,,,,,,,,,,,,,,,,@Delta I have a voucher from a trip I could not take and was wondering if it can be used for a delta air vacation or only for airfare,@178660 Hi. It is good for airfare only.  *TMS,,,,,,,,,,,,,,,,,,,2025-09-27T03:51:26.586Z,job_20250927_012637,2
68d75f557222cee3d33c87d1,1619,68ce563352b33355379e0097,Technical Support regarding General,Technical Support,General,Negative,,263480,263477,263476,,,,,,,,,,,,,,,,,,178796,178796,Delta,,,,,,,,,,,,,,,,,,Customer,Customer,Service Provider,,,,,,,,,,,,,,,,,,true,true,false,,,,,,,,,,,,,,,,,,Thu Oct 05 22:48:40 +0000 2017,Thu Oct 05 22:51:12 +0000 2017,Thu Oct 05 22:53:20 +0000 2017,,,,,,,,,,,,,,,,,,"✅1h13m wait for cust service line\n✅Only 1 agent available for check in (they were ""at lunch"")\n✅Broken Online check in\n\nJust @Delta things",@Delta Most airlines just rebook you if they have seats available\n\n@Delta? They force you into standby. Even if the flight isnt full\n\nNice. Niiice,@178796 Can I have your confirmation #? I will be glad to help. Please DM to the link provided.  *TBT https://t.co/6iDGBJAc2m,,,,,,,,,,,,,,,,,,2025-09-27T03:51:49.196Z,job_20250927_012637,2
68d75f647222cee3d33c87d2,1626,68ce563352b33355379e009e,Product Inquiry regarding Technical,Product Inquiry,Technical,Neutral,,264897,264896,,,,,,,,,,,,,,,,,,,179104,Delta,,,,,,,,,,,,,,,,,,,Customer,Service Provider,,,,,,,,,,,,,,,,,,,true,false,,,,,,,,,,,,,,,,,,,Sat Oct 07 15:11:15 +0000 2017,Sat Oct 07 17:07:17 +0000 2017,,,,,,,,,,,,,,,,,,,@Delta Ive booked flights with you but cant seem to choose a seat why is this?,"@179104 Hi, Charlene! Pls DM your confirmation or ticket number and I'll be happy to look into this for you.  *TJE https://t.co/6iDGBJAc2m",,,,,,,,,,,,,,,,,,,2025-09-27T03:52:04.393Z,job_20250927_012637,2
68d75f757222cee3d33c87d3,1627,68ce563352b33355379e009f,Complaint regarding Technical,Complaint,Technical,Negative,,264908,264907,,,,,,,,,,,,,,,,,,,179109,Delta,,,,,,,,,,,,,,,,,,,Customer,Service Provider,,,,,,,,,,,,,,,,,,,true,false,,,,,,,,,,,,,,,,,,,Sat Oct 07 15:25:11 +0000 2017,Sat Oct 07 17:26:39 +0000 2017,,,,,,,,,,,,,,,,,,,@Delta spent 2 hrs on hold for a rep. Finally got a rep &amp; she accidentally hung up on me. Now I have to wait 2 hrs for a call back? Help,@179109 Oh dear! Very sorry to hear the call was disconnected. Perhaps we can assist here. Pls DM details on how we may assist.  *HJB,,,,,,,,,,,,,,,,,,,2025-09-27T03:52:21.452Z,job_20250927_012637,2
68d75f877222cee3d33c87d4,1629,68ce563352b33355379e00a1,Technical Support regarding General,Technical Support,General,Negative,,265052,265051,,,,,,,,,,,,,,,,,,,179143,Delta,,,,,,,,,,,,,,,,,,,Customer,Service Provider,,,,,,,,,,,,,,,,,,,true,false,,,,,,,,,,,,,,,,,,,Thu Oct 05 23:07:37 +0000 2017,Thu Oct 05 23:12:56 +0000 2017,,,,,,,,,,,,,,,,,,,@Delta  Can't believe we had to make an account just to let people know delta is refusing refunds for flights made in Puerto Rico.,@179143 Hello! I am here to help. Please follow via DM so I can assist. *TDL https://t.co/6iDGBJAc2m,,,,,,,,,,,,,,,,,,,2025-09-27T03:52:39.152Z,job_20250927_012637,2
68d75f977222cee3d33c87d5,1657,68ce563352b33355379e00bd,Technical Support regarding Travel/Transportation,Technical Support,Travel/Transportation,Neutral,,266137,266136,,,,,,,,,,,,,,,,,,,179396,Delta,,,,,,,,,,,,,,,,,,,Customer,Service Provider,,,,,,,,,,,,,,,,,,,true,false,,,,,,,,,,,,,,,,,,,Thu Oct 05 23:13:26 +0000 2017,Thu Oct 05 23:15:54 +0000 2017,,,,,,,,,,,,,,,,,,,@Delta   Sitting here like a rat in an Atlanta trap for 30 min they can't get jetway to connect to plane   people missing connections,@179396 I'm sorry about the delay. We know they can be frustrating. Please let us know if you need any assistance with rebooking.  *TCH,,,,,,,,,,,,,,,,,,,2025-09-27T03:52:55.603Z,job_20250927_012637,2
68d75fb77222cee3d33c87d6,1658,68ce563352b33355379e00be,Complaint regarding Technical Support,Complaint,Technical Support,Negative,,266142,266141,266140,266138,266139,,,,,,,,,,,,,,,,179397,Delta,179397,Delta,179397,,,,,,,,,,,,,,,,Customer,Service Provider,Customer,Service Provider,Customer,,,,,,,,,,,,,,,,true,false,true,false,true,,,,,,,,,,,,,,,,Thu Oct 05 22:53:29 +0000 2017,Thu Oct 05 22:58:47 +0000 2017,Thu Oct 05 23:12:56 +0000 2017,Thu Oct 05 23:14:19 +0000 2017,Fri Oct 06 00:34:58 +0000 2017,,,,,,,,,,,,,,,,@Delta your service is terrible and I honestly will never fly with your company again. #deltasucks #Useless #pathetic,@179397 I am so sorry Dale. What can I do to help? *TMS,"@Delta Where do you wish to begin? We can start with my bags going to the wrong city, my flight be changed or the incompetency of your staff.",@179397 Please DM me and I'll do what I can do help. Thanks. *TMS https://t.co/6iDGBJAc2m,@Delta Thank you for your assistance. The representative that I spoke to gave me incorrect information and the person here made the corrections.,,,,,,,,,,,,,,,,2025-09-27T03:53:27.709Z,job_20250927_012637,2
68d75fc87222cee3d33c87d7,1610,68ce563352b33355379e008e,Technical Support regarding Weather/Travel Disruption,Technical Support,Weather/Travel Disruption,Neutral,,262631,262630,,,,,,,,,,,,,,,,,,,178562,Delta,,,,,,,,,,,,,,,,,,,Customer,Service Provider,,,,,,,,,,,,,,,,,,,true,false,,,,,,,,,,,,,,,,,,,Thu Oct 05 22:16:37 +0000 2017,Thu Oct 05 22:24:07 +0000 2017,,,,,,,,,,,,,,,,,,,"@Delta With what will soon be Hurricane Nate coming to New Orleans, are change fees waived for flights to/from MSY?","@178562 To check for updates on Weather advisories &amp; Alerts, pls visit https://t.co/op4zh5NpIP *HJH",,,,,,,,,,,,,,,,,,,2025-09-27T03:53:44.772Z,job_20250927_012637,2
68d75fda7222cee3d33c87d8,1614,68ce563352b33355379e0092,Technical Support regarding Travel/Transportation,Technical Support,Travel/Transportation,Neutral,,262976,262975,,,,,,,,,,,,,,,,,,,178661,Delta,,,,,,,,,,,,,,,,,,,Customer,Service Provider,,,,,,,,,,,,,,,,,,,true,false,,,,,,,,,,,,,,,,,,,Thu Oct 05 22:24:47 +0000 2017,Thu Oct 05 22:36:41 +0000 2017,,,,,,,,,,,,,,,,,,,@Delta @178662 is at #MCO and they won’t let cars into the airport. Will you hold flights &amp; take luggage within 1 hr? #1061,@178661 @178662 Hi. I'm sorry to hear of the traffic issues. Our airport team members will do their best to work with you. *HJH,,,,,,,,,,,,,,,,,,,2025-09-27T03:54:02.928Z,job_20250927_012637,2
68d75fec7222cee3d33c87d9,1615,68ce563352b33355379e0093,Other regarding Technical,Other,Technical,Neutral,,262978,262977,,,,,,,,,,,,,,,,,,,178663,Delta,,,,,,,,,,,,,,,,,,,Customer,Service Provider,,,,,,,,,,,,,,,,,,,true,false,,,,,,,,,,,,,,,,,,,Thu Oct 05 22:34:36 +0000 2017,Thu Oct 05 22:36:13 +0000 2017,,,,,,,,,,,,,,,,,,,@Delta ...like this. Please let us know what can be done about this. Thank you #flight407 from Los Angeles to New York City,"@178663 Jordan, in order for assistance to be provided please follow via DM. Thanks. *TDL https://t.co/6iDGBJAc2m",,,,,,,,,,,,,,,,,,,2025-09-27T03:54:20.911Z,job_20250927_012637,2
68d75fff7222cee3d33c87da,1617,68ce563352b33355379e0095,Complaint regarding Technical,Complaint,Technical,Negative,,263462,263461,263456,263457,,,,,,,,,,,,,,,,,178794,178794,Delta,178794,,,,,,,,,,,,,,,,,Customer,Customer,Service Provider,Customer,,,,,,,,,,,,,,,,,true,true,false,true,,,,,,,,,,,,,,,,,Thu Oct 05 22:49:15 +0000 2017,Thu Oct 05 22:55:19 +0000 2017,Thu Oct 05 22:56:16 +0000 2017,Thu Oct 05 23:12:27 +0000 2017,,,,,,,,,,,,,,,,,@Delta literally CANNOT FEEL THE AIR AT VENTS !!!!,@Delta yeah. Tried that. They are no help. Part of the problem is the new vent design. Very poor.,@178794 Hmm.... what is the flight number? I will share this with our leadership team for further review.  *HYC,@Delta I've asked flight crew to ask pilot to make adjustments three times. NO CHANGE.,,,,,,,,,,,,,,,,,2025-09-27T03:54:39.640Z,job_20250927_012637,2
68d760107222cee3d33c87db,1620,68ce563352b33355379e0098,Technical Support regarding Travel/Flight,Technical Support,Travel/Flight,Negative,,263489,263487,263488,,,,,,,,,,,,,,,,,,178797,Delta,178797,,,,,,,,,,,,,,,,,,Customer,Service Provider,Customer,,,,,,,,,,,,,,,,,,true,false,true,,,,,,,,,,,,,,,,,,Thu Oct 05 22:46:12 +0000 2017,Thu Oct 05 22:50:18 +0000 2017,Fri Oct 06 01:44:04 +0000 2017,,,,,,,,,,,,,,,,,,"Seriously, how does a flight price change so drastically @delta?! Yesterday it was $98, today $370 with only 1 seat sold since yesterday!","@178797 Hi, there. Fare prices are based on availability. I regret any inconvenience.  *HDG",@Delta There’s plenty availability but okay.,,,,,,,,,,,,,,,,,,2025-09-27T03:54:56.469Z,job_20250927_012637,2
68d7601c7222cee3d33c87dc,1630,68ce563352b33355379e00a2,Other regarding Travel,Other,Travel,Positive,,265054,265053,,,,,,,,,,,,,,,,,,,179144,Delta,,,,,,,,,,,,,,,,,,,Customer,Service Provider,,,,,,,,,,,,,,,,,,,true,false,,,,,,,,,,,,,,,,,,,Thu Oct 05 23:09:23 +0000 2017,Thu Oct 05 23:12:27 +0000 2017,,,,,,,,,,,,,,,,,,,The best flight is the one home. @delta @ Hartsfield-Jackson Atlanta International Airport https://t.co/XJnK5onsMS,@179144 Welcome Home Michael!!!  *ACJ,,,,,,,,,,,,,,,,,,,2025-09-27T03:55:08.947Z,job_20250927_012637,2
68d7602a7222cee3d33c87dd,1635,68ce563352b33355379e00a7,Order Status regarding Travel,Order Status,Travel,Positive,,265159,265158,,,,,,,,,,,,,,,,,,,179181,Delta,,,,,,,,,,,,,,,,,,,Customer,Service Provider,,,,,,,,,,,,,,,,,,,true,false,,,,,,,,,,,,,,,,,,,Fri Oct 06 01:52:32 +0000 2017,Fri Oct 06 02:09:57 +0000 2017,,,,,,,,,,,,,,,,,,,Booked my flight to #Albuquerque with @Delta! I can't  wait to visit my fam!,@179181 We look forward to seeing you. Thank you for choosing Delta. *ALY,,,,,,,,,,,,,,,,,,,2025-09-27T03:55:22.031Z,job_20250927_012637,2
68d760427222cee3d33c87de,1636,68ce563352b33355379e00a8,Order Status regarding Travel/Booking,Order Status,Travel/Booking,Neutral,,265162,265160,265161,265163,265164,,,,,,,,,,,,,,,,179182,Delta,179182,Delta,179182,,,,,,,,,,,,,,,,Customer,Service Provider,Customer,Service Provider,Customer,,,,,,,,,,,,,,,,true,false,true,false,true,,,,,,,,,,,,,,,,Fri Oct 06 01:52:06 +0000 2017,Fri Oct 06 02:09:55 +0000 2017,Fri Oct 06 02:10:43 +0000 2017,Fri Oct 06 02:30:14 +0000 2017,Fri Oct 06 02:34:18 +0000 2017,,,,,,,,,,,,,,,,".@Delta 2 hours to speak to a rep and no SM? I just want to change an award ticket inside of 72 hrs. You got me, fam?","@179182 Hi, there. Have you tried to change your ticket online?  *HDG","@Delta Yea. Within 72 hours so it tells me to call. Any chance you can help, HDG?",@179182 Please DM your confirmation number and I can take a look.  *HDG,@Delta You guys always ghost in DM its ht2tfn (F lga to dtw ),,,,,,,,,,,,,,,,2025-09-27T03:55:46.723Z,job_20250927_012637,2
68d760507222cee3d33c87df,1638,68ce563352b33355379e00aa,Feedback regarding General,Feedback,General,Positive,,265171,265170,,,,,,,,,,,,,,,,,,,179186,Delta,,,,,,,,,,,,,,,,,,,Customer,Service Provider,,,,,,,,,,,,,,,,,,,true,false,,,,,,,,,,,,,,,,,,,Fri Oct 06 02:06:27 +0000 2017,Fri Oct 06 02:08:35 +0000 2017,,,,,,,,,,,,,,,,,,,@Delta Want to thank you for kind and caring customer service.  A lady named Jay helped me with an issue.,"@179186 Hi Ilene, thank you for flying with us! Your kind words are greatly appreciated. *AMS",,,,,,,,,,,,,,,,,,,2025-09-27T03:56:00.699Z,job_20250927_012637,2
68d7605c7222cee3d33c87e0,1639,68ce563352b33355379e00ab,Feedback regarding Product Info,Feedback,Product Info,Positive,,265174,265173,,,,,,,,,,,,,,,,,,,179187,Delta,,,,,,,,,,,,,,,,,,,Customer,Service Provider,,,,,,,,,,,,,,,,,,,true,false,,,,,,,,,,,,,,,,,,,Fri Oct 06 01:44:48 +0000 2017,Fri Oct 06 02:06:56 +0000 2017,,,,,,,,,,,,,,,,,,,"@Delta #DeltaFlyAway, your pumpkin soup in the #skylounge is amazing.",@179187 Yum! 😋 Glad you like it!  *HDG,,,,,,,,,,,,,,,,,,,2025-09-27T03:56:12.484Z,job_20250927_012637,2
68d7606b7222cee3d33c87e1,1640,68ce563352b33355379e00ac,Complaint regarding Travel/Transportation,Complaint,Travel/Transportation,Negative,,265454,265453,,,,,,,,,,,,,,,,,,,179243,Delta,,,,,,,,,,,,,,,,,,,Customer,Service Provider,,,,,,,,,,,,,,,,,,,true,false,,,,,,,,,,,,,,,,,,,Fri Nov 03 06:24:16 +0000 2017,Fri Nov 03 06:26:02 +0000 2017,,,,,,,,,,,,,,,,,,,"@Delta Love your airline, you do allot of things really good but your boarding process is for the birds!","@179243 We certainly appreciate the love, David and apologize for the unpleasant boarding process. Thank you for your feedback. *ABN",,,,,,,,,,,,,,,,,,,2025-09-27T03:56:27.516Z,job_20250927_012637,2
68d7607c7222cee3d33c87e2,1643,68ce563352b33355379e00af,Complaint regarding General,Complaint,General,Negative,,265535,265534,,,,,,,,,,,,,,,,,,,179257,Delta,,,,,,,,,,,,,,,,,,,Customer,Service Provider,,,,,,,,,,,,,,,,,,,true,false,,,,,,,,,,,,,,,,,,,Mon Oct 16 20:24:13 +0000 2017,Tue Oct 17 00:01:20 +0000 2017,,,,,,,,,,,,,,,,,,,"@Delta as a veteran and platinum member, I demand to know what’s being done about this: https://t.co/KN5MFd72IA. I have other options.",@179257 ...veterans and active-duty service members. Delta does not have a policy regarding the national anthem. We have reached out to... 3/4,,,,,,,,,,,,,,,,,,,2025-09-27T03:56:44.231Z,job_20250927_012637,2
68d7608e7222cee3d33c87e3,1648,68ce563352b33355379e00b4,Technical Support regarding Travel/Flight,Technical Support,Travel/Flight,Negative,,266101,266099,266100,266102,,,,,,,,,,,,,,,,,136335,Delta,136335,Delta,,,,,,,,,,,,,,,,,Customer,Service Provider,Customer,Service Provider,,,,,,,,,,,,,,,,,true,false,true,false,,,,,,,,,,,,,,,,,Thu Oct 05 23:19:21 +0000 2017,Thu Oct 05 23:23:41 +0000 2017,Thu Oct 05 23:52:39 +0000 2017,Thu Oct 05 23:54:54 +0000 2017,,,,,,,,,,,,,,,,,@Delta fam you have to do better. Why is DL4246 changing gates so many times? It's annoying to have to change terminals. #dobetter,@136335 Thank you for asking. It is due to runway construction and traffic volume. *TDL,@Delta Thanks! But it's still annoying and inconvenient.,@136335 Thank you for asking! *TDL,,,,,,,,,,,,,,,,,2025-09-27T03:57:02.811Z,job_20250927_012637,2
68d7609f7222cee3d33c87e4,1654,68ce563352b33355379e00ba,Technical Support regarding Travel/Flight,Technical Support,Travel/Flight,Negative,,266125,266124,266123,,,,,,,,,,,,,,,,,,179394,179394,Delta,,,,,,,,,,,,,,,,,,Customer,Customer,Service Provider,,,,,,,,,,,,,,,,,,true,true,false,,,,,,,,,,,,,,,,,,Thu Oct 05 23:16:10 +0000 2017,Thu Oct 05 23:18:37 +0000 2017,Thu Oct 05 23:20:13 +0000 2017,,,,,,,,,,,,,,,,,,@DELTA,@Delta  5 hour wait then put on flight with no hydraulics in engine 2. FYI. But it's a quick fix.,@179394 Oh no! I'm so sorry about the delay. We hope to have you on your way soon.  *TCH,,,,,,,,,,,,,,,,,,2025-09-27T03:57:19.099Z,job_20250927_012637,2
68d760b07222cee3d33c87e5,1666,68ce563352b33355379e00c6,Technical Support regarding Account/Billing,Technical Support,Account/Billing,Neutral,,266554,266553,,,,,,,,,,,,,,,,,,,179507,AskAmex,,,,,,,,,,,,,,,,,,,Customer,Service Provider,,,,,,,,,,,,,,,,,,,true,false,,,,,,,,,,,,,,,,,,,Thu Oct 05 22:36:52 +0000 2017,Thu Oct 05 23:37:54 +0000 2017,,,,,,,,,,,,,,,,,,,@Delta I just got a Delta Amex just for that purpose. I dont need the credit. I'll chop up that card if it doesnt get me anything.  @AskAmex,"@179507 @Delta Hi there, thx for tweeting us. Sorry to hear you feel this way. Delta is updating the MQD Waiver qualification",,,,,,,,,,,,,,,,,,,2025-09-27T03:57:36.364Z,job_20250927_012637,2
68d760bf7222cee3d33c87e6,1668,68ce563352b33355379e00c8,Order Status regarding Travel/Transportation,Order Status,Travel/Transportation,Neutral,,266938,266937,,,,,,,,,,,,,,,,,,,179620,Delta,,,,,,,,,,,,,,,,,,,Customer,Service Provider,,,,,,,,,,,,,,,,,,,true,false,,,,,,,,,,,,,,,,,,,Thu Oct 05 23:35:42 +0000 2017,Thu Oct 05 23:57:07 +0000 2017,,,,,,,,,,,,,,,,,,,@DELTA what happened today with flight 3506? Weather is fine in MCI and LGA. 2 hour delay is putting me home past midnight now ...,"@179620 Hi, Dan, DL3506 is definitely not delayed per weather.  *AST",,,,,,,,,,,,,,,,,,,2025-09-27T03:57:51.349Z,job_20250927_012637,2
68d760cf7222cee3d33c87e7,1670,68ce563352b33355379e00ca,Feedback regarding General,Feedback,General,Positive,,266943,266942,,,,,,,,,,,,,,,,,,,179622,Delta,,,,,,,,,,,,,,,,,,,Customer,Service Provider,,,,,,,,,,,,,,,,,,,true,false,,,,,,,,,,,,,,,,,,,Thu Oct 05 23:51:51 +0000 2017,Thu Oct 05 23:54:51 +0000 2017,,,,,,,,,,,,,,,,,,,"Ha, so look who was there to congratulate me at the final @delta skyclub!! https://t.co/ecGWCC7hdL",@179622 Looks like a reunion..thanks so much for your continued loyalty to Delta.  *HAA,,,,,,,,,,,,,,,,,,,2025-09-27T03:58:07.325Z,job_20250927_012637,2
68d760e07222cee3d33c87e8,1671,68ce563352b33355379e00cb,Complaint regarding Technical Support,Complaint,Technical Support,Negative,,266945,266944,,,,,,,,,,,,,,,,,,,179623,Delta,,,,,,,,,,,,,,,,,,,Customer,Service Provider,,,,,,,,,,,,,,,,,,,true,false,,,,,,,,,,,,,,,,,,,Thu Oct 05 23:44:25 +0000 2017,Thu Oct 05 23:54:38 +0000 2017,,,,,,,,,,,,,,,,,,,@delta thanks for the delay and the lie #whyflydelta https://t.co/5z2fSIKMov,"@179623 Oh no, we do apologize for the delays. It is never our goal to let you down. *AMS",,,,,,,,,,,,,,,,,,,2025-09-27T03:58:24.600Z,job_20250927_012637,2
68d760f07222cee3d33c87e9,1673,68ce563352b33355379e00cd,Feedback regarding General,Feedback,General,Positive,,266952,266951,,,,,,,,,,,,,,,,,,,179625,Delta,,,,,,,,,,,,,,,,,,,Customer,Service Provider,,,,,,,,,,,,,,,,,,,true,false,,,,,,,,,,,,,,,,,,,Thu Oct 05 23:52:04 +0000 2017,Thu Oct 05 23:53:00 +0000 2017,,,,,,,,,,,,,,,,,,,Smart idea on @Delta -mini mirror in overhead bin 2detect that poster tube at  back of bin that U need 4 Ur meeting https://t.co/6TqlN9uByL,@179625 Thank you so much for reaching out to us. We appreciate your feedback. ✈ *AMC,,,,,,,,,,,,,,,,,,,2025-09-27T03:58:40.134Z,job_20250927_012637,2
68d760ff7222cee3d33c87ea,1677,68ce563352b33355379e00d1,Technical Support regarding Travel,Technical Support,Travel,Neutral,,267359,267358,,,,,,,,,,,,,,,,,,,179735,Delta,,,,,,,,,,,,,,,,,,,Customer,Service Provider,,,,,,,,,,,,,,,,,,,true,false,,,,,,,,,,,,,,,,,,,Fri Oct 06 00:03:28 +0000 2017,Fri Oct 06 00:05:59 +0000 2017,,,,,,,,,,,,,,,,,,,@Delta odds of anything being done to compensate for landing at 645 and sitting here til 8? @122122 crushing it...,@179735 @122122 Please follow/DM your confirmation number to this link. *ACJ https://t.co/6iDGBJAc2m,,,,,,,,,,,,,,,,,,,2025-09-27T03:58:55.161Z,job_20250927_012637,2
68d7610e7222cee3d33c87eb,1678,68ce563352b33355379e00d2,Complaint regarding Technical Support,Complaint,Technical Support,Negative,,267363,267362,,,,,,,,,,,,,,,,,,,179736,Delta,,,,,,,,,,,,,,,,,,,Customer,Service Provider,,,,,,,,,,,,,,,,,,,true,false,,,,,,,,,,,,,,,,,,,Fri Oct 06 00:00:53 +0000 2017,Fri Oct 06 00:03:45 +0000 2017,,,,,,,,,,,,,,,,,,,@Delta very upset that Delta ruined my vacation by making multiple errors and then insulted me with a ridiculous offer to make it right.,"@179736 We strive to provide the best flying experience for our customers. Please accept our deepest apologies, Linda. *AAB",,,,,,,,,,,,,,,,,,,2025-09-27T03:59:10.143Z,job_20250927_012637,2
68d7611c7222cee3d33c87ec,1679,68ce563352b33355379e00d3,Feedback regarding General,Feedback,General,Positive,,267367,267366,,,,,,,,,,,,,,,,,,,179737,Delta,,,,,,,,,,,,,,,,,,,Customer,Service Provider,,,,,,,,,,,,,,,,,,,true,false,,,,,,,,,,,,,,,,,,,Thu Oct 05 23:59:41 +0000 2017,Fri Oct 06 00:00:27 +0000 2017,,,,,,,,,,,,,,,,,,,Excellent cabin crew Delta 4829 SLC to SMF very environmentally conscious as well with the waste. @Delta,"@179737 Wonderful to hear, Arik. Thank you for taking the time to recognize our flight crew on DL4829.  *HCA",,,,,,,,,,,,,,,,,,,2025-09-27T03:59:24.801Z,job_20250927_012637,2
68d761377222cee3d33c87ed,1683,68ce563352b33355379e00d7,Complaint regarding Technical Support,Complaint,Technical Support,Negative,,268261,268260,268248,268246,268247,268249,268251,,,,,,,,,,,,,,179965,Delta,179965,Delta,179965,179965,Delta,,,,,,,,,,,,,,Customer,Service Provider,Customer,Service Provider,Customer,Customer,Service Provider,,,,,,,,,,,,,,true,false,true,false,true,true,false,,,,,,,,,,,,,,Fri Oct 06 00:29:58 +0000 2017,Fri Oct 06 00:38:25 +0000 2017,Fri Oct 06 00:39:00 +0000 2017,Fri Oct 06 00:43:10 +0000 2017,Fri Oct 06 00:47:20 +0000 2017,Fri Oct 06 00:49:49 +0000 2017,Fri Oct 06 00:56:28 +0000 2017,,,,,,,,,,,,,,"@Delta please help! I am an avid promoter of your airline as I usually receive excellent service.  Today, was an unfortunate exception",@179965 The number that you sent was not correct.  HJQ7JG is not an active number. What is you ticket number please that starts with 006? *HRO,@Delta HKQ7JG,@179965 I am glad they were able to assist you with that.  *HRO,"@Delta He was not helpful. In fact, he was quite rude.","@Delta It's not about the money. If it were, I would likely not be flying with Delta.",@179965 ...changes. Thank you. *HRO 3/3,,,,,,,,,,,,,,2025-09-27T03:59:51.914Z,job_20250927_012637,2
68d761457222cee3d33c87ee,1684,68ce563352b33355379e00d8,Technical Support regarding General,Technical Support,General,Positive,,268267,268266,,,,,,,,,,,,,,,,,,,179966,Delta,,,,,,,,,,,,,,,,,,,Customer,Service Provider,,,,,,,,,,,,,,,,,,,true,false,,,,,,,,,,,,,,,,,,,Fri Oct 06 00:39:48 +0000 2017,Fri Oct 06 00:42:19 +0000 2017,,,,,,,,,,,,,,,,,,,@Delta just gave me 600 dollars to take a different flight to LA 3 hours after my original booking. A1 customer service.,@179966 Thank you for flying with us! *AMS,,,,,,,,,,,,,,,,,,,2025-09-27T04:00:05.877Z,job_20250927_012637,2
68d761537222cee3d33c87ef,1690,68ce563352b33355379e00de,Order Status regarding Travel,Order Status,Travel,Neutral,,268754,268753,,,,,,,,,,,,,,,,,,,180078,Delta,,,,,,,,,,,,,,,,,,,Customer,Service Provider,,,,,,,,,,,,,,,,,,,true,false,,,,,,,,,,,,,,,,,,,Fri Oct 06 00:49:22 +0000 2017,Fri Oct 06 00:52:53 +0000 2017,,,,,,,,,,,,,,,,,,,@824 @Delta I am on flight 2009 tomorrow  from O’Hare to Atlanta. Is there anyway I can switch to flight 812 tomorrow instead?,@180078 @824 ...confirmation #. *AMS 2/2,,,,,,,,,,,,,,,,,,,2025-09-27T04:00:19.511Z,job_20250927_012637,2
68d7616f7222cee3d33c87f0,1702,68ce563352b33355379e00ea,Technical Support regarding Travel,Technical Support,Travel,Negative,,269894,269892,269893,269895,,,,,,,,,,,,,,,,,180375,Delta,180375,Delta,,,,,,,,,,,,,,,,,Customer,Service Provider,Customer,Service Provider,,,,,,,,,,,,,,,,,true,false,true,false,,,,,,,,,,,,,,,,,Fri Oct 06 01:20:23 +0000 2017,Fri Oct 06 01:42:01 +0000 2017,Fri Oct 06 01:44:43 +0000 2017,Fri Oct 06 02:02:13 +0000 2017,,,,,,,,,,,,,,,,,Thanks for giving me the 46th of 49 and 17 of 18 rows on my flight home. Definitely easier getting to the back of a plane with crutches. The elderly lady with a cane that sat behind me thought so too. @Delta @120330 @136083 #WhyNoHandicapAirlineSeating,"@180375 My apologies, John. Were you able to speak with a gate agent regarding your seat assignment. *AAB",@Delta We did. He said no seats were avail though we were told no seats were given until check in. I also offered to sit away from my fam but no.,@180375 ...have caused you. *AAB 2/2,,,,,,,,,,,,,,,,,2025-09-27T04:00:47.285Z,job_20250927_012637,2
68d7617e7222cee3d33c87f1,1708,68ce563352b33355379e00f0,Feedback regarding General,Feedback,General,Negative,,270349,270348,,,,,,,,,,,,,,,,,,,180460,Delta,,,,,,,,,,,,,,,,,,,Customer,Service Provider,,,,,,,,,,,,,,,,,,,true,false,,,,,,,,,,,,,,,,,,,Fri Oct 06 01:35:05 +0000 2017,Fri Oct 06 01:57:59 +0000 2017,,,,,,,,,,,,,,,,,,,.@Delta your flight attendants are always so amazing but your gate agents are rude as hell. Literally everywhere do better.,"@180460 Hi, Patrick. Thank you for the compliment and the candid feedback. We will forward the feedback to our leadership team. *ALY",,,,,,,,,,,,,,,,,,,2025-09-27T04:01:02.069Z,job_20250927_012637,2
68d761ac7222cee3d33c87f2,1714,68ce563352b33355379e00f6,Complaint regarding Travel,Complaint,Travel,Negative,,270963,270962,270956,270954,270955,270957,270958,270959,,,,,,,,,,,,,180639,Delta,180639,Delta,180639,Delta,180639,Delta,,,,,,,,,,,,,Customer,Service Provider,Customer,Service Provider,Customer,Service Provider,Customer,Service Provider,,,,,,,,,,,,,true,false,true,false,true,false,true,false,,,,,,,,,,,,,Fri Oct 06 01:43:22 +0000 2017,Fri Oct 06 02:04:14 +0000 2017,Fri Oct 06 02:15:10 +0000 2017,Fri Oct 06 02:27:16 +0000 2017,Fri Oct 06 09:58:05 +0000 2017,Fri Oct 06 10:22:26 +0000 2017,Fri Oct 06 11:02:02 +0000 2017,Fri Oct 06 11:04:42 +0000 2017,,,,,,,,,,,,,@Delta Flying w/ infant. No hotel given despite 8+ hours delay due 2 mech. issues &amp; proposed flight only getting halfway to dest. by 1:30am!,@180639 ...rebooking assistance is needed.  *HVI 2/2,"@Delta Rebooked 4 tomorrow, Paid out of pocket for hotel. Gate agents not allowed to provide hotel despite spending 10 hours @ airport w/ baby.","@180639 Sorry to hear that, what flight number are you on that was delayed?  *HVI",@Delta DL 698. Was supposed to take DL 2502 on the second leg.,"@180639 Hi, Mehul. I'll be able to give you $100 voucher for the inconvenience.  *TJH","@Delta I am sorry, but $100 for a family of 4 doesn't cut it. No hotels available here for $100. Not to mention the meal costs for 4 of us.",@180639 Please DM/follow  *TJH https://t.co/6iDGBJAc2m,,,,,,,,,,,,,2025-09-27T04:01:48.261Z,job_20250927_012637,2
68d761ba7222cee3d33c87f3,1663,68ce563352b33355379e00c3,Account/Billing regarding Technical,Account/Billing,Technical,Neutral,,266544,266543,,,,,,,,,,,,,,,,,,,179504,Delta,,,,,,,,,,,,,,,,,,,Customer,Service Provider,,,,,,,,,,,,,,,,,,,true,false,,,,,,,,,,,,,,,,,,,Thu Oct 05 23:23:59 +0000 2017,Thu Oct 05 23:37:26 +0000 2017,,,,,,,,,,,,,,,,,,,@Delta i'm having a problem and can't get proper person on phone. i have a corporate deal w Delta and am a Platinum member. Help asap pls.,"@179504 Hi Zach. What's going on, please share details via DM for your privacy.  *HAA",,,,,,,,,,,,,,,,,,,2025-09-27T04:02:02.832Z,job_20250927_012637,2
68d761d17222cee3d33c87f4,1672,68ce563352b33355379e00cc,Product Inquiry regarding Account/Billing,Product Inquiry,Account/Billing,Neutral,,266948,266946,266947,266949,,,,,,,,,,,,,,,,,179624,Delta,179624,Delta,,,,,,,,,,,,,,,,,Customer,Service Provider,Customer,Service Provider,,,,,,,,,,,,,,,,,true,false,true,false,,,,,,,,,,,,,,,,,Thu Oct 05 23:48:37 +0000 2017,Thu Oct 05 23:53:17 +0000 2017,Thu Oct 05 23:56:18 +0000 2017,Fri Oct 06 00:01:24 +0000 2017,,,,,,,,,,,,,,,,,@Delta How exactly does the Delta credit card work?,@179624 We only go back 30 days prior to your flights scheduled departure. *HEC,@Delta How many flyer points typically does a flight from NY to CA cost?,@179624 Generally it starts 25K for a round-trip. Please visit our website for how to use miles. https://t.co/8F2dZx7aKu *HEC,,,,,,,,,,,,,,,,,2025-09-27T04:02:25.750Z,job_20250927_012637,2
68d761e07222cee3d33c87f5,1675,68ce563352b33355379e00cf,Order Status regarding Orders,Order Status,Orders,Neutral,,266957,266956,,,,,,,,,,,,,,,,,,,179627,Delta,,,,,,,,,,,,,,,,,,,Customer,Service Provider,,,,,,,,,,,,,,,,,,,true,false,,,,,,,,,,,,,,,,,,,Thu Oct 05 23:47:21 +0000 2017,Thu Oct 05 23:49:03 +0000 2017,,,,,,,,,,,,,,,,,,,Hey @Delta - can you help me with a same day change on here? Thanks!,"@179627 Hi, David! I'd be happy to further assist you with that change. Can you please DM conf #? 😃 *TJN",,,,,,,,,,,,,,,,,,,2025-09-27T04:02:40.191Z,job_20250927_012637,2
68d761ef7222cee3d33c87f6,1676,68ce563352b33355379e00d0,Technical Support regarding Travel/Flight,Technical Support,Travel/Flight,Negative,,267357,267356,,,,,,,,,,,,,,,,,,,179734,Delta,,,,,,,,,,,,,,,,,,,Customer,Service Provider,,,,,,,,,,,,,,,,,,,true,false,,,,,,,,,,,,,,,,,,,Fri Oct 06 00:06:56 +0000 2017,Fri Oct 06 00:08:56 +0000 2017,,,,,,,,,,,,,,,,,,,@delta what’s going on with ORD?  The skyclub was standing room only so I go sit outside AND the flight is late?  It’s been an issue lately.,"@179734 Stephen, apologies for the inconveniences!  *ACJ",,,,,,,,,,,,,,,,,,,2025-09-27T04:02:55.485Z,job_20250927_012637,2
68d76b3498bdfade50c330e9,1695,68ce563352b33355379e00e3,Feedback regarding General,Feedback,General,Positive,,269179,269178,,,,,,,,,,,,,,,,,,,180185,Delta,,,,,,,,,,,,,,,,,,,Customer,Service Provider,,,,,,,,,,,,,,,,,,,true,false,,,,,,,,,,,,,,,,,,,Fri Oct 06 01:01:31 +0000 2017,Fri Oct 06 01:13:16 +0000 2017,,,,,,,,,,,,,,,,,,,thanks @delta for not getting my bag on the same plane as me and not doing anything to get it back to me. A++++,"@180185 Hunny, have you filed a baggage claim form? *ACJ",,,,,,,,,,,,,,,,,,,2025-09-27T04:42:28.137Z,job_20250927_044117,2
68d76b4e98bdfade50c330ea,1692,68ce563352b33355379e00e0,Order Status regarding Travel/Transportation,Order Status,Travel/Transportation,Neutral,,268772,268770,268768,268765,268766,,,,,,,,,,,,,,,,180081,Delta,180080,Delta,180080,,,,,,,,,,,,,,,,Customer,Service Provider,Customer,Service Provider,Customer,,,,,,,,,,,,,,,,true,false,true,false,true,,,,,,,,,,,,,,,,Fri Oct 06 00:21:45 +0000 2017,Fri Oct 06 00:27:44 +0000 2017,Fri Oct 06 00:42:55 +0000 2017,Fri Oct 06 00:50:14 +0000 2017,Fri Oct 06 00:51:56 +0000 2017,,,,,,,,,,,,,,,,@Delta what’s w flt 5382? 1st no crew now driving us in circles on the bus to the plane. No one is telling us what’s going on? lga-memphis,@180081 Sorry about that. I'm showing there's a mechanical issue. We know delays can be frustrating but we hope to have you on your way soon. *TCH,"@Delta @180081 a bunch more of us waiting in the terminal, no news—all started because of a no-show pilot &amp; 1st officer","@180080 We apologize, please advise if any rebooking assistance is needed.  *AST",@Delta is the flight cancelled?,,,,,,,,,,,,,,,,2025-09-27T04:42:54.964Z,job_20250927_044117,2
68d76b5798bdfade50c330eb,1688,68ce563352b33355379e00dc, regarding ,,,,,268748,268747,,,,,,,,,,,,,,,,,,,180076,Delta,,,,,,,,,,,,,,,,,,,Customer,Service Provider,,,,,,,,,,,,,,,,,,,true,false,,,,,,,,,,,,,,,,,,,Fri Oct 06 00:51:27 +0000 2017,Fri Oct 06 00:57:25 +0000 2017,,,,,,,,,,,,,,,,,,,Hey @Delta nice add to @13653 https://t.co/kjSU6fkc86,@180076 @13653 Nice! *ALY,,,,,,,,,,,,,,,,,,,2025-09-27T04:43:03.204Z,job_20250927_044117,2
68d76b6898bdfade50c330ec,1698,68ce563352b33355379e00e6,Technical Support regarding Product Info,Technical Support,Product Info,Neutral,,269530,269529,,,,,,,,,,,,,,,,,,,180283,Delta,,,,,,,,,,,,,,,,,,,Customer,Service Provider,,,,,,,,,,,,,,,,,,,true,false,,,,,,,,,,,,,,,,,,,Fri Oct 06 01:11:06 +0000 2017,Fri Oct 06 01:26:40 +0000 2017,,,,,,,,,,,,,,,,,,,"@Delta Curious, why can’t I be on the upgrade list for Comfort+ but can for 1st Class? I’m in main cabin currently. Gold status. Any ideas?","@180283 Jen, please follow/DM your confirmation number to this link. *ACJ https://t.co/6iDGBJAc2m",,,,,,,,,,,,,,,,,,,2025-09-27T04:43:20.386Z,job_20250927_044117,2
68d76b7998bdfade50c330ed,1685,68ce563352b33355379e00d9,Technical Support regarding Travel,Technical Support,Travel,Neutral,,268269,268268,,,,,,,,,,,,,,,,,,,179967,Delta,,,,,,,,,,,,,,,,,,,Customer,Service Provider,,,,,,,,,,,,,,,,,,,true,false,,,,,,,,,,,,,,,,,,,Fri Oct 06 00:38:40 +0000 2017,Fri Oct 06 00:41:24 +0000 2017,,,,,,,,,,,,,,,,,,,@Delta I have reservations at SJO and because of extreme weather can not get to the airport.  How can I handle this on line from Costa Rica?,@179967 ...*TJN 2/2 https://t.co/6iDGBJAc2m,,,,,,,,,,,,,,,,,,,2025-09-27T04:43:37.248Z,job_20250927_044117,2
68d76b8598bdfade50c330ee,1701,68ce563352b33355379e00e9,Technical Support regarding General,Technical Support,General,Neutral,,269547,269546,,,,,,,,,,,,,,,,,,,180286,Delta,,,,,,,,,,,,,,,,,,,Customer,Service Provider,,,,,,,,,,,,,,,,,,,true,false,,,,,,,,,,,,,,,,,,,Fri Oct 06 01:15:59 +0000 2017,Fri Oct 06 01:16:45 +0000 2017,,,,,,,,,,,,,,,,,,,@Delta i can look up flight schedules but i cant look up booking .,@180286 I will make sure to report the issues you are having. Thanks for Tweeting us.  *AST,,,,,,,,,,,,,,,,,,,2025-09-27T04:43:49.664Z,job_20250927_044117,2
68d76b9298bdfade50c330ef,1706,68ce563352b33355379e00ee,Product Inquiry regarding General,Product Inquiry,General,Neutral,,269916,269915,,,,,,,,,,,,,,,,,,,180379,Delta,,,,,,,,,,,,,,,,,,,Customer,Service Provider,,,,,,,,,,,,,,,,,,,true,false,,,,,,,,,,,,,,,,,,,Fri Oct 06 01:25:11 +0000 2017,Fri Oct 06 01:35:03 +0000 2017,,,,,,,,,,,,,,,,,,,"@Delta hey there, any worries about #Nate and flying out of New Orleans?","@180379 Hello Beth, as of right now we have no bulletins. This may change as the weather progresses.  *AMS",,,,,,,,,,,,,,,,,,,2025-09-27T04:44:02.935Z,job_20250927_044117,2
68d76bb098bdfade50c330f0,1707,68ce563352b33355379e00ef,Technical Support regarding Travel,Technical Support,Travel,Negative,,269930,269929,269928,269919,269917,269918,269920,,,,,,,,,,,,,,180380,180380,180380,180380,Delta,180380,Delta,,,,,,,,,,,,,,Customer,Customer,Customer,Customer,Service Provider,Customer,Service Provider,,,,,,,,,,,,,,true,true,true,true,false,true,false,,,,,,,,,,,,,,Fri Oct 06 01:20:32 +0000 2017,Fri Oct 06 01:22:16 +0000 2017,Fri Oct 06 01:23:19 +0000 2017,Fri Oct 06 01:24:33 +0000 2017,Fri Oct 06 01:30:46 +0000 2017,Fri Oct 06 01:47:21 +0000 2017,Fri Oct 06 01:55:58 +0000 2017,,,,,,,,,,,,,,my @Delta flight is supposed to depart in 5 minutes but we haven't even started boarding. think we will leave on time?,@Delta it's like they could announce a delay or something instead of being secretive,@Delta maybe I wont get home before 11. how nice,"@Delta you cant just board at the time of departure and be like ""whatevs""",@180380 After researching I see boarding has started and it is estimated to depart at 9:40 pm. Thank you for checking with us.  *HRO,@Delta well that's not true either but all right,@180380 My apologies of the issues and I see you are now boarded. Have a great flight and thank you for your feedback.  *HRO,,,,,,,,,,,,,,2025-09-27T04:44:32.043Z,job_20250927_044117,2
68d76bbd98bdfade50c330f1,1712,68ce563352b33355379e00f4,Feedback regarding General,Feedback,General,Positive,,270359,270358,,,,,,,,,,,,,,,,,,,180463,Delta,,,,,,,,,,,,,,,,,,,Customer,Service Provider,,,,,,,,,,,,,,,,,,,true,false,,,,,,,,,,,,,,,,,,,Fri Oct 06 01:28:29 +0000 2017,Fri Oct 06 01:45:22 +0000 2017,,,,,,,,,,,,,,,,,,,Lmaoooo just found this on the porch I'm geekin thanks for the snack box @Delta !!!!!! 😊 https://t.co/V3h6KdYNVb,@180463 We appreciate you both!!! *ACJ,,,,,,,,,,,,,,,,,,,2025-09-27T04:44:45.787Z,job_20250927_044117,2
68d76bcf98bdfade50c330f2,1719,68ce563352b33355379e00fb,Technical Support regarding Frequent Flyer Program,Technical Support,Frequent Flyer Program,Neutral,,270991,270989,270990,270992,,,,,,,,,,,,,,,,,180646,Delta,180646,Delta,,,,,,,,,,,,,,,,,Customer,Service Provider,Customer,Service Provider,,,,,,,,,,,,,,,,,true,false,true,false,,,,,,,,,,,,,,,,,Fri Oct 06 01:57:59 +0000 2017,Fri Oct 06 02:18:58 +0000 2017,Fri Oct 06 02:20:16 +0000 2017,Fri Oct 06 02:34:10 +0000 2017,,,,,,,,,,,,,,,,,"@Delta If I purchase a flight with Skymiles, do I still get MQMs?","@180646 Hi, Daniel. Flights purchased with SkyMiles do not earn MQMs. Thanks for reaching out. *ALY",@Delta ty,@180646 Our pleasure!  *HEC,,,,,,,,,,,,,,,,,2025-09-27T04:45:03.693Z,job_20250927_044117,2
68d76be398bdfade50c330f3,1720,68ce563352b33355379e00fc,Complaint regarding Travel/Flight,Complaint,Travel/Flight,Negative,,270995,270994,270993,,,,,,,,,,,,,,,,,,180647,180647,Delta,,,,,,,,,,,,,,,,,,Customer,Customer,Service Provider,,,,,,,,,,,,,,,,,,true,true,false,,,,,,,,,,,,,,,,,,Fri Oct 06 01:54:36 +0000 2017,Fri Oct 06 01:56:15 +0000 2017,Fri Oct 06 02:18:08 +0000 2017,,,,,,,,,,,,,,,,,,"Hey @Delta, you bumped me from the Delta Comfort seat I paid extra for on this delayed flight. Refund??? #Flight491 #Annoyed",@Delta And the 2hr hold to reach customer svc is ridiculous.,"@180647 Hi, Nick. I'm sorry for your frustration. Please DM your confirmation # to the attached link so I may assist. *ALY",,,,,,,,,,,,,,,,,,2025-09-27T04:45:23.885Z,job_20250927_044117,2
68d76c0198bdfade50c330f4,1722,68ce563352b33355379e00fe,Order Status regarding Account/Billing,Order Status,Account/Billing,Neutral,,271002,271000,271001,271003,271004,271005,,,,,,,,,,,,,,,180649,Delta,180649,Delta,180649,Delta,,,,,,,,,,,,,,,Customer,Service Provider,Customer,Service Provider,Customer,Service Provider,,,,,,,,,,,,,,,true,false,true,false,true,false,,,,,,,,,,,,,,,Fri Oct 06 01:54:36 +0000 2017,Fri Oct 06 02:16:26 +0000 2017,Fri Oct 06 02:44:11 +0000 2017,Fri Oct 06 03:07:22 +0000 2017,Fri Oct 06 03:31:26 +0000 2017,Fri Oct 06 04:39:32 +0000 2017,,,,,,,,,,,,,,,@Delta The wait time to speak with someone about my reservations is over 2 hours! :(,"@180649 Hi there, I am so sorry for the inconvenience. Is there anything that I can assist you with?  *HSD",@Delta I would love that. I am needing to change my reservation. Online will not allow me to do that. How can I make that happen? :),@180649 Please DM your confirmation code along with the changes you'd like to make and I will do my best to assist you. 😊 *HSD,"@Delta It took over 75 minutes, but it got taken care of over the phone. Thank-you!","@180649 Happy to hear you have been assisted. Please, let us know if you have any further questions. *AMV",,,,,,,,,,,,,,,2025-09-27T04:45:53.752Z,job_20250927_044117,2
68d76c1098bdfade50c330f5,1723,68ce563352b33355379e00ff,Technical Support regarding Travel,Technical Support,Travel,Negative,,271007,271006,,,,,,,,,,,,,,,,,,,180650,Delta,,,,,,,,,,,,,,,,,,,Customer,Service Provider,,,,,,,,,,,,,,,,,,,true,false,,,,,,,,,,,,,,,,,,,Fri Oct 06 02:11:06 +0000 2017,Fri Oct 06 02:15:49 +0000 2017,,,,,,,,,,,,,,,,,,,Airport is a ghost town but now I’m sitting on the tarmac for 45 minutes w/runway congestion?  Thanks but no thanks @Delta and @31721,"@180650 Sorry for the delay, we appreciate your patience.  *HAA",,,,,,,,,,,,,,,,,,,2025-09-27T04:46:08.479Z,job_20250927_044117,2
68d76c2298bdfade50c330f6,1363,68ce563352b33355379dff97,Technical Support regarding Travel,Technical Support,Travel,Neutral,,235251,235250,,,,,,,,,,,,,,,,,,,172024,Delta,,,,,,,,,,,,,,,,,,,Customer,Service Provider,,,,,,,,,,,,,,,,,,,true,false,,,,,,,,,,,,,,,,,,,Thu Oct 05 13:18:04 +0000 2017,Thu Oct 05 13:22:31 +0000 2017,,,,,,,,,,,,,,,,,,,@Delta flight to @12036 tomorrow for a long weekend but #HurricaneNate hits there sun. What are my options? #needakidfreevacation,"@172024 Hi Sara, I would be happy to help you out. Please DM your confirmation number. *TTN https://t.co/6iDGBJAc2m",,,,,,,,,,,,,,,,,,,2025-09-27T04:46:26.542Z,job_20250927_044117,2
68d76c3498bdfade50c330f7,1371,68ce563352b33355379dff9f,Technical Support regarding Travel/Transportation,Technical Support,Travel/Transportation,Neutral,,236359,236358,,,,,,,,,,,,,,,,,,,172291,Delta,,,,,,,,,,,,,,,,,,,Customer,Service Provider,,,,,,,,,,,,,,,,,,,true,false,,,,,,,,,,,,,,,,,,,Thu Oct 05 13:43:44 +0000 2017,Thu Oct 05 13:46:13 +0000 2017,,,,,,,,,,,,,,,,,,,@Delta i left a sweater on flight 1339 in ATL. Is there a lost and found to contact. Getting on another flight now,"@172291 Hi there, here is the link to fill out the information for a item left onboard.  https://t.co/PFXvMptCcO *TRR",,,,,,,,,,,,,,,,,,,2025-09-27T04:46:44.033Z,job_20250927_044117,2
68d76c4f98bdfade50c330f8,1373,68ce563352b33355379dffa1,Complaint regarding Technical Support,Complaint,Technical Support,Negative,,237988,237987,237986,237984,237985,,,,,,,,,,,,,,,,172637,Delta,172637,Delta,172637,,,,,,,,,,,,,,,,Customer,Service Provider,Customer,Service Provider,Customer,,,,,,,,,,,,,,,,true,false,true,false,true,,,,,,,,,,,,,,,,Mon Oct 02 19:09:46 +0000 2017,Mon Oct 02 20:40:39 +0000 2017,Mon Oct 02 23:19:46 +0000 2017,Mon Oct 02 23:55:55 +0000 2017,Thu Oct 05 14:10:23 +0000 2017,,,,,,,,,,,,,,,,"@Delta plenty of room on board, too. #badservice #rudeemployees #deltaisbad https://t.co/n4OfkYqbVQ","@172637 Oh, No! I'm truly sorry to hear this, Leahn. Please DM flight details. I'll go ahead and report this.  *HMB",@Delta @Delta flight DL1323 from LAX to ATL 12 noon pst today,@172637 I'm really sorry about this. Thank you so much for letting us know.  *HMB,"@Delta @Delta what is going to happen about this? This was a pain and your employees were very rude, not to mention all the space left in bins.",,,,,,,,,,,,,,,,2025-09-27T04:47:11.746Z,job_20250927_044117,2
68d76c6398bdfade50c330f9,1380,68ce563352b33355379dffa8,Complaint regarding Technical Support,Complaint,Technical Support,Negative,,242074,242073,,,,,,,,,,,,,,,,,,,173480,Delta,,,,,,,,,,,,,,,,,,,Customer,Service Provider,,,,,,,,,,,,,,,,,,,true,false,,,,,,,,,,,,,,,,,,,Sat Oct 28 10:00:57 +0000 2017,Sat Oct 28 10:19:31 +0000 2017,,,,,,,,,,,,,,,,,,,Corp rate. I have 22 segs w @AmericanAir &amp; always get G6. 15 w @Delta &amp; always get Z1 no matter what fare class. Step your game up AA!,"@173480 Imagine the possibilities if you flew with us more. 😉 Always a pleasure having you on a Delta flight, we hope to see you again real soon!",,,,,,,,,,,,,,,,,,,2025-09-27T04:47:31.647Z,job_20250927_044117,2
68d76c7598bdfade50c330fa,1386,68ce563352b33355379dffae,Complaint regarding Technical,Complaint,Technical,Negative,,243400,243399,,,,,,,,,,,,,,,,,,,173807,Delta,,,,,,,,,,,,,,,,,,,Customer,Service Provider,,,,,,,,,,,,,,,,,,,true,false,,,,,,,,,,,,,,,,,,,Thu Oct 05 12:34:59 +0000 2017,Thu Oct 05 14:31:31 +0000 2017,,,,,,,,,,,,,,,,,,,@Delta a heads-up that I just smashed my head on this thing. Awful design and should be removed from the planes. #ouch https://t.co/JtJUCBvjef,@173807 attention is needed. I will also be sure to share your feedback with the appropriate team concerning the aircraft design. *HJB,,,,,,,,,,,,,,,,,,,2025-09-27T04:47:49.194Z,job_20250927_044117,2
68d76c8f98bdfade50c330fb,1387,68ce563352b33355379dffaf,Order Status regarding Shipping/Delivery,Order Status,Shipping/Delivery,Negative,,243404,243402,243403,243405,,,,,,,,,,,,,,,,,173808,Delta,173808,Delta,,,,,,,,,,,,,,,,,Customer,Service Provider,Customer,Service Provider,,,,,,,,,,,,,,,,,true,false,true,false,,,,,,,,,,,,,,,,,Thu Oct 05 14:25:42 +0000 2017,Thu Oct 05 14:29:06 +0000 2017,Thu Oct 05 14:32:45 +0000 2017,Thu Oct 05 14:41:24 +0000 2017,,,,,,,,,,,,,,,,,"My @Delta Bag's riding round Edinburgh on ""delivery"" since yesterday at 5 pm. 4 days no bag, no delivery still. Worst #Delta experience yet.",@173808 We hear you and realize the inconvenience. Our baggage crew is working on reuniting you with your bags.  *TJF,@Delta The lovely staff at EDI has been phoning the delivery company since 11 am with no response.,@173808 I am so sorry you are having these issues. Please DM your confirmation # so I can see if I can assist further. *TJF https://t.co/6iDGBJAc2m,,,,,,,,,,,,,,,,,2025-09-27T04:48:15.115Z,job_20250927_044117,2
68d76ca198bdfade50c330fc,1390,68ce563352b33355379dffb2,Feedback regarding General,Feedback,General,Positive,,243413,243412,,,,,,,,,,,,,,,,,,,173811,Delta,,,,,,,,,,,,,,,,,,,Customer,Service Provider,,,,,,,,,,,,,,,,,,,true,false,,,,,,,,,,,,,,,,,,,Thu Oct 05 14:14:10 +0000 2017,Thu Oct 05 14:17:55 +0000 2017,,,,,,,,,,,,,,,,,,,"@Delta Thank U 2 BRIDGETTE at the SkyClub A17 in @122828 for the POSITIVE attitude n hard work, n most of all, the Smile! #itsagoodday 😃",@173811 @122828 Way to go Bridgette! Thanks so much for the shout out Scott! We truly appreciate your loyalty! #KeepClimbing *HKM,,,,,,,,,,,,,,,,,,,2025-09-27T04:48:33.898Z,job_20250927_044117,2
68d76caf98bdfade50c330fd,1392,68ce563352b33355379dffb4,Feedback regarding General,Feedback,General,Positive,,244376,244375,,,,,,,,,,,,,,,,,,,174045,Delta,,,,,,,,,,,,,,,,,,,Customer,Service Provider,,,,,,,,,,,,,,,,,,,true,false,,,,,,,,,,,,,,,,,,,Thu Oct 05 14:45:42 +0000 2017,Thu Oct 05 14:47:10 +0000 2017,,,,,,,,,,,,,,,,,,,"Chasing fall this weekend 🍂 Seattle, see you soon! Courtesy of @Delta - ALWAYS a pleasure!",@174045 It's always a delight to have you onboard with us Allie. 😊 *TJN,,,,,,,,,,,,,,,,,,,2025-09-27T04:48:47.426Z,job_20250927_044117,2
68d76cc998bdfade50c330fe,1406,68ce563352b33355379dffc2,Technical Support regarding General,Technical Support,General,Neutral,,246033,246031,246032,246034,,,,,,,,,,,,,,,,,174437,Delta,174437,Delta,,,,,,,,,,,,,,,,,Customer,Service Provider,Customer,Service Provider,,,,,,,,,,,,,,,,,true,false,true,false,,,,,,,,,,,,,,,,,Thu Oct 05 15:05:33 +0000 2017,Thu Oct 05 15:16:40 +0000 2017,Thu Oct 05 15:17:58 +0000 2017,Thu Oct 05 15:42:33 +0000 2017,,,,,,,,,,,,,,,,,@Delta Can someone please answer my DM? I would love to speak to someone directly from the Tampa Bay support team,"@174437 While I am limited to Twitter, I'm not sure the mention Tampa Bay support team you are referring to.  *TDH",@Delta I’d like to speak to someone on the phone. Last time I had someone call me to book my MIA &gt; BKK flight. Check DM please,@174437 My apology for any inconvenience. *ALS,,,,,,,,,,,,,,,,,2025-09-27T04:49:13.714Z,job_20250927_044117,2
68d76cd698bdfade50c330ff,1411,68ce563352b33355379dffc7,Other regarding General,Other,General,Neutral,,246589,246588,,,,,,,,,,,,,,,,,,,174574,Delta,,,,,,,,,,,,,,,,,,,Customer,Service Provider,,,,,,,,,,,,,,,,,,,true,false,,,,,,,,,,,,,,,,,,,Thu Oct 05 15:20:46 +0000 2017,Thu Oct 05 15:31:58 +0000 2017,,,,,,,,,,,,,,,,,,,.@Delta free in-flight text messaging starts this weekend. Who's next? #cx #custserv #travel,@174574 Thanks for sharing! *ALS,,,,,,,,,,,,,,,,,,,2025-09-27T04:49:26.403Z,job_20250927_044117,2
68d76ce598bdfade50c33100,1420,68ce563352b33355379dffd0,Complaint regarding Technical Support,Complaint,Technical Support,Negative,,247691,247690,,,,,,,,,,,,,,,,,,,174852,Delta,,,,,,,,,,,,,,,,,,,Customer,Service Provider,,,,,,,,,,,,,,,,,,,true,false,,,,,,,,,,,,,,,,,,,Thu Oct 05 15:50:11 +0000 2017,Thu Oct 05 16:07:49 +0000 2017,,,,,,,,,,,,,,,,,,,Never traveling on @Delta again #badcustomerservice requiring you to jump through hoops because of their horrible systems and processes,"@174852 Hello, Sally. Apologies for your experience. If you need any help, let us know.  *ARD",,,,,,,,,,,,,,,,,,,2025-09-27T04:49:41.688Z,job_20250927_044117,2
68d76cf898bdfade50c33101,1421,68ce563352b33355379dffd1,Complaint regarding Technical Support,Complaint,Technical Support,Negative,,247693,247692,,,,,,,,,,,,,,,,,,,174853,Delta,,,,,,,,,,,,,,,,,,,Customer,Service Provider,,,,,,,,,,,,,,,,,,,true,false,,,,,,,,,,,,,,,,,,,Thu Oct 05 15:31:12 +0000 2017,Thu Oct 05 16:07:36 +0000 2017,,,,,,,,,,,,,,,,,,,@Delta hello I have had 2 separate 12+ hour delays on Delta within 30 day period.  The delays have cost me thousands of dollars of lost business and time.  Delta finally resolved one of cases but case #00153949 was submitted long ago and still zero response.  Please assist,@174853 Please hang in there with us.   *HML,,,,,,,,,,,,,,,,,,,2025-09-27T04:50:00.526Z,job_20250927_044117,2
68d76d0998bdfade50c33102,1422,68ce563352b33355379dffd2,Technical Support regarding Travel,Technical Support,Travel,Negative,,247698,247697,,,,,,,,,,,,,,,,,,,174854,Delta,,,,,,,,,,,,,,,,,,,Customer,Service Provider,,,,,,,,,,,,,,,,,,,true,false,,,,,,,,,,,,,,,,,,,Thu Oct 05 15:32:23 +0000 2017,Thu Oct 05 16:03:15 +0000 2017,,,,,,,,,,,,,,,,,,,"@Delta Help please. Flight cancelled to Liberia, Costa Rica (2 days) and getting the run around from the helpline. Just want a vacation!","@174854 Hi, Jim. Please DM your confirmation number so I can look into this matter for you. Thanks! *TJF https://t.co/6iDGBJAc2m",,,,,,,,,,,,,,,,,,,2025-09-27T04:50:17.580Z,job_20250927_044117,2
68d76d1798bdfade50c33103,1425,68ce563352b33355379dffd5,Technical Support regarding General,Technical Support,General,Neutral,,248764,248763,,,,,,,,,,,,,,,,,,,175101,Delta,,,,,,,,,,,,,,,,,,,Customer,Service Provider,,,,,,,,,,,,,,,,,,,true,false,,,,,,,,,,,,,,,,,,,Thu Oct 05 16:28:25 +0000 2017,Thu Oct 05 16:34:27 +0000 2017,,,,,,,,,,,,,,,,,,,@Delta any word on Tropical Storm Nate's affect on those flying into Nicaragua?,@175101 ...advisory. *TDH 2/2,,,,,,,,,,,,,,,,,,,2025-09-27T04:50:31.141Z,job_20250927_044117,2
68d76d2f98bdfade50c33104,1429,68ce563352b33355379dffd9,Complaint regarding Technical Support,Complaint,Technical Support,Negative,,249256,249252,249253,249257,249259,,,,,,,,,,,,,,,,175223,Delta,175223,Delta,175223,,,,,,,,,,,,,,,,Customer,Service Provider,Customer,Service Provider,Customer,,,,,,,,,,,,,,,,true,false,true,false,true,,,,,,,,,,,,,,,,Thu Oct 05 16:32:36 +0000 2017,Thu Oct 05 16:52:37 +0000 2017,Thu Oct 05 17:26:50 +0000 2017,Thu Oct 05 17:32:06 +0000 2017,Thu Oct 05 17:32:57 +0000 2017,,,,,,,,,,,,,,,,@Delta beyond unstastified with delta! flying us into a hurricane without wanting to switch flights. they don’t  care about customer safety,@175223 Oh No! What is the confirmation number and I will be glad to take a look.  *HRO,@Delta Please let me know soon because flight boards at 2:50,@175223 ...please.  Is this for past or future travel please? *HRO 2/2,"@Delta This is for current travel, today. Passengers last name are Alavarez, Leger, Mur",,,,,,,,,,,,,,,,2025-09-27T04:50:55.252Z,job_20250927_044117,2
68d76d3b98bdfade50c33105,1430,68ce563352b33355379dffda,Other regarding General,Other,General,Neutral,,249273,249272,,,,,,,,,,,,,,,,,,,171684,Delta,,,,,,,,,,,,,,,,,,,Customer,Service Provider,,,,,,,,,,,,,,,,,,,true,false,,,,,,,,,,,,,,,,,,,Thu Oct 05 16:44:37 +0000 2017,Thu Oct 05 16:50:12 +0000 2017,,,,,,,,,,,,,,,,,,,"I'm at @Delta Sky Club in College Park, GA https://t.co/JP39c9e87T",@171684 Very nice. Enjoy! *TDH,,,,,,,,,,,,,,,,,,,2025-09-27T04:51:07.686Z,job_20250927_044117,2
68d76d4b98bdfade50c33106,1437,68ce563352b33355379dffe1,Feedback regarding General,Feedback,General,Positive,,249780,249779,,,,,,,,,,,,,,,,,,,175369,Delta,,,,,,,,,,,,,,,,,,,Customer,Service Provider,,,,,,,,,,,,,,,,,,,true,false,,,,,,,,,,,,,,,,,,,Sat Nov 25 02:49:04 +0000 2017,Sat Nov 25 02:51:00 +0000 2017,,,,,,,,,,,,,,,,,,,I just booked two random trips just so I can level up status on @Delta #FirstWorldProblems #whatalife #soullikewheels #gypsysoul,@175369 Hi there. We truly appreciate your business! Thanks for choosing Delta. *TKR,,,,,,,,,,,,,,,,,,,2025-09-27T04:51:23.001Z,job_20250927_044117,2
68d76d5b98bdfade50c33107,1438,68ce563352b33355379dffe2,Feedback regarding Technical Support,Feedback,Technical Support,Neutral,,249783,249782,249781,,,,,,,,,,,,,,,,,,175370,175370,Delta,,,,,,,,,,,,,,,,,,Customer,Customer,Service Provider,,,,,,,,,,,,,,,,,,true,true,false,,,,,,,,,,,,,,,,,,Sat Nov 25 02:40:43 +0000 2017,Sat Nov 25 02:43:05 +0000 2017,Sat Nov 25 02:43:44 +0000 2017,,,,,,,,,,,,,,,,,,@Delta https://t.co/sS1uQhc5sC,@Delta Luckily the in-flight tracker was working as the one from the Delta app looked like it turned around!  We just landed...early.,"@175370 Okay, great. Please let us know If you need further assistance.  *HFG",,,,,,,,,,,,,,,,,,2025-09-27T04:51:39.714Z,job_20250927_044117,2
68d76d6a98bdfade50c33108,1439,68ce563352b33355379dffe3,Feedback regarding General,Feedback,General,Positive,,249786,249785,,,,,,,,,,,,,,,,,,,175371,Delta,,,,,,,,,,,,,,,,,,,Customer,Service Provider,,,,,,,,,,,,,,,,,,,true,false,,,,,,,,,,,,,,,,,,,Sat Nov 25 02:38:27 +0000 2017,Sat Nov 25 02:42:19 +0000 2017,,,,,,,,,,,,,,,,,,,"Can't wait to boogie-board to Toronto, take THAT, @Delta ! https://t.co/C4oYLwKeXT",@175371 Hi Bob. Enjoy your trip. Thanks for letting us be your ride! 😊 *TKR,,,,,,,,,,,,,,,,,,,2025-09-27T04:51:54.047Z,job_20250927_044117,2
68d76d7d98bdfade50c33109,1451,68ce563352b33355379dffef,Complaint regarding General,Complaint,General,Negative,,250790,250788,250789,250791,,,,,,,,,,,,,,,,,175608,Delta,175609,Delta,,,,,,,,,,,,,,,,,Customer,Service Provider,Customer,Service Provider,,,,,,,,,,,,,,,,,true,false,true,false,,,,,,,,,,,,,,,,,Thu Oct 05 17:01:34 +0000 2017,Thu Oct 05 17:22:27 +0000 2017,Thu Oct 05 17:25:01 +0000 2017,Thu Oct 05 17:45:57 +0000 2017,,,,,,,,,,,,,,,,,@Delta your customer service sucks ⚽️,@175608 I am so sorry to hear you didn't have a pleasant experience with our customer service. How can I assist you via twitter? *ALS,@Delta @175608 Can i get a response on flight 2279 from jfk. What terminal?,"@175609 This flight will be departing from Terminal 2, gate C64 today. *HWG",,,,,,,,,,,,,,,,,2025-09-27T04:52:13.772Z,job_20250927_044117,2
68d76d9398bdfade50c3310a,1454,68ce563352b33355379dfff2,Technical Support regarding Travel/Flight,Technical Support,Travel/Flight,Negative,,250812,250810,250811,250813,,,,,,,,,,,,,,,,,175612,Delta,175612,Delta,,,,,,,,,,,,,,,,,Customer,Service Provider,Customer,Service Provider,,,,,,,,,,,,,,,,,true,false,true,false,,,,,,,,,,,,,,,,,Thu Oct 05 17:14:04 +0000 2017,Thu Oct 05 17:20:05 +0000 2017,Thu Oct 05 17:31:14 +0000 2017,Thu Oct 05 17:40:52 +0000 2017,,,,,,,,,,,,,,,,,Not only can the @delta desk in the airport not help the phone folks can't either. Now just stranded,@175612 I'm sorry to hear about your experience. What seems to be the problem? *ALS,@Delta Missed connection due to mechanical. Desk folks say phone folks can help and phone says desk. Now I get to drive.,@175612 May I have your confirmation number so I can look into this? Please DM for privacy. *ALS,,,,,,,,,,,,,,,,,2025-09-27T04:52:35.896Z,job_20250927_044117,2
68d76da598bdfade50c3310b,1455,68ce563352b33355379dfff3,Account/Billing regarding Refunds,Account/Billing,Refunds,Neutral,,250816,250815,,,,,,,,,,,,,,,,,,,175613,Delta,,,,,,,,,,,,,,,,,,,Customer,Service Provider,,,,,,,,,,,,,,,,,,,true,false,,,,,,,,,,,,,,,,,,,Thu Oct 05 16:53:56 +0000 2017,Thu Oct 05 17:19:44 +0000 2017,,,,,,,,,,,,,,,,,,,"@Delta If I cancelled a pay w/miles reservation within 24hrs, how long will it take for the skymiles to be returned to my account? Same day?",@175613 Hi Michael. Any refund takes up to seven days to process. Any money refunded can take up to one to two billing cycles. *TMS,,,,,,,,,,,,,,,,,,,2025-09-27T04:52:53.560Z,job_20250927_044117,2
68d76db298bdfade50c3310c,1462,68ce563352b33355379dfffa,Order Status regarding Travel/Transportation,Order Status,Travel/Transportation,Neutral,,250847,250846,,,,,,,,,,,,,,,,,,,175622,Delta,,,,,,,,,,,,,,,,,,,Customer,Service Provider,,,,,,,,,,,,,,,,,,,true,false,,,,,,,,,,,,,,,,,,,Sat Oct 07 20:24:44 +0000 2017,Sat Oct 07 21:17:15 +0000 2017,,,,,,,,,,,,,,,,,,,@Delta what terminal is flight 2934 to Detroit is leaving from?,"@175622 Hello, flight 2934 is leaving from Terminal 2 gate C61. *AJY",,,,,,,,,,,,,,,,,,,2025-09-27T04:53:06.891Z,job_20250927_044117,2
68d76dc398bdfade50c3310d,1463,68ce563352b33355379dfffb,Complaint regarding Technical Support,Complaint,Technical Support,Negative,,250850,250848,250849,,,,,,,,,,,,,,,,,,175623,Delta,175623,,,,,,,,,,,,,,,,,,Customer,Service Provider,Customer,,,,,,,,,,,,,,,,,,true,false,true,,,,,,,,,,,,,,,,,,Sat Oct 07 20:25:52 +0000 2017,Sat Oct 07 21:16:02 +0000 2017,Sat Oct 07 23:41:32 +0000 2017,,,,,,,,,,,,,,,,,,Travel hell. Mechanical problems and now a missed connection. Thank goodness for margaritas. @Delta,"@175623 Jessica, please accept our apologies for the delays.  *ACJ",@Delta I was just told I can’t get my bag back. I really hate you right now.,,,,,,,,,,,,,,,,,,2025-09-27T04:53:23.718Z,job_20250927_044117,2
68d76dd498bdfade50c3310e,1466,68ce563352b33355379dfffe,Complaint regarding Technical Support,Complaint,Technical Support,Negative,,250859,250858,,,,,,,,,,,,,,,,,,,175626,Delta,,,,,,,,,,,,,,,,,,,Customer,Service Provider,,,,,,,,,,,,,,,,,,,true,false,,,,,,,,,,,,,,,,,,,Sat Oct 07 20:21:23 +0000 2017,Sat Oct 07 21:14:25 +0000 2017,,,,,,,,,,,,,,,,,,,@Delta my plane broke in Iceland. Poor or no communication from you. Don't respond to emails. Very disappointed in you.,@175626 Hi Tim. I sincerely apologize for the inconvenience. Please follow/DM your confirmation code or tkt number to better assist. *TKR,,,,,,,,,,,,,,,,,,,2025-09-27T04:53:40.383Z,job_20250927_044117,2
68d76df498bdfade50c3310f,1468,68ce563352b33355379e0000,Technical Support regarding Travel Disruption,Technical Support,Travel Disruption,Neutral,,253535,253533,253534,253536,253537,253538,,,,,,,,,,,,,,,176269,Delta,176269,Delta,176269,Delta,,,,,,,,,,,,,,,Customer,Service Provider,Customer,Service Provider,Customer,Service Provider,,,,,,,,,,,,,,,true,false,true,false,true,false,,,,,,,,,,,,,,,Thu Oct 05 17:28:33 +0000 2017,Thu Oct 05 17:57:26 +0000 2017,Thu Oct 05 18:15:45 +0000 2017,Thu Oct 05 18:26:52 +0000 2017,Thu Oct 05 18:30:29 +0000 2017,Thu Oct 05 18:33:39 +0000 2017,,,,,,,,,,,,,,,"@Delta Do you have any change policy for Tropical Storm #Nate? My meeting in New Orleans was just cancelled, and Nashville is questionable.","@176269 Hello, James. Unfortunately not currently. Here are our current waivers:  https://t.co/op4zh5vOkf.  *ARD","@Delta Ok. If Delta allows changes to MSY flights (like with Irma), and I want to skip MSY and go to my next stop, BNA, how would that work?",@176269 Once the waiver is in place we can look into all possibilities for safe travel.  *ARD,"@Delta Is there any reason not to book a SAV-&gt;BNA flight today? I would have to pay the increased fare, even if changes were allowed, right?",@176269 Correct. A waiver is not currently in place. *ARD,,,,,,,,,,,,,,,2025-09-27T04:54:12.904Z,job_20250927_044117,2
68d76e0698bdfade50c33110,1469,68ce563352b33355379e0001,Complaint regarding Travel,Complaint,Travel,Negative,,253540,253539,,,,,,,,,,,,,,,,,,,176270,Delta,,,,,,,,,,,,,,,,,,,Customer,Service Provider,,,,,,,,,,,,,,,,,,,true,false,,,,,,,,,,,,,,,,,,,Thu Oct 05 17:23:43 +0000 2017,Thu Oct 05 17:54:11 +0000 2017,,,,,,,,,,,,,,,,,,,"Boarded flight at 6:40 @ LAX. Deplaned at 9:20 still @ LAX, 4+ hr delay. Typical @Delta experience for me unfortunately. 0 for 3 in past yr.",@176270 Hello. Very sorry for the delay. We must do better. Follow/DM your confirm # for assistance.  *ARD,,,,,,,,,,,,,,,,,,,2025-09-27T04:54:30.971Z,job_20250927_044117,2
68d76e1398bdfade50c33111,1478,68ce563352b33355379e000a,Other regarding General,Other,General,Neutral,,254182,254181,,,,,,,,,,,,,,,,,,,171855,Delta,,,,,,,,,,,,,,,,,,,Customer,Service Provider,,,,,,,,,,,,,,,,,,,true,false,,,,,,,,,,,,,,,,,,,Thu Oct 05 17:29:44 +0000 2017,Thu Oct 05 17:59:21 +0000 2017,,,,,,,,,,,,,,,,,,,Quick flight around the Pacific Northwest aboard @Delta https://t.co/pEJ0hKRslt,@171855 Great shot! Thanks for sharing. ✈ *AMC,,,,,,,,,,,,,,,,,,,2025-09-27T04:54:43.604Z,job_20250927_044117,2
68d76e2b98bdfade50c33112,1485,68ce563352b33355379e0011,Order Status regarding Travel Planning,Order Status,Travel Planning,Neutral,,255161,255160,255159,255158,,,,,,,,,,,,,,,,,176662,Delta,176662,Delta,,,,,,,,,,,,,,,,,Customer,Service Provider,Customer,Service Provider,,,,,,,,,,,,,,,,,true,false,true,false,,,,,,,,,,,,,,,,,Thu Oct 05 18:01:56 +0000 2017,Thu Oct 05 18:30:40 +0000 2017,Thu Oct 05 18:31:20 +0000 2017,Thu Oct 05 18:32:40 +0000 2017,,,,,,,,,,,,,,,,,"@Delta can i remove a ""submit bid"" from my checked in flight? I am not sure there is as much flexibility around my plans as I anticipated.",@176662 Hi Scott. Let the agents at the airport know that you are no longer interested in volunteering.  *TMS,"@Delta Okay, the flight is tomorrow. So they will not sell my seat if a let them no I no longer care to?","@176662 Please DM me your confirmation number, and I'll uncheck you in. Thanks. *TMS https://t.co/6iDGBJAc2m",,,,,,,,,,,,,,,,,2025-09-27T04:55:07.747Z,job_20250927_044117,2
68d76e3b98bdfade50c33113,1486,68ce563352b33355379e0012,Technical Support regarding General,Technical Support,General,Negative,,255164,255162,255163,,,,,,,,,,,,,,,,,,176663,Delta,176663,,,,,,,,,,,,,,,,,,Customer,Service Provider,Customer,,,,,,,,,,,,,,,,,,true,false,true,,,,,,,,,,,,,,,,,,Thu Oct 05 18:30:44 +0000 2017,Thu Oct 05 18:32:15 +0000 2017,Thu Oct 05 18:41:54 +0000 2017,,,,,,,,,,,,,,,,,,@Delta - Doesn’t Ever Leave The Airport. 🙄,"@176663 Amanda, sorry for any trouble! Can you follow/DM your confirm #? *HKM",@Delta Boarding chaos in ATL. Nothing to be alarmed about. This is the usual.,,,,,,,,,,,,,,,,,,2025-09-27T04:55:23.197Z,job_20250927_044117,2
68d76e4998bdfade50c33114,1491,68ce563352b33355379e0017,Technical Support regarding General,Technical Support,General,Negative,,255626,255625,,,,,,,,,,,,,,,,,,,176797,Delta,,,,,,,,,,,,,,,,,,,Customer,Service Provider,,,,,,,,,,,,,,,,,,,true,false,,,,,,,,,,,,,,,,,,,Thu Oct 05 18:24:24 +0000 2017,Thu Oct 05 18:46:05 +0000 2017,,,,,,,,,,,,,,,,,,,Look what @delta did to my bag today. https://t.co/rmFVyl4YmR,@176797 You will need to fill out a baggage claim form https://t.co/XwO5qw5QLN. *ALS,,,,,,,,,,,,,,,,,,,2025-09-27T04:55:37.850Z,job_20250927_044117,2
68d76e6198bdfade50c33115,1492,68ce563352b33355379e0018,Complaint regarding Technical Support,Complaint,Technical Support,Negative,,255631,255629,255630,255632,,,,,,,,,,,,,,,,,176798,Delta,176798,176798,,,,,,,,,,,,,,,,,Customer,Service Provider,Customer,Customer,,,,,,,,,,,,,,,,,true,false,true,true,,,,,,,,,,,,,,,,,Thu Oct 05 18:36:46 +0000 2017,Thu Oct 05 18:43:41 +0000 2017,Thu Oct 05 18:45:40 +0000 2017,Thu Oct 05 18:48:05 +0000 2017,,,,,,,,,,,,,,,,,"In grand scheme it doesn't matter at all, just irritated with bad customer service on same issue on back to back flights with @Delta","@176798 Jonathan, the gate agent may request baggage check due to the weight and balance of the aircraft. It's for safety reasons. *ALS","@Delta Absolutely, if that were the issue should have said. Reason given was space, so a lie. Multiple passengers complained. 5 bins wide open","@Delta And to have the same exact scenario play out on multiple flights with gate agents, says more about company culture than anything",,,,,,,,,,,,,,,,,2025-09-27T04:56:01.269Z,job_20250927_044117,2
68d76e6d98bdfade50c33116,1499,68ce563352b33355379e001f,Feedback regarding General,Feedback,General,Positive,,256793,256792,,,,,,,,,,,,,,,,,,,176661,Delta,,,,,,,,,,,,,,,,,,,Customer,Service Provider,,,,,,,,,,,,,,,,,,,true,false,,,,,,,,,,,,,,,,,,,Thu Oct 05 18:54:58 +0000 2017,Thu Oct 05 19:24:14 +0000 2017,,,,,,,,,,,,,,,,,,,Thank you @Delta for coming through and helping me!!!!!!,@176661 You are very welcome and please thank him for his service and dedication.  *HRO,,,,,,,,,,,,,,,,,,,2025-09-27T04:56:13.523Z,job_20250927_044117,2
68d76e7f98bdfade50c33117,1505,68ce563352b33355379e0025,Product Inquiry regarding Shipping/Delivery,Product Inquiry,Shipping/Delivery,Neutral,,256816,256815,,,,,,,,,,,,,,,,,,,177073,Delta,,,,,,,,,,,,,,,,,,,Customer,Service Provider,,,,,,,,,,,,,,,,,,,true,false,,,,,,,,,,,,,,,,,,,Thu Oct 05 18:38:07 +0000 2017,Thu Oct 05 19:16:00 +0000 2017,,,,,,,,,,,,,,,,,,,"@Delta  our family remains behind in St John VI desperate for generators to continue working , can i check 200lb generator on a STT flight?!","@177073 Hi, Tracy. You wouldn't be able to check a 200lb generator for your STT flight. I'm sorry.  *HYC",,,,,,,,,,,,,,,,,,,2025-09-27T04:56:31.269Z,job_20250927_044117,2
68d76e8d98bdfade50c33118,1507,68ce563352b33355379e0027,Product Inquiry regarding Travel/Flight,Product Inquiry,Travel/Flight,Neutral,,256823,256821,256822,,,,,,,,,,,,,,,,,,177075,Delta,177075,,,,,,,,,,,,,,,,,,Customer,Service Provider,Customer,,,,,,,,,,,,,,,,,,true,false,true,,,,,,,,,,,,,,,,,,Thu Oct 05 19:13:41 +0000 2017,Thu Oct 05 19:14:35 +0000 2017,Thu Oct 05 19:15:04 +0000 2017,,,,,,,,,,,,,,,,,,@Delta any chance I could get some support? Heading to Detroit airport and had some questions.,"@177075 Hi, Angela! I'd be happy to assist you. 😃 *TJN",@Delta Should I send a PM?,,,,,,,,,,,,,,,,,,2025-09-27T04:56:45.666Z,job_20250927_044117,2
68d76e9b98bdfade50c33119,1508,68ce563352b33355379e0028,Technical Support regarding Product Info,Technical Support,Product Info,Negative,,257259,257258,,,,,,,,,,,,,,,,,,,177186,Delta,,,,,,,,,,,,,,,,,,,Customer,Service Provider,,,,,,,,,,,,,,,,,,,true,false,,,,,,,,,,,,,,,,,,,Thu Oct 05 19:21:28 +0000 2017,Thu Oct 05 19:42:14 +0000 2017,,,,,,,,,,,,,,,,,,,"@Delta How in 2017 can there still be a cross-country flight with no USB port, no outlet, and no TV? 😔",@177186 Sorry for your disappointment. We'll share your feedback with leadership.   *HEC,,,,,,,,,,,,,,,,,,,2025-09-27T04:56:59.714Z,job_20250927_044117,2
68d76ea898bdfade50c3311a,1511,68ce563352b33355379e002b,Order Status regarding Orders,Order Status,Orders,Neutral,,257267,257266,,,,,,,,,,,,,,,,,,,177189,Delta,,,,,,,,,,,,,,,,,,,Customer,Service Provider,,,,,,,,,,,,,,,,,,,true,false,,,,,,,,,,,,,,,,,,,Thu Oct 05 19:24:38 +0000 2017,Thu Oct 05 19:38:15 +0000 2017,,,,,,,,,,,,,,,,,,,@Delta how do I get on the upgrade list for my flight tomorrow?,@177189 Hi Rachel. May I have your confirmation number? Please DM for privacy. *ALS,,,,,,,,,,,,,,,,,,,2025-09-27T04:57:12.984Z,job_20250927_044117,2
68d76ebe98bdfade50c3311b,1516,68ce563352b33355379e0030,Complaint regarding General,Complaint,General,Negative,,257289,257287,257288,,,,,,,,,,,,,,,,,,177195,Delta,177195,,,,,,,,,,,,,,,,,,Customer,Service Provider,Customer,,,,,,,,,,,,,,,,,,true,false,true,,,,,,,,,,,,,,,,,,Thu Oct 05 19:11:56 +0000 2017,Thu Oct 05 19:29:23 +0000 2017,Thu Oct 05 20:26:26 +0000 2017,,,,,,,,,,,,,,,,,,"@delta bag tags off others bags, only difference between me and the others behind me was that I was a little white pregnant girl 3/3","@177195 Hi, Pearl. I'm so sorry to hear about your experience. Pls, DM your confirmation number and I will look further into this.  *HYC",@Delta Now you've lost it. Utterly ridiculous and completely unacceptable. Your Atlanta gate agent was checking bags based on what?,,,,,,,,,,,,,,,,,,2025-09-27T04:57:34.109Z,job_20250927_044117,2
68d76ed798bdfade50c3311c,1517,68ce563352b33355379e0031,Complaint regarding Travel,Complaint,Travel,Negative,,257901,257900,257898,257897,,,,,,,,,,,,,,,,,177357,177358,177357,Delta,,,,,,,,,,,,,,,,,Customer,Customer,Customer,Service Provider,,,,,,,,,,,,,,,,,true,true,true,false,,,,,,,,,,,,,,,,,Sun Oct 01 09:29:07 +0000 2017,Wed Oct 04 12:46:28 +0000 2017,Thu Oct 05 20:03:10 +0000 2017,Thu Oct 05 20:12:49 +0000 2017,,,,,,,,,,,,,,,,,"Packing for Pringle Home for Children, Jamaica. So much to bring... not helped by @Delta not allowing us a few extra kilos luggage! #10days",@177357 @Delta That's disappointing to hear Amanda ☹️ - hope you have a successful trip nonetheless and help bring some supplies and joy to the kids there,@177358 @Delta Very disappointed with @Delta! It's the first airline to refuse in my 6 visits to Pringle. Will take as much as we can! Thanks Stephen 😀🇯🇲,@177357 @177358 ...reasons. *HJH 2/2,,,,,,,,,,,,,,,,,2025-09-27T04:57:59.582Z,job_20250927_044117,2
68d76ee998bdfade50c3311d,1518,68ce563352b33355379e0032,Feedback regarding General,Feedback,General,Positive,,257903,257902,,,,,,,,,,,,,,,,,,,177359,Delta,,,,,,,,,,,,,,,,,,,Customer,Service Provider,,,,,,,,,,,,,,,,,,,true,false,,,,,,,,,,,,,,,,,,,Thu Oct 05 20:10:19 +0000 2017,Thu Oct 05 20:12:33 +0000 2017,,,,,,,,,,,,,,,,,,,Was pleasantly surprised when my @Delta pilot Mike walked through the cabin to introduce himself personally. So nice!  #DENtoMSP,@177359 Hi Staci. Thank you for the shout out. We are so happy Mike did that and glad it made you smile.  *TMS,,,,,,,,,,,,,,,,,,,2025-09-27T04:58:17.526Z,job_20250927_044117,2
68d76ef898bdfade50c3311e,1520,68ce563352b33355379e0034,Feedback regarding General,Feedback,General,Positive,,257910,257909,,,,,,,,,,,,,,,,,,,177361,Delta,,,,,,,,,,,,,,,,,,,Customer,Service Provider,,,,,,,,,,,,,,,,,,,true,false,,,,,,,,,,,,,,,,,,,Thu Oct 05 20:04:27 +0000 2017,Thu Oct 05 20:11:53 +0000 2017,,,,,,,,,,,,,,,,,,,@Delta always amazing service and awesome flying with you! From #tokyo #japan to #ottawa #Canada was great;),"@177361 Thank you for your kind words, Chris. We love having you on board with us! Happy travels! :-) *AAB",,,,,,,,,,,,,,,,,,,2025-09-27T04:58:32.775Z,job_20250927_044117,2
68d76f1398bdfade50c3311f,1522,68ce563352b33355379e0036,Complaint regarding Travel,Complaint,Travel,Negative,,257920,257918,257919,257921,,,,,,,,,,,,,,,,,177363,Delta,177363,177363,,,,,,,,,,,,,,,,,Customer,Service Provider,Customer,Customer,,,,,,,,,,,,,,,,,true,false,true,true,,,,,,,,,,,,,,,,,Thu Oct 05 20:04:07 +0000 2017,Thu Oct 05 20:08:54 +0000 2017,Thu Oct 05 20:15:02 +0000 2017,Thu Oct 05 20:17:58 +0000 2017,,,,,,,,,,,,,,,,,"@Delta  my bag after DL4072 JFK to YYZ. Bought 9/29/17. Website errors out when attempting to file a claim. Spoke to 2 reps, no resolution. https://t.co/b970tSsr3Q",@177363 https://t.co/9MuDnQcztE *HEC,@Delta I've done that......at least half a dozen times.  Your website errors out and doesn't register the complaint (see picture) https://t.co/kcKEG6qMNt,@Delta  https://t.co/5yFVD6xvHR,,,,,,,,,,,,,,,,,2025-09-27T04:58:59.920Z,job_20250927_044117,2
68d76f2b98bdfade50c33120,1526,68ce563352b33355379e003a,Order Status regarding Shipping/Delivery,Order Status,Shipping/Delivery,Negative,,257946,257945,257944,257943,,,,,,,,,,,,,,,,,177367,Delta,177367,Delta,,,,,,,,,,,,,,,,,Customer,Service Provider,Customer,Service Provider,,,,,,,,,,,,,,,,,true,false,true,false,,,,,,,,,,,,,,,,,Thu Oct 05 18:13:34 +0000 2017,Thu Oct 05 18:50:36 +0000 2017,Thu Oct 05 19:37:52 +0000 2017,Thu Oct 05 19:53:50 +0000 2017,,,,,,,,,,,,,,,,,Damn @177074 and I got delayed almost 4 hours what's up @Delta ? 30 minutes sure but really? How does this even happen?,@177367 Oh no! So sorry about the delay. Pls DM your confirmation and I'll be happy to look into this for you.  *TJE https://t.co/6iDGBJAc2m,"@Delta Messaged 40 minutes ago, let me know !",@177367 Please check your DM. *TJE,,,,,,,,,,,,,,,,,2025-09-27T04:59:23.496Z,job_20250927_044117,2
68d76f3b98bdfade50c33121,1527,68ce563352b33355379e003b,Order Status regarding Shipping/Delivery,Order Status,Shipping/Delivery,Negative,,257949,257948,,,,,,,,,,,,,,,,,,,177368,Delta,,,,,,,,,,,,,,,,,,,Customer,Service Provider,,,,,,,,,,,,,,,,,,,true,false,,,,,,,,,,,,,,,,,,,Thu Oct 05 19:36:04 +0000 2017,Thu Oct 05 19:51:30 +0000 2017,,,,,,,,,,,,,,,,,,,Guess this is the 7% of the time :( @Delta https://t.co/IUEhqLWbvH,"@177368 Yikes, know it is not our intention to delay or inconvenience you. Pls advise if any re-booking assistance is needed.  *AST",,,,,,,,,,,,,,,,,,,2025-09-27T04:59:39.606Z,job_20250927_044117,2
68d76f4a98bdfade50c33122,1529,68ce563352b33355379e003d,Technical Support regarding Travel/Flight,Technical Support,Travel/Flight,Neutral,,257953,257952,,,,,,,,,,,,,,,,,,,177370,Delta,,,,,,,,,,,,,,,,,,,Customer,Service Provider,,,,,,,,,,,,,,,,,,,true,false,,,,,,,,,,,,,,,,,,,Thu Oct 05 19:27:39 +0000 2017,Thu Oct 05 19:47:34 +0000 2017,,,,,,,,,,,,,,,,,,,@Delta flying MSP/LAS next week. Same plane but had seats pushed back six rows. What gives??,@177370 Thanks for reaching out to us. Please DM me your confirmation number and I'll look into this for you. *AMC,,,,,,,,,,,,,,,,,,,2025-09-27T04:59:54.460Z,job_20250927_044117,2
68d76f5a98bdfade50c33123,1530,68ce563352b33355379e003e,Technical Support regarding Travel,Technical Support,Travel,Neutral,,257955,257954,,,,,,,,,,,,,,,,,,,177371,Delta,,,,,,,,,,,,,,,,,,,Customer,Service Provider,,,,,,,,,,,,,,,,,,,true,false,,,,,,,,,,,,,,,,,,,Thu Oct 05 19:36:52 +0000 2017,Thu Oct 05 19:45:32 +0000 2017,,,,,,,,,,,,,,,,,,,@Delta turn the air on in your planes. It's 100 degrees,@177371 Oh No! Please reach out to our flight crew for assistance with that. Thank you.  *HRO,,,,,,,,,,,,,,,,,,,2025-09-27T05:00:10.175Z,job_20250927_044117,2
68d76f6f98bdfade50c33124,1532,68ce563352b33355379e0040,Technical Support regarding Travel/Transportation,Technical Support,Travel/Transportation,Negative,,257961,257959,257960,,,,,,,,,,,,,,,,,,177373,AlaskaAir,177373,,,,,,,,,,,,,,,,,,Customer,Service Provider,Customer,,,,,,,,,,,,,,,,,,true,false,true,,,,,,,,,,,,,,,,,,Thu Oct 05 19:48:04 +0000 2017,Thu Oct 05 19:51:10 +0000 2017,Thu Oct 05 19:52:25 +0000 2017,,,,,,,,,,,,,,,,,,Never flying @AlaskaAir after they changed my flight to a time that wouldn't match my @Delta flight and refused to rebook me elsewhere,"@177373 @Delta Sincere apologies, Please contact our Reservations desk to assist at 800-252-7522 -Suli","@AlaskaAir @Delta I did, but they said they didn't have another flight from SEA to YYJ on Monday and wouldn't book me on another airline.",,,,,,,,,,,,,,,,,,2025-09-27T05:00:31.403Z,job_20250927_044117,2
68d76f7d98bdfade50c33125,1533,68ce563352b33355379e0041,Other regarding General,Other,General,Neutral,,258995,258993,258992,,,,,,,,,,,,,,,,,,171688,177579,Delta,,,,,,,,,,,,,,,,,,Customer,Customer,Service Provider,,,,,,,,,,,,,,,,,,true,true,false,,,,,,,,,,,,,,,,,,Thu Oct 05 11:51:47 +0000 2017,Thu Oct 05 20:24:35 +0000 2017,Thu Oct 05 20:26:29 +0000 2017,,,,,,,,,,,,,,,,,,My @Delta upgrade streak is over at 45. Next one starts on next segment. 😄✈️,@171688 @Delta Pretty good run guys.,"@177579 Thanks Steven, have a great week. 😊 *TBT",,,,,,,,,,,,,,,,,,2025-09-27T05:00:45.790Z,job_20250927_044117,2
68d76f8d98bdfade50c33126,1534,68ce563352b33355379e0042,Technical Support regarding Travel/Booking,Technical Support,Travel/Booking,Neutral,,258999,258998,,,,,,,,,,,,,,,,,,,177580,Delta,,,,,,,,,,,,,,,,,,,Customer,Service Provider,,,,,,,,,,,,,,,,,,,true,false,,,,,,,,,,,,,,,,,,,Thu Oct 05 20:23:07 +0000 2017,Thu Oct 05 20:26:17 +0000 2017,,,,,,,,,,,,,,,,,,,@Delta res#GOHLJC.  I can’t select request for DL Comfort on my CLT-ATL leg. Keep getting an error msg,@177580 I'll be happy to look into this for you.  One moment please.  *HML,,,,,,,,,,,,,,,,,,,2025-09-27T05:01:01.408Z,job_20250927_044117,2
68d76f9a98bdfade50c33127,1536,68ce563352b33355379e0044,Feedback regarding General,Feedback,General,Positive,,259006,259005,,,,,,,,,,,,,,,,,,,177583,Delta,,,,,,,,,,,,,,,,,,,Customer,Service Provider,,,,,,,,,,,,,,,,,,,true,false,,,,,,,,,,,,,,,,,,,Thu Oct 05 20:17:49 +0000 2017,Thu Oct 05 20:20:18 +0000 2017,,,,,,,,,,,,,,,,,,,Fantastic customer service from @140508  and @delta today. Thank you!,@177583 You are very welcome! Thanks for choosing to fly with us. *AMC,,,,,,,,,,,,,,,,,,,2025-09-27T05:01:14.374Z,job_20250927_044117,2
68d76fac98bdfade50c33128,1539,68ce563352b33355379e0047,Technical Support regarding Travel/Transportation,Technical Support,Travel/Transportation,Neutral,,259013,259012,,,,,,,,,,,,,,,,,,,177586,AlaskaAir,,,,,,,,,,,,,,,,,,,Customer,Service Provider,,,,,,,,,,,,,,,,,,,true,false,,,,,,,,,,,,,,,,,,,Thu Oct 05 20:22:55 +0000 2017,Thu Oct 05 20:24:38 +0000 2017,,,,,,,,,,,,,,,,,,,Rebooking some flights for a gig. Bounced between @delta and @AlaskaAir for the last hour with no help. Where’s the customer service?,@177586 @Delta Sorry to hear. Pls Dm us your confirm. code?  -Suli https://t.co/t4ooDR29zz,,,,,,,,,,,,,,,,,,,2025-09-27T05:01:32.100Z,job_20250927_044117,2
68d76fce98bdfade50c33129,1541,68ce563352b33355379e0049,Order Status regarding Travel,Order Status,Travel,Negative,,259347,259346,259345,259344,259342,259340,259341,259343,,,,,,,,,,,,,177674,Delta,177674,Delta,177674,Delta,177674,177674,,,,,,,,,,,,,Customer,Service Provider,Customer,Service Provider,Customer,Service Provider,Customer,Customer,,,,,,,,,,,,,true,false,true,false,true,false,true,true,,,,,,,,,,,,,Mon Jul 24 18:43:27 +0000 2017,Mon Jul 24 19:08:36 +0000 2017,Tue Jul 25 15:52:11 +0000 2017,Tue Jul 25 17:17:40 +0000 2017,Wed Jul 26 03:26:10 +0000 2017,Wed Jul 26 04:32:08 +0000 2017,Wed Jul 26 04:59:46 +0000 2017,Thu Oct 05 20:10:03 +0000 2017,,,,,,,,,,,,,Today my flight was delayed by 7 hours. @Delta I'm coming to collect my coin fam.,"@177674 Hey Tamika, my apologies for this experience. If we can assist with flt info or offer rebook help, pls let us know. *AVM",@Delta Sure. I'd like to submit a reimbursement request (not TCV) for flight DL37 from LHR to PDX 07/24/17. Thanks!,@177674 Hi Tamika. May I have your confirmation number? *ALS,@Delta  https://t.co/b61oIyuk4d,"@177674 Tamika, the ticket is showing a flown status, so you are ineligible for a refund. *ACJ",@Delta Even when it was delayed by 7 hours? Interesting.,@Delta Moral of the story: never try play your girl. Thanks for the refund babes x,,,,,,,,,,,,,2025-09-27T05:02:06.505Z,job_20250927_044117,2
68d76fe198bdfade50c3312a,1542,68ce563352b33355379e004a,Feedback regarding Customer Service,Feedback,Customer Service,Positive,,259496,259495,,,,,,,,,,,,,,,,,,,177711,Delta,,,,,,,,,,,,,,,,,,,Customer,Service Provider,,,,,,,,,,,,,,,,,,,true,false,,,,,,,,,,,,,,,,,,,Thu Oct 05 20:36:51 +0000 2017,Thu Oct 05 20:41:19 +0000 2017,,,,,,,,,,,,,,,,,,,"@delta I met the most awesome Flight Attendant on 9/28 Flt 1158 CLE-ATL. Russ is awesome, personable, professional &amp; an all around great guy",@177711 Thanks for the shout out. Our flight attendants are great! I'll be sure to pass this along to our leadership team.  *TCH,,,,,,,,,,,,,,,,,,,2025-09-27T05:02:25.885Z,job_20250927_044117,2
68d76ff098bdfade50c3312b,1548,68ce563352b33355379e0050,Feedback regarding General,Feedback,General,Positive,,259515,259514,,,,,,,,,,,,,,,,,,,177718,Delta,,,,,,,,,,,,,,,,,,,Customer,Service Provider,,,,,,,,,,,,,,,,,,,true,false,,,,,,,,,,,,,,,,,,,Thu Oct 05 20:27:41 +0000 2017,Thu Oct 05 20:29:53 +0000 2017,,,,,,,,,,,,,,,,,,,@Delta I just spoke with Tashika in reservations and she was more than awesome. Give her a raise.,@177718 Very nice to hear. Can you please follow and DM your conf. # so I can forward the compliment.  *AST,,,,,,,,,,,,,,,,,,,2025-09-27T05:02:40.722Z,job_20250927_044117,2
